{"type":"FeatureCollection","source":{"repository":"https://github.com/thanglequoc/vietnamese-provinces-database","revision":"8b78ba5118715e1fa81769286724db79346abf52","snapshot":"geojson_11Mar2026","upstream":"https://sapnhap.bando.com.vn","offshoreRepository":"https://github.com/nguyenduy1133/Free-GIS-Data","offshoreRevision":"ccb9f4ae992418bfeefd06da1eb42d0249632176","note":"Dữ liệu tham khảo cộng đồng; ranh giới giản lược để hiển thị. Đối chiếu nguồn chính thức trước khi nộp."},"features":[{"geometry":{"coordinates":[[[[107.45122,20.71739],[107.44894,20.71736],[107.44622,20.71812],[107.44464,20.71868],[107.4444,20.71975],[107.44572,20.72284],[107.44663,20.72414],[107.44797,20.72424],[107.45045,20.72469],[107.45327,20.72644],[107.47073,20.7419],[107.46748,20.72994],[107.46187,20.72428],[107.45658,20.7191],[107.45358,20.71789],[107.45122,20.71739]]],[[[107.38655,20.74627],[107.38515,20.74623],[107.38427,20.74696],[107.38429,20.74786],[107.38621,20.75333],[107.38847,20.75556],[107.39042,20.75817],[107.39689,20.75796],[107.39738,20.75693],[107.39733,20.75359],[107.39675,20.75276],[107.38655,20.74627]]],[[[107.13038,20.7649],[107.14077,20.76776],[107.14736,20.76224],[107.15223,20.75103],[107.14274,20.75252],[107.14024,20.74987],[107.1392,20.74804],[107.13864,20.74684],[107.14881,20.74614],[107.15364,20.73862],[107.12833,20.74121],[107.12135,20.75987],[107.12444,20.7676],[107.13038,20.7649]]],[[[107.48862,20.7721],[107.48826,20.76983],[107.48659,20.76484],[107.48142,20.75912],[107.47962,20.75795],[107.47728,20.75805],[107.47375,20.75977],[107.47162,20.76177],[107.47755,20.7713],[107.48417,20.77174],[107.49063,20.77858],[107.48862,20.7721]]],[[[107.41395,20.78135],[107.41352,20.77826],[107.4138,20.77556],[107.41314,20.7739],[107.41103,20.77327],[107.40848,20.77283],[107.40572,20.77854],[107.39906,20.77941],[107.39794,20.80081],[107.39997,20.80496],[107.40238,20.80851],[107.40398,20.80951],[107.41814,20.80095],[107.41395,20.78135]]],[[[107.12619,20.79582],[107.13369,20.79816],[107.13982,20.78418],[107.13797,20.78291],[107.13491,20.78145],[107.13351,20.77989],[107.13254,20.77413],[107.13182,20.77265],[107.13053,20.77147],[107.12232,20.76984],[107.11462,20.7869],[107.11645,20.7953],[107.11225,20.80401],[107.1124,20.81689],[107.12291,20.81177],[107.12619,20.79582]]],[[[107.17822,20.82136],[107.17115,20.81824],[107.17623,20.81508],[107.16438,20.8132],[107.16771,20.81649],[107.16363,20.82181],[107.16929,20.82059],[107.17614,20.82976],[107.17822,20.82136]]],[[[107.25611,20.83837],[107.26189,20.83763],[107.25877,20.83629],[107.25859,20.83275],[107.25239,20.83955],[107.25283,20.84004],[107.25501,20.84116],[107.25554,20.84118],[107.25611,20.83837]]],[[[107.08322,20.83591],[107.08516,20.8332],[107.08392,20.83153],[107.08197,20.83101],[107.0804,20.83114],[107.07063,20.83821],[107.07696,20.84122],[107.08322,20.83591]]],[[[107.2093,20.83917],[107.21298,20.83482],[107.2017,20.84075],[107.20493,20.84293],[107.2093,20.83917]]],[[[107.11872,20.84015],[107.12044,20.84013],[107.12185,20.84019],[107.1228,20.83996],[107.12536,20.83509],[107.11745,20.83372],[107.11115,20.84168],[107.11143,20.84214],[107.11327,20.84319],[107.11431,20.84365],[107.11872,20.84015]]],[[[107.1565,20.84093],[107.16342,20.84704],[107.16984,20.84291],[107.17302,20.83369],[107.16188,20.82868],[107.16129,20.8331],[107.15196,20.84038],[107.15689,20.84917],[107.1565,20.84093]]],[[[107.25395,20.84954],[107.25021,20.84422],[107.24465,20.8449],[107.24212,20.84862],[107.2467,20.84914],[107.24996,20.85307],[107.25395,20.84954]]],[[[107.17518,20.8517],[107.18226,20.84901],[107.18534,20.84195],[107.17727,20.84256],[107.17121,20.84718],[107.17131,20.85434],[107.17518,20.8517]]],[[[107.3444,20.8527],[107.34168,20.84591],[107.34685,20.82944],[107.34843,20.82902],[107.34929,20.82935],[107.35051,20.83719],[107.35649,20.84508],[107.3628,20.82762],[107.37466,20.82545],[107.37815,20.8301],[107.37925,20.83043],[107.38053,20.83024],[107.38131,20.82948],[107.37872,20.82384],[107.37862,20.82132],[107.37838,20.81375],[107.37877,20.80773],[107.38209,20.79782],[107.38133,20.79611],[107.37992,20.79515],[107.36663,20.80704],[107.35793,20.80842],[107.35037,20.80881],[107.34799,20.80878],[107.345,20.80435],[107.34354,20.80449],[107.34208,20.80537],[107.34019,20.83286],[107.33209,20.8535],[107.33885,20.85283],[107.33998,20.85442],[107.34085,20.85579],[107.34141,20.85607],[107.34231,20.85565],[107.3444,20.8527]]],[[[107.28829,20.85545],[107.28314,20.84482],[107.29052,20.84883],[107.29149,20.84872],[107.29265,20.84827],[107.29436,20.8472],[107.29466,20.84638],[107.29387,20.84491],[107.28274,20.83779],[107.26804,20.83588],[107.26591,20.84121],[107.26679,20.84364],[107.26855,20.84797],[107.26974,20.84958],[107.28162,20.85482],[107.28514,20.85955],[107.28974,20.85758],[107.28947,20.85653],[107.28829,20.85545]]],[[[107.05053,20.85239],[107.05549,20.85021],[107.05029,20.8488],[107.04323,20.85369],[107.04255,20.85463],[107.04145,20.85762],[107.04154,20.85844],[107.05157,20.85635],[107.05053,20.85239]]],[[[107.09654,20.85492],[107.10063,20.84966],[107.09538,20.84853],[107.10293,20.84303],[107.10047,20.83398],[107.10544,20.83679],[107.10676,20.83663],[107.10776,20.836],[107.10856,20.83522],[107.10517,20.8324],[107.10864,20.82963],[107.10868,20.82901],[107.1076,20.82783],[107.10672,20.82717],[107.09386,20.83421],[107.09745,20.83985],[107.09381,20.84554],[107.09234,20.8456],[107.09157,20.84509],[107.09092,20.84246],[107.09022,20.83913],[107.08973,20.83679],[107.08222,20.8419],[107.08185,20.8441],[107.08197,20.84568],[107.083,20.84662],[107.08879,20.84627],[107.08706,20.85317],[107.09359,20.85481],[107.09569,20.85966],[107.09691,20.85969],[107.09767,20.85935],[107.09816,20.85848],[107.09654,20.85492]]],[[[107.27882,20.86424],[107.2754,20.86863],[107.27816,20.87139],[107.28465,20.86732],[107.27882,20.86424]]],[[[107.26611,20.87194],[107.27275,20.86416],[107.27163,20.8605],[107.26254,20.861],[107.26596,20.86516],[107.26194,20.87048],[107.25984,20.87047],[107.25814,20.86303],[107.25396,20.86733],[107.25723,20.87412],[107.26611,20.87194]]],[[[106.89061,20.84478],[106.88761,20.84439],[106.87958,20.84735],[106.87681,20.84977],[106.87569,20.85121],[106.87507,20.85307],[106.8878,20.87432],[106.8897,20.87376],[106.89083,20.87256],[106.89279,20.86692],[106.89458,20.86248],[106.89619,20.85893],[106.89746,20.849],[106.89061,20.84478]]],[[[107.29791,20.87596],[107.29878,20.87475],[107.29963,20.87408],[107.30058,20.87398],[107.30424,20.87668],[107.30262,20.87225],[107.3032,20.87114],[107.3048,20.86956],[107.30568,20.86925],[107.30922,20.87586],[107.3097,20.87595],[107.31017,20.87561],[107.31129,20.87416],[107.30572,20.86749],[107.2995,20.87038],[107.30279,20.86126],[107.30177,20.86112],[107.2996,20.86201],[107.29813,20.86347],[107.29727,20.87397],[107.29264,20.87465],[107.29269,20.87537],[107.29434,20.87747],[107.29517,20.87802],[107.29568,20.87793],[107.29612,20.87753],[107.29791,20.87596]]],[[[107.06448,20.8703],[107.07056,20.86266],[107.06631,20.85799],[107.06159,20.86178],[107.06186,20.86287],[107.06215,20.86569],[107.06208,20.86787],[107.0581,20.8695],[107.05584,20.8775],[107.06566,20.87422],[107.0659,20.87357],[107.06469,20.87176],[107.06448,20.8703]]],[[[107.24116,20.86606],[107.23267,20.872],[107.22892,20.87844],[107.23789,20.87516],[107.23682,20.87102],[107.24116,20.86606]]],[[[107.01306,20.87798],[107.01066,20.87509],[107.01229,20.87142],[107.01557,20.87721],[107.02279,20.87474],[107.02294,20.87421],[107.0223,20.87259],[107.02168,20.87131],[107.01037,20.86972],[107.01193,20.86459],[107.00645,20.86614],[107.00246,20.87206],[107.00716,20.87731],[107.01306,20.87798]]],[[[107.13087,20.87817],[107.13864,20.87793],[107.13822,20.87329],[107.14499,20.87374],[107.15007,20.86607],[107.14842,20.86471],[107.1474,20.86429],[107.14669,20.86463],[107.14429,20.87092],[107.13705,20.86949],[107.12636,20.87927],[107.13087,20.87817]]],[[[107.03719,20.88086],[107.04345,20.87598],[107.04523,20.86948],[107.04515,20.86872],[107.0439,20.86666],[107.04324,20.86624],[107.04241,20.86632],[107.04081,20.86673],[107.04024,20.86699],[107.03994,20.87036],[107.03642,20.86965],[107.03411,20.87929],[107.02759,20.8766],[107.02937,20.88382],[107.03719,20.88086]]],[[[107.2039,20.8863],[107.21068,20.87547],[107.21448,20.88121],[107.21535,20.88167],[107.21622,20.88171],[107.21732,20.88093],[107.21565,20.86921],[107.22003,20.86352],[107.22135,20.86257],[107.22267,20.86188],[107.22359,20.86197],[107.22145,20.86772],[107.22612,20.87018],[107.22758,20.86581],[107.23247,20.86655],[107.2325,20.86385],[107.21984,20.85869],[107.21763,20.85854],[107.21649,20.8594],[107.21634,20.85952],[107.21635,20.86483],[107.20906,20.8617],[107.20767,20.86248],[107.20326,20.86494],[107.20188,20.87064],[107.19147,20.87555],[107.18934,20.87755],[107.18589,20.88094],[107.18509,20.88268],[107.18807,20.88676],[107.19585,20.88606],[107.1984,20.88976],[107.19998,20.88933],[107.20282,20.88706],[107.2039,20.8863]]],[[[106.99778,20.89296],[106.99692,20.88871],[106.99638,20.88757],[106.99188,20.8849],[106.98721,20.88671],[106.98611,20.87851],[106.99312,20.87811],[106.99533,20.87098],[106.97848,20.87222],[106.98197,20.87408],[106.98326,20.87915],[106.97976,20.87987],[106.97733,20.88951],[106.97855,20.8896],[106.98027,20.88962],[106.98103,20.8894],[106.98266,20.88629],[106.98589,20.89109],[106.99301,20.8899],[106.9967,20.89477],[106.99735,20.89473],[106.99788,20.89436],[106.99778,20.89296]]],[[[107.34332,20.88851],[107.34457,20.88687],[107.34547,20.88605],[107.34669,20.88584],[107.35232,20.89164],[107.35995,20.88862],[107.37253,20.89279],[107.37425,20.89248],[107.37566,20.89156],[107.37747,20.89029],[107.38461,20.89157],[107.38555,20.88659],[107.39234,20.88511],[107.39272,20.87703],[107.37132,20.87752],[107.38848,20.86973],[107.38937,20.86814],[107.38986,20.8667],[107.38969,20.8656],[107.38062,20.86774],[107.36911,20.85982],[107.36555,20.85963],[107.36346,20.85952],[107.35855,20.86417],[107.35038,20.86175],[107.34847,20.86321],[107.34513,20.86737],[107.34375,20.86997],[107.33843,20.88772],[107.33506,20.87343],[107.32692,20.87994],[107.32829,20.89593],[107.34332,20.88851]]],[[[107.0088,20.89311],[107.0136,20.88005],[107.01289,20.87992],[107.01173,20.88032],[107.01016,20.88105],[107.00695,20.8883],[107.00115,20.8803],[107.0003,20.89273],[107.00375,20.89226],[107.00534,20.89717],[107.00692,20.89705],[107.00813,20.89694],[107.00873,20.89607],[107.0088,20.89311]]],[[[106.96598,20.88923],[106.96635,20.88794],[106.96595,20.88633],[106.9646,20.88538],[106.95813,20.88699],[106.95214,20.88359],[106.94808,20.88546],[106.95272,20.88677],[106.9531,20.89261],[106.95625,20.88866],[106.95735,20.88854],[106.95945,20.88838],[106.96094,20.8885],[106.96357,20.89704],[106.96598,20.88923]]],[[[107.34072,20.89807],[107.34856,20.89966],[107.35222,20.89548],[107.35107,20.89301],[107.34831,20.8941],[107.3485,20.89034],[107.34803,20.88949],[107.34622,20.88855],[107.34556,20.88845],[107.33738,20.90094],[107.34072,20.89807]]],[[[107.44181,20.90028],[107.44888,20.90092],[107.4496,20.90037],[107.44997,20.89962],[107.44995,20.89891],[107.44465,20.89307],[107.42933,20.8854],[107.42225,20.89115],[107.41382,20.89294],[107.41722,20.89677],[107.44245,20.9066],[107.44181,20.90028]]],[[[107.32134,20.87331],[107.30269,20.88795],[107.28912,20.90826],[107.30441,20.89823],[107.31328,20.8846],[107.32182,20.87714],[107.32237,20.87566],[107.32231,20.87409],[107.32134,20.87331]]],[[[107.02093,20.91036],[107.02156,20.9084],[107.02238,20.90533],[107.02253,20.90437],[107.01815,20.9006],[107.01299,20.90616],[107.00744,20.90551],[107.0154,20.91569],[107.01658,20.91591],[107.01794,20.91547],[107.01961,20.91458],[107.02036,20.91372],[107.02085,20.91237],[107.02093,20.91036]]],[[[107.3217,20.88392],[107.31486,20.88569],[107.30666,20.89838],[107.3051,20.92102],[107.31217,20.9144],[107.3217,20.88392]]],[[[107.32685,20.92627],[107.33642,20.92353],[107.34065,20.92307],[107.34767,20.91613],[107.33828,20.91522],[107.31967,20.92064],[107.32157,20.9224],[107.31888,20.92405],[107.30912,20.92422],[107.31579,20.929],[107.31816,20.92893],[107.32275,20.92765],[107.32685,20.92627]]],[[[106.96782,20.93974],[106.98344,20.94315],[106.99377,20.93962],[106.99633,20.93181],[106.99147,20.9276],[106.99154,20.91814],[106.98399,20.91874],[106.98,20.9296],[106.97555,20.92502],[106.98143,20.91978],[106.98024,20.91494],[106.9691,20.91779],[106.96013,20.92531],[106.95891,20.92675],[106.95812,20.92939],[106.95762,20.93259],[106.95818,20.93774],[106.95934,20.94232],[106.96101,20.94391],[106.96266,20.94435],[106.96437,20.94427],[106.96782,20.93974]]],[[[107.29557,20.94192],[107.29632,20.9411],[107.29637,20.9403],[107.29595,20.93959],[107.29064,20.94019],[107.28899,20.93604],[107.28237,20.94153],[107.28909,20.94054],[107.28848,20.94626],[107.29557,20.94192]]],[[[107.10437,20.93556],[107.10777,20.92865],[107.10567,20.92832],[107.10491,20.92839],[107.10052,20.93525],[107.09819,20.92972],[107.09661,20.93273],[107.09369,20.93118],[107.09692,20.93921],[107.09202,20.94551],[107.10437,20.93556]]],[[[107.0859,20.9426],[107.07823,20.93493],[107.07731,20.93494],[107.07604,20.93537],[107.07525,20.93607],[107.07475,20.94106],[107.08094,20.94242],[107.08213,20.94811],[107.0877,20.94365],[107.08766,20.94308],[107.08695,20.94268],[107.0859,20.9426]]],[[[107.39083,20.94887],[107.39386,20.93779],[107.38585,20.94224],[107.37812,20.93999],[107.39163,20.95556],[107.39223,20.95498],[107.39305,20.95378],[107.39369,20.95098],[107.39083,20.94887]]],[[[107.53618,20.91707],[107.53161,20.91291],[107.52728,20.90939],[107.52061,20.90268],[107.51441,20.88292],[107.51171,20.88138],[107.50796,20.88036],[107.50588,20.8791],[107.50271,20.87621],[107.49936,20.87217],[107.49432,20.86695],[107.48995,20.84723],[107.47791,20.81974],[107.46847,20.81572],[107.46743,20.81716],[107.46684,20.81832],[107.46701,20.81954],[107.47191,20.83029],[107.47705,20.83702],[107.47985,20.84487],[107.48154,20.8596],[107.48995,20.87002],[107.49015,20.8731],[107.48973,20.87511],[107.48748,20.87751],[107.48173,20.88032],[107.4752,20.88213],[107.47392,20.88337],[107.47397,20.88616],[107.49644,20.88024],[107.49791,20.88081],[107.5055,20.88377],[107.50829,20.88631],[107.51116,20.89386],[107.51128,20.89673],[107.51086,20.89895],[107.5096,20.90084],[107.50081,20.89502],[107.47802,20.89599],[107.47674,20.89702],[107.47676,20.89852],[107.4774,20.90023],[107.51465,20.91553],[107.52586,20.91529],[107.52623,20.91545],[107.52901,20.9166],[107.53071,20.91794],[107.53685,20.92925],[107.53632,20.93871],[107.54921,20.95672],[107.54957,20.94604],[107.55616,20.93476],[107.53618,20.91707]]],[[[107.30335,20.95529],[107.30857,20.95546],[107.30891,20.95498],[107.30867,20.9534],[107.30853,20.95253],[107.30096,20.95055],[107.30083,20.95425],[107.29572,20.9574],[107.29717,20.95854],[107.29797,20.95874],[107.30335,20.95529]]],[[[107.38204,20.96124],[107.38153,20.95781],[107.38856,20.96184],[107.3802,20.94879],[107.3642,20.93366],[107.3598,20.93097],[107.35676,20.92939],[107.34987,20.92666],[107.33577,20.92729],[107.309,20.9367],[107.3123,20.94351],[107.31372,20.93812],[107.32455,20.94343],[107.33678,20.94499],[107.33773,20.9407],[107.34135,20.93937],[107.33852,20.93729],[107.34069,20.93636],[107.34521,20.93887],[107.34558,20.94225],[107.36253,20.9479],[107.37352,20.96142],[107.38204,20.96124]]],[[[107.2164,20.96288],[107.2107,20.96014],[107.21277,20.95823],[107.21055,20.95447],[107.21476,20.95313],[107.21461,20.95161],[107.21434,20.95099],[107.20903,20.95264],[107.20396,20.94999],[107.20365,20.95044],[107.20286,20.95478],[107.20328,20.95722],[107.20796,20.96472],[107.21671,20.96693],[107.2164,20.96288]]],[[[106.90099,20.96417],[106.91441,20.96321],[106.91582,20.95421],[106.9151,20.95369],[106.91144,20.95335],[106.90884,20.95352],[106.89336,20.96048],[106.89275,20.96465],[106.89323,20.96574],[106.90099,20.96417]]],[[[107.44858,20.95302],[107.44612,20.94689],[107.41878,20.92162],[107.40321,20.91373],[107.39923,20.91702],[107.38513,20.90816],[107.35331,20.90159],[107.34463,20.90565],[107.40323,20.92084],[107.40807,20.92388],[107.41113,20.92659],[107.41912,20.94934],[107.42509,20.95054],[107.44894,20.97043],[107.45024,20.97034],[107.45228,20.96902],[107.45271,20.96751],[107.44858,20.95302]]],[[[107.31235,20.9595],[107.30414,20.95907],[107.29915,20.96523],[107.2992,20.96613],[107.29989,20.96794],[107.30558,20.97187],[107.31235,20.9595]]],[[[107.23084,20.97349],[107.23327,20.96743],[107.22668,20.96542],[107.22242,20.97321],[107.22384,20.97458],[107.22482,20.97567],[107.22577,20.97594],[107.23084,20.97349]]],[[[107.28577,20.98742],[107.28969,20.99053],[107.29568,20.98907],[107.28618,20.98296],[107.28007,20.99149],[107.28577,20.98742]]],[[[107.75328,21.01338],[107.75836,21.01336],[107.77357,20.99669],[107.77703,20.99443],[107.78036,20.99246],[107.7834,20.99181],[107.78434,20.99084],[107.78443,20.98887],[107.78388,20.98649],[107.7789,20.98227],[107.7791,20.98926],[107.76634,20.99759],[107.76419,20.99798],[107.76258,20.99705],[107.7611,20.98573],[107.77468,20.98431],[107.77398,20.9774],[107.77806,20.97124],[107.75942,20.95656],[107.74852,20.95488],[107.74558,20.9474],[107.73648,20.94337],[107.74669,20.95903],[107.75916,20.96695],[107.76021,20.96854],[107.76102,20.97086],[107.76055,20.97338],[107.75929,20.97692],[107.75605,20.98068],[107.74959,20.98574],[107.73381,20.99214],[107.73531,21.00096],[107.73025,21.00635],[107.74335,21.02328],[107.75328,21.01338]]],[[[107.44594,21.02534],[107.4505,21.0269],[107.44914,21.01885],[107.44416,21.02198],[107.43966,21.00828],[107.4323,21.01273],[107.43644,21.02022],[107.44158,21.02287],[107.44121,21.02847],[107.44594,21.02534]]],[[[107.53771,21.02062],[107.53549,21.0249],[107.5395,21.04219],[107.54504,21.04459],[107.54517,21.03422],[107.53804,21.02525],[107.53776,21.02377],[107.53789,21.022],[107.53771,21.02062]]],[[[107.8593,21.04108],[107.85751,21.03389],[107.8618,21.0285],[107.84169,21.01803],[107.83135,21.0059],[107.83398,21.00024],[107.8284,21.00111],[107.81963,20.99445],[107.8174,20.99103],[107.81937,20.98419],[107.81072,20.98379],[107.80981,20.98303],[107.80908,20.98119],[107.80809,20.97948],[107.80597,20.97814],[107.80393,20.97763],[107.80291,20.97795],[107.80236,20.97879],[107.80182,20.98036],[107.80209,20.98125],[107.80703,20.98749],[107.80286,20.99569],[107.80853,20.99965],[107.80533,21.00508],[107.8131,21.00931],[107.81282,21.01463],[107.81789,21.02356],[107.82285,21.03064],[107.82464,21.03073],[107.82788,21.03056],[107.82954,21.03143],[107.83054,21.03714],[107.83189,21.03748],[107.83361,21.03769],[107.83458,21.03869],[107.83358,21.04301],[107.83493,21.04394],[107.83666,21.04457],[107.83749,21.04437],[107.84528,21.03947],[107.85323,21.04596],[107.8593,21.04108]]],[[[107.55438,21.03028],[107.54989,21.02941],[107.54956,21.02506],[107.54398,21.01982],[107.54073,21.00375],[107.54717,20.9925],[107.5369,20.97774],[107.52381,20.93947],[107.52245,20.93846],[107.5208,20.93831],[107.51999,20.9374],[107.51985,20.93626],[107.52054,20.93401],[107.521,20.93228],[107.51395,20.92264],[107.46133,20.90707],[107.44912,20.90696],[107.45855,20.91267],[107.45839,20.91393],[107.45775,20.91578],[107.45674,20.91717],[107.45522,20.91782],[107.45327,20.91768],[107.4098,20.90169],[107.40651,20.89934],[107.40483,20.89602],[107.40216,20.89415],[107.39695,20.8925],[107.394,20.89293],[107.39321,20.89408],[107.3929,20.9003],[107.39314,20.9023],[107.40405,20.90454],[107.41846,20.91532],[107.42081,20.91587],[107.4252,20.91657],[107.42848,20.91814],[107.46419,20.94162],[107.47246,20.94787],[107.48006,20.95562],[107.48562,20.96276],[107.48751,20.96698],[107.49018,20.9806],[107.48896,20.98105],[107.48705,20.98108],[107.48551,20.98002],[107.46703,20.95119],[107.45767,20.94316],[107.45018,20.93632],[107.44848,20.93482],[107.44149,20.93371],[107.4553,20.94799],[107.45613,20.95192],[107.45579,20.95437],[107.45682,20.95679],[107.46112,20.9631],[107.46277,20.96631],[107.46698,20.97119],[107.46801,20.97368],[107.46826,20.97497],[107.46484,20.9804],[107.46902,20.98421],[107.47164,20.98512],[107.47592,20.98625],[107.48418,20.98424],[107.48451,20.98538],[107.48406,20.98762],[107.48426,20.98882],[107.50749,21.01826],[107.50871,21.01815],[107.50921,21.01767],[107.5094,21.01675],[107.50497,21.00425],[107.50846,21.00315],[107.51458,21.01988],[107.5217,21.02474],[107.53159,21.04043],[107.53367,21.04162],[107.53473,21.04153],[107.53503,21.04074],[107.53431,21.02979],[107.53238,21.02437],[107.53156,21.02101],[107.53267,21.01426],[107.53321,21.01031],[107.53411,21.00922],[107.54798,21.03096],[107.54961,21.04618],[107.55701,21.04425],[107.55828,21.03807],[107.55438,21.03028]]],[[[107.77726,21.04631],[107.77917,21.03763],[107.76065,21.033],[107.76369,21.04539],[107.77064,21.04505],[107.77681,21.05194],[107.77791,21.05152],[107.77844,21.05065],[107.77726,21.04631]]],[[[107.37273,21.03429],[107.36874,21.03872],[107.3711,21.05235],[107.37245,21.05429],[107.37354,21.05538],[107.37426,21.0557],[107.37522,21.05535],[107.37662,21.05371],[107.3771,21.05232],[107.37703,21.05079],[107.37683,21.04615],[107.37273,21.03429]]],[[[107.55717,21.05611],[107.55461,21.05087],[107.54673,21.05446],[107.55361,21.05621],[107.5473,21.06027],[107.55536,21.07074],[107.55717,21.05611]]],[[[107.53167,21.05552],[107.52488,21.05329],[107.5248,21.05222],[107.52591,21.05017],[107.52602,21.04886],[107.52479,21.0478],[107.52216,21.04641],[107.52083,21.04678],[107.51888,21.04789],[107.51735,21.04785],[107.50508,21.04433],[107.49662,21.03493],[107.49171,21.04181],[107.49762,21.04971],[107.51467,21.05858],[107.52424,21.06775],[107.5213,21.07491],[107.53018,21.0728],[107.52984,21.06755],[107.53159,21.06627],[107.53412,21.06504],[107.53512,21.06377],[107.53167,21.05552]]],[[[107.77163,21.06728],[107.76764,21.06994],[107.77358,21.07629],[107.77456,21.07586],[107.77505,21.07514],[107.77504,21.0743],[107.77163,21.06728]]],[[[107.50794,21.07607],[107.50999,21.07557],[107.51141,21.07598],[107.5124,21.07571],[107.51325,21.07437],[107.51377,21.07118],[107.51368,21.07046],[107.50874,21.07161],[107.49918,21.06849],[107.49535,21.07213],[107.50794,21.07607]]],[[[107.49093,21.08692],[107.4905,21.08585],[107.48974,21.08473],[107.48875,21.0843],[107.48341,21.08452],[107.48786,21.08625],[107.48854,21.09045],[107.48972,21.09106],[107.49205,21.09115],[107.49338,21.09104],[107.49093,21.08692]]],[[[107.57449,21.07793],[107.57339,21.07693],[107.57161,21.07713],[107.57074,21.07828],[107.57025,21.07954],[107.57035,21.08115],[107.57926,21.09273],[107.58045,21.09527],[107.58175,21.10063],[107.58318,21.10228],[107.58478,21.10285],[107.58637,21.10259],[107.5826,21.08694],[107.57597,21.0828],[107.5751,21.08025],[107.57449,21.07793]]],[[[107.81967,21.11095],[107.80313,21.10334],[107.80186,21.10331],[107.80115,21.10371],[107.80081,21.10448],[107.8092,21.10897],[107.80998,21.11034],[107.81018,21.11235],[107.81041,21.11373],[107.81108,21.11462],[107.81372,21.11659],[107.81505,21.11709],[107.81653,21.11726],[107.81764,21.11676],[107.81854,21.11569],[107.81952,21.114],[107.81967,21.11095]]],[[[107.57913,21.11717],[107.56898,21.08489],[107.56705,21.08356],[107.56429,21.08288],[107.562,21.0827],[107.56083,21.08171],[107.55754,21.07653],[107.55553,21.07506],[107.53796,21.06782],[107.53134,21.07661],[107.52397,21.07887],[107.52314,21.0806],[107.52403,21.0897],[107.52467,21.09124],[107.53157,21.09126],[107.54225,21.10119],[107.54999,21.11787],[107.55134,21.11865],[107.55275,21.1188],[107.55402,21.11786],[107.55436,21.11603],[107.55463,21.11442],[107.55542,21.11389],[107.55706,21.11335],[107.56114,21.11266],[107.57525,21.12052],[107.5776,21.12089],[107.57844,21.12028],[107.57885,21.11937],[107.57913,21.11717]]],[[[107.58185,20.9996],[107.57391,20.97828],[107.56145,20.97078],[107.56097,20.97153],[107.56137,20.9768],[107.56211,20.98074],[107.56945,20.98533],[107.57126,20.98766],[107.5724,20.98971],[107.57263,20.99257],[107.56528,20.99486],[107.56451,20.99613],[107.56405,20.99803],[107.56371,20.99958],[107.57418,21.0262],[107.58451,21.03384],[107.58209,21.04219],[107.58646,21.07245],[107.62925,21.12643],[107.60875,21.07578],[107.6077,21.07121],[107.60775,21.06754],[107.60703,21.06457],[107.59825,21.05106],[107.59509,21.0311],[107.59398,21.03031],[107.59109,21.02921],[107.58831,21.02759],[107.58724,21.02572],[107.58641,21.02355],[107.58185,20.9996]]],[[[107.58088,21.13603],[107.57608,21.12906],[107.5645,21.1213],[107.56123,21.12],[107.55928,21.12008],[107.55784,21.12037],[107.55694,21.12085],[107.55536,21.1221],[107.55452,21.12368],[107.55426,21.12525],[107.55451,21.1273],[107.55499,21.12898],[107.56434,21.13855],[107.57032,21.13482],[107.57839,21.13965],[107.58088,21.13603]]],[[[107.86894,21.14111],[107.86769,21.13975],[107.86641,21.13983],[107.86533,21.14071],[107.86416,21.14354],[107.86257,21.1466],[107.86259,21.14792],[107.86322,21.1486],[107.86536,21.14873],[107.86827,21.14748],[107.86941,21.14643],[107.86987,21.14499],[107.86977,21.14298],[107.86894,21.14111]]],[[[107.85243,21.15314],[107.85066,21.15305],[107.84975,21.15341],[107.84957,21.15399],[107.85127,21.15648],[107.85326,21.1584],[107.85885,21.16266],[107.8609,21.1648],[107.86443,21.16686],[107.86553,21.16684],[107.86612,21.16592],[107.86626,21.16385],[107.86587,21.16248],[107.8648,21.16107],[107.8622,21.15893],[107.8602,21.15662],[107.85643,21.15462],[107.85243,21.15314]]],[[[107.39905,21.13345],[107.39813,21.13322],[107.39666,21.13382],[107.39571,21.13488],[107.39136,21.14918],[107.39471,21.15497],[107.3931,21.16875],[107.40032,21.17156],[107.40175,21.17135],[107.4026,21.17067],[107.40408,21.16754],[107.39967,21.15948],[107.40021,21.15795],[107.40197,21.15673],[107.40266,21.15538],[107.40074,21.14991],[107.4025,21.1452],[107.40427,21.14136],[107.40505,21.1391],[107.39905,21.13345]]],[[[107.4347,21.18672],[107.43543,21.18013],[107.4303,21.17872],[107.42699,21.17903],[107.42547,21.17905],[107.4243,21.17939],[107.42016,21.18752],[107.42534,21.18651],[107.42616,21.18736],[107.42705,21.18835],[107.42726,21.18924],[107.42359,21.19388],[107.42912,21.19585],[107.4347,21.18672]]],[[[108.01739,21.19024],[108.01613,21.19016],[108.0124,21.1908],[108.01,21.19102],[108.00898,21.19147],[108.00872,21.19194],[108.00896,21.19251],[108.01238,21.19567],[108.01401,21.19675],[108.01466,21.19688],[108.01542,21.19665],[108.01718,21.19505],[108.01913,21.19308],[108.01946,21.19243],[108.01922,21.19182],[108.01832,21.19083],[108.01739,21.19024]]],[[[107.65648,21.1395],[107.65463,21.13917],[107.65318,21.1402],[107.65239,21.14231],[107.65269,21.14845],[107.66111,21.19179],[107.66868,21.20893],[107.67055,21.21046],[107.6725,21.21264],[107.67517,21.21564],[107.67671,21.21663],[107.67824,21.21661],[107.67989,21.21622],[107.67332,21.20504],[107.67077,21.18698],[107.66238,21.16335],[107.66251,21.15994],[107.66389,21.15174],[107.664,21.14696],[107.66333,21.1453],[107.66017,21.14284],[107.65648,21.1395]]],[[[107.57389,21.20921],[107.57153,21.20919],[107.57059,21.20998],[107.5706,21.21057],[107.57421,21.21315],[107.58268,21.21678],[107.58434,21.21717],[107.58529,21.2168],[107.58534,21.21579],[107.58462,21.21454],[107.57774,21.21082],[107.57389,21.20921]]],[[[107.58141,21.22433],[107.57911,21.22395],[107.57784,21.2242],[107.57754,21.22505],[107.57762,21.22606],[107.57911,21.22723],[107.58827,21.23061],[107.59278,21.23305],[107.59528,21.23427],[107.59707,21.23442],[107.5982,21.23387],[107.59831,21.23291],[107.59791,21.23166],[107.5952,21.22985],[107.58865,21.22673],[107.58141,21.22433]]],[[[107.6846,21.22104],[107.6796,21.22192],[107.69402,21.23487],[107.6846,21.22104]]],[[[107.4062,21.23046],[107.40294,21.22967],[107.39976,21.23014],[107.39816,21.22962],[107.38825,21.21506],[107.38908,21.19548],[107.3883,21.1947],[107.38693,21.19472],[107.38525,21.19489],[107.37816,21.20072],[107.37677,21.20031],[107.37591,21.19896],[107.37655,21.19114],[107.37486,21.19059],[107.37296,21.1909],[107.36973,21.19305],[107.36837,21.19541],[107.36786,21.19728],[107.36767,21.19958],[107.36997,21.20987],[107.38315,21.23897],[107.38476,21.23991],[107.38686,21.2397],[107.38786,21.23849],[107.38924,21.23357],[107.38966,21.23201],[107.3906,21.2311],[107.39212,21.23054],[107.39397,21.23028],[107.39639,21.23813],[107.40735,21.24209],[107.40998,21.23554],[107.40968,21.23479],[107.40865,21.23216],[107.4062,21.23046]]],[[[107.63242,21.23428],[107.63058,21.23374],[107.6288,21.23382],[107.62683,21.2348],[107.62599,21.23658],[107.62616,21.23739],[107.63818,21.24299],[107.63242,21.23428]]],[[[107.97132,21.2314],[107.96285,21.23131],[107.95756,21.23134],[107.95281,21.23238],[107.94581,21.23895],[107.9466,21.24031],[107.95484,21.24506],[107.97175,21.24948],[107.97326,21.24868],[107.97707,21.24193],[107.97732,21.23828],[107.97763,21.23487],[107.97708,21.23285],[107.97495,21.23163],[107.97132,21.2314]]],[[[107.63424,21.25767],[107.61985,21.25063],[107.61962,21.24958],[107.61982,21.24881],[107.62088,21.24865],[107.63137,21.25098],[107.61483,21.24063],[107.61284,21.23473],[107.61171,21.23446],[107.60768,21.23414],[107.60662,21.23435],[107.60359,21.23879],[107.60934,21.2442],[107.59127,21.23693],[107.58867,21.23697],[107.58731,21.23766],[107.58692,21.23852],[107.61748,21.25234],[107.61816,21.2561],[107.62724,21.25653],[107.636,21.26223],[107.63764,21.2623],[107.63982,21.26183],[107.64068,21.26124],[107.64051,21.26058],[107.63907,21.25964],[107.63424,21.25767]]],[[[107.53995,21.19908],[107.54407,21.19837],[107.54781,21.1986],[107.55096,21.19913],[107.5796,21.20701],[107.59479,21.21924],[107.60892,21.21874],[107.60873,21.21638],[107.60617,21.21004],[107.60299,21.20522],[107.59979,21.20318],[107.5964,21.20097],[107.59543,21.1989],[107.59367,21.19405],[107.5913,21.19011],[107.58359,21.18217],[107.56909,21.16871],[107.55686,21.15713],[107.48643,21.11007],[107.48559,21.10846],[107.48535,21.10636],[107.48389,21.10428],[107.45088,21.07907],[107.44278,21.08056],[107.44067,21.07876],[107.43979,21.07745],[107.44037,21.07145],[107.42577,21.06975],[107.42474,21.06869],[107.42465,21.06725],[107.4269,21.06501],[107.42885,21.06349],[107.42909,21.06241],[107.42721,21.06005],[107.41745,21.059],[107.39328,21.03945],[107.38939,21.03909],[107.38373,21.03905],[107.38074,21.03921],[107.37963,21.05863],[107.37015,21.06765],[107.3666,21.07229],[107.36602,21.07437],[107.36605,21.07603],[107.38332,21.08651],[107.3805,21.09343],[107.39683,21.10326],[107.413,21.1251],[107.41885,21.1372],[107.422,21.14311],[107.42572,21.14664],[107.42734,21.1474],[107.42987,21.14773],[107.4356,21.14829],[107.43777,21.14998],[107.43834,21.15183],[107.43784,21.15399],[107.4364,21.15494],[107.43389,21.15541],[107.433,21.15693],[107.43258,21.1593],[107.43153,21.16067],[107.43023,21.16055],[107.42898,21.15913],[107.42757,21.15679],[107.42588,21.15631],[107.42481,21.15647],[107.42361,21.15742],[107.42166,21.15967],[107.41972,21.16249],[107.41831,21.16509],[107.41843,21.16789],[107.41938,21.16974],[107.42094,21.17172],[107.42334,21.17376],[107.42795,21.17549],[107.43108,21.17494],[107.43955,21.16522],[107.44267,21.16438],[107.4452,21.16478],[107.44861,21.17272],[107.44852,21.17518],[107.44172,21.18153],[107.44163,21.1824],[107.44146,21.18417],[107.44221,21.18548],[107.4533,21.18693],[107.45767,21.18474],[107.45919,21.18432],[107.46041,21.1843],[107.46134,21.18503],[107.46252,21.18622],[107.46381,21.18654],[107.46886,21.1816],[107.47458,21.18318],[107.47176,21.19521],[107.45473,21.20703],[107.46226,21.21117],[107.44933,21.23588],[107.45441,21.27455],[107.45585,21.27548],[107.4582,21.27564],[107.46044,21.27541],[107.46602,21.2739],[107.4732,21.27107],[107.52479,21.22417],[107.53408,21.20397],[107.53632,21.20114],[107.53995,21.19908]]],[[[107.57982,21.26917],[107.58602,21.26209],[107.57581,21.26416],[107.57381,21.2608],[107.56303,21.26216],[107.55628,21.25481],[107.55301,21.25739],[107.55717,21.26206],[107.55708,21.26306],[107.55618,21.26413],[107.55492,21.26482],[107.54546,21.26587],[107.54368,21.25715],[107.53805,21.26464],[107.53807,21.26612],[107.5387,21.26731],[107.53948,21.26801],[107.5659,21.27764],[107.57982,21.26917]]],[[[107.55695,21.28113],[107.54361,21.27617],[107.54234,21.27643],[107.54118,21.27726],[107.54074,21.27784],[107.54849,21.28422],[107.55695,21.28113]]],[[[107.79272,21.29745],[107.78922,21.29434],[107.77373,21.29424],[107.75245,21.28384],[107.75079,21.28393],[107.74961,21.28502],[107.74939,21.28712],[107.74968,21.28884],[107.7513,21.29061],[107.75363,21.29236],[107.76486,21.29672],[107.79272,21.29745]]],[[[107.69724,21.29463],[107.68958,21.29375],[107.68453,21.29049],[107.68332,21.28597],[107.65128,21.26684],[107.64875,21.2707],[107.64375,21.26782],[107.63837,21.26924],[107.67201,21.29188],[107.69919,21.30133],[107.69724,21.29463]]],[[[107.81057,21.34671],[107.80397,21.34539],[107.79482,21.33369],[107.77649,21.32415],[107.76889,21.32394],[107.74814,21.31277],[107.74683,21.31122],[107.74572,21.3088],[107.74499,21.308],[107.73162,21.30403],[107.73116,21.31009],[107.73052,21.31101],[107.72783,21.31191],[107.71598,21.30494],[107.71331,21.30412],[107.71178,21.30419],[107.71032,21.30517],[107.71004,21.30642],[107.71067,21.3077],[107.74,21.32484],[107.7667,21.33492],[107.79472,21.35242],[107.81655,21.35812],[107.81772,21.35289],[107.81312,21.34944],[107.81057,21.34671]]],[[[107.75392,21.36272],[107.75115,21.36233],[107.74451,21.36273],[107.74261,21.3634],[107.74202,21.36478],[107.74176,21.36714],[107.74203,21.36943],[107.74312,21.37042],[107.74536,21.37139],[107.75142,21.3725],[107.75433,21.3726],[107.75654,21.37228],[107.7579,21.37111],[107.75976,21.36835],[107.76002,21.36613],[107.75962,21.36484],[107.75768,21.3638],[107.75392,21.36272]]],[[[107.99482,21.39866],[108.00245,21.39814],[107.99773,21.3947],[107.99712,21.39039],[107.98904,21.39125],[107.96424,21.37861],[107.95788,21.37288],[107.95232,21.36611],[107.94874,21.36],[107.94317,21.35718],[107.92981,21.35922],[107.92295,21.36334],[107.908,21.35846],[107.90622,21.35879],[107.90402,21.36026],[107.90231,21.36083],[107.88162,21.35898],[107.8443,21.34051],[107.84081,21.34681],[107.84752,21.35821],[107.85143,21.35599],[107.84636,21.34884],[107.85806,21.35301],[107.87837,21.36819],[107.88691,21.36787],[107.88763,21.36899],[107.88787,21.37091],[107.88737,21.37209],[107.8865,21.37336],[107.88326,21.3748],[107.87838,21.37516],[107.85928,21.36959],[107.84619,21.37173],[107.83631,21.36539],[107.83313,21.36556],[107.83219,21.36647],[107.83183,21.36785],[107.83889,21.3734],[107.87847,21.38312],[107.89892,21.38229],[107.96131,21.39732],[107.99482,21.39866]]],[[[107.48645,21.62574],[107.49068,21.62469],[107.4955,21.61581],[107.49176,21.60631],[107.48964,21.60467],[107.48752,21.60336],[107.48579,21.6007],[107.49759,21.59618],[107.50486,21.59804],[107.52294,21.59125],[107.53571,21.59523],[107.54028,21.59115],[107.55749,21.61371],[107.56651,21.61322],[107.57374,21.61902],[107.58007,21.61775],[107.59154,21.60538],[107.59958,21.60464],[107.61881,21.60966],[107.65098,21.60835],[107.66433,21.61439],[107.67434,21.61041],[107.71307,21.62247],[107.71625,21.62528],[107.71939,21.62964],[107.73029,21.6321],[107.74242,21.64107],[107.77752,21.64944],[107.7827,21.6572],[107.78699,21.65684],[107.79101,21.65563],[107.79622,21.65525],[107.81397,21.65889],[107.82564,21.65377],[107.82826,21.65088],[107.83082,21.6462],[107.83192,21.64501],[107.83573,21.64364],[107.838,21.64308],[107.83833,21.64297],[107.84042,21.64294],[107.84203,21.64317],[107.84296,21.64413],[107.84499,21.65004],[107.85594,21.65525],[107.85935,21.65049],[107.86918,21.64878],[107.86993,21.64297],[107.87619,21.64029],[107.87705,21.63127],[107.88609,21.6267],[107.88397,21.62158],[107.88885,21.61726],[107.88121,21.61234],[107.88106,21.61074],[107.88121,21.60925],[107.8897,21.60744],[107.89109,21.60293],[107.88831,21.60028],[107.89651,21.59521],[107.89746,21.5892],[107.90086,21.58804],[107.90311,21.59235],[107.9129,21.588],[107.9229,21.58998],[107.92722,21.58053],[107.93277,21.57636],[107.93665,21.57406],[107.94034,21.57159],[107.94052,21.56557],[107.95335,21.53881],[107.96426,21.53627],[107.97907,21.54458],[108.0038,21.54959],[108.03063,21.54785],[108.04383,21.54022],[108.04651,21.52621],[108.04537,21.52526],[108.04422,21.52507],[108.04289,21.52526],[108.03594,21.53154],[108.03214,21.53258],[108.02985,21.53192],[108.03851,21.51764],[108.01843,21.51279],[108.01872,21.51184],[108.01986,21.51079],[108.02205,21.51003],[108.04148,21.51097],[108.04261,21.51037],[108.0432,21.50883],[108.04296,21.50829],[108.03606,21.50187],[108.01584,21.49306],[108.01786,21.48937],[108.02744,21.48705],[108.0445,21.49526],[108.04809,21.49591],[108.05523,21.49608],[108.06072,21.49604],[108.08584,21.48608],[108.07023,21.48344],[108.05961,21.48585],[108.04942,21.48553],[108.04365,21.48485],[108.03839,21.48421],[108.03198,21.48241],[108.02355,21.47971],[108.01907,21.47789],[108.01418,21.47537],[108.00779,21.47217],[107.99931,21.46629],[107.99139,21.45909],[107.98388,21.45074],[107.98019,21.4449],[107.9769,21.43958],[107.96703,21.4342],[107.96525,21.43447],[107.96419,21.43557],[107.96402,21.43689],[107.96499,21.44051],[107.96657,21.44603],[107.96713,21.44877],[107.98635,21.46736],[107.98866,21.47856],[107.98224,21.48177],[107.98089,21.47285],[107.98038,21.47194],[107.97903,21.47162],[107.97788,21.47216],[107.97031,21.48281],[107.97235,21.48926],[107.96248,21.49354],[107.96078,21.48512],[107.96389,21.47498],[107.95533,21.47289],[107.95336,21.46638],[107.9539,21.46532],[107.95499,21.46349],[107.95562,21.46091],[107.95417,21.45742],[107.95199,21.45364],[107.9505,21.44912],[107.94864,21.44984],[107.94692,21.45078],[107.94512,21.45239],[107.94473,21.4534],[107.94479,21.45402],[107.94857,21.45882],[107.9474,21.46161],[107.94611,21.46336],[107.94495,21.46448],[107.94343,21.46479],[107.94215,21.46462],[107.94137,21.46392],[107.9429,21.45883],[107.94238,21.45841],[107.93893,21.45689],[107.93751,21.45692],[107.93691,21.4576],[107.93598,21.45971],[107.93494,21.46112],[107.92564,21.46582],[107.92428,21.47167],[107.92935,21.47765],[107.93623,21.47743],[107.93723,21.48658],[107.94564,21.49346],[107.94659,21.49516],[107.94667,21.49645],[107.94659,21.4975],[107.93719,21.50459],[107.93459,21.50488],[107.93341,21.50466],[107.92981,21.50042],[107.92255,21.50256],[107.9205,21.50976],[107.91495,21.51296],[107.91694,21.5155],[107.91526,21.5259],[107.90131,21.52022],[107.89943,21.52068],[107.89822,21.52132],[107.89727,21.52248],[107.8938,21.53004],[107.88675,21.52809],[107.88926,21.51957],[107.88336,21.51471],[107.89112,21.51375],[107.89035,21.51012],[107.88956,21.50888],[107.88761,21.50724],[107.88462,21.50672],[107.88133,21.50718],[107.87827,21.50746],[107.87717,21.50783],[107.87317,21.513],[107.86654,21.51225],[107.86336,21.51884],[107.85845,21.52139],[107.86006,21.5287],[107.8594,21.5294],[107.85842,21.52947],[107.85676,21.52921],[107.85241,21.52602],[107.84827,21.52093],[107.84302,21.506],[107.84041,21.5041],[107.83887,21.50384],[107.83005,21.51316],[107.83646,21.52148],[107.83495,21.52606],[107.83298,21.52651],[107.83062,21.52625],[107.82869,21.52575],[107.8227,21.51636],[107.81979,21.52158],[107.81856,21.5219],[107.81696,21.52193],[107.81529,21.5213],[107.8144,21.51505],[107.81169,21.5133],[107.81001,21.51213],[107.80885,21.51168],[107.79137,21.51537],[107.77366,21.52349],[107.7534,21.51153],[107.75299,21.5104],[107.75314,21.50807],[107.75757,21.50262],[107.77335,21.50708],[107.79444,21.48911],[107.79724,21.4853],[107.7976,21.48392],[107.79736,21.4813],[107.79717,21.47814],[107.78391,21.47197],[107.78,21.46069],[107.7599,21.44699],[107.75987,21.44532],[107.76046,21.4445],[107.76217,21.44211],[107.76201,21.44045],[107.76148,21.43937],[107.76022,21.43683],[107.75134,21.43256],[107.7563,21.42519],[107.74923,21.41516],[107.75169,21.4048],[107.74949,21.40317],[107.74626,21.40089],[107.74427,21.40015],[107.74229,21.40198],[107.73911,21.40368],[107.73614,21.40444],[107.72768,21.40193],[107.72797,21.40945],[107.72662,21.41105],[107.72463,21.41115],[107.71329,21.41026],[107.7082,21.40404],[107.70084,21.41125],[107.68014,21.40387],[107.67548,21.41684],[107.67357,21.41716],[107.67142,21.41647],[107.66917,21.41508],[107.66575,21.40324],[107.66044,21.39752],[107.67018,21.39041],[107.67148,21.38595],[107.67152,21.38408],[107.6708,21.38216],[107.65758,21.379],[107.64531,21.38199],[107.64141,21.38205],[107.63873,21.38152],[107.63665,21.38062],[107.63886,21.36346],[107.63125,21.3572],[107.63144,21.35476],[107.6326,21.35123],[107.63291,21.34736],[107.62568,21.33658],[107.61488,21.3356],[107.61421,21.33484],[107.61363,21.33419],[107.61261,21.3327],[107.6134,21.32552],[107.59658,21.30808],[107.59686,21.30671],[107.59943,21.3051],[107.60214,21.30248],[107.60346,21.29952],[107.60273,21.29731],[107.60127,21.29661],[107.59853,21.2973],[107.59549,21.29871],[107.59362,21.30089],[107.5919,21.30306],[107.58901,21.30411],[107.58388,21.30369],[107.57998,21.30382],[107.57634,21.30524],[107.56601,21.31364],[107.55974,21.30943],[107.55737,21.30961],[107.55222,21.31248],[107.53827,21.33749],[107.53637,21.33809],[107.53446,21.33812],[107.53177,21.33738],[107.53037,21.33632],[107.53011,21.33439],[107.5305,21.33059],[107.52993,21.32823],[107.52291,21.32518],[107.51869,21.31536],[107.50712,21.30951],[107.50759,21.30119],[107.49124,21.30172],[107.48759,21.30313],[107.48405,21.30627],[107.48201,21.30802],[107.47062,21.30833],[107.46393,21.31538],[107.45179,21.31649],[107.44,21.30663],[107.43826,21.3009],[107.4503,21.29072],[107.45153,21.28778],[107.45181,21.2858],[107.45128,21.28408],[107.44954,21.28291],[107.44577,21.28237],[107.44303,21.28277],[107.42645,21.28934],[107.41899,21.28738],[107.41721,21.28655],[107.41688,21.28563],[107.41693,21.28466],[107.42008,21.27826],[107.42086,21.27138],[107.42039,21.26972],[107.41943,21.26919],[107.41841,21.26921],[107.40983,21.28265],[107.40857,21.28338],[107.40523,21.2854],[107.40378,21.28542],[107.40091,21.27872],[107.38913,21.27591],[107.36471,21.26239],[107.36395,21.24354],[107.36454,21.24055],[107.36583,21.23372],[107.36701,21.22797],[107.36367,21.19409],[107.36739,21.17576],[107.3689,21.17472],[107.37029,21.17387],[107.37246,21.1739],[107.38292,21.17624],[107.38303,21.17045],[107.38346,21.1618],[107.38334,21.15798],[107.37899,21.1502],[107.38505,21.14382],[107.38674,21.1304],[107.38092,21.1102],[107.37231,21.10476],[107.37163,21.10377],[107.37135,21.102],[107.37066,21.10039],[107.36974,21.09987],[107.36867,21.10008],[107.36722,21.10163],[107.36413,21.10889],[107.3626,21.10881],[107.35782,21.10635],[107.35714,21.10512],[107.37533,21.08667],[107.35366,21.07676],[107.35344,21.07503],[107.35368,21.0736],[107.35469,21.0731],[107.35992,21.07411],[107.36113,21.07409],[107.36226,21.07318],[107.3647,21.06633],[107.36719,21.05495],[107.36205,21.03985],[107.37032,21.02731],[107.36978,21.02547],[107.36626,21.0205],[107.36515,21.01872],[107.36532,21.01723],[107.36613,21.01584],[107.36618,21.01501],[107.35394,21.00162],[107.33477,20.99131],[107.31415,20.99364],[107.31397,20.99842],[107.31346,20.99873],[107.30909,20.99959],[107.30645,20.99978],[107.30581,20.99943],[107.30573,20.99638],[107.30119,20.99891],[107.29712,20.99724],[107.30233,20.99528],[107.30057,20.99167],[107.29162,20.99263],[107.29081,20.99758],[107.27448,20.99655],[107.27011,21.00174],[107.26757,21.00177],[107.26547,21.00162],[107.26253,20.99688],[107.24926,20.99867],[107.24932,20.99383],[107.24039,20.9921],[107.24179,20.98378],[107.22578,20.9807],[107.20097,20.96299],[107.19145,20.94519],[107.19177,20.94279],[107.19245,20.94087],[107.199,20.93644],[107.17831,20.93598],[107.1496,20.93979],[107.14821,20.93866],[107.14826,20.93715],[107.14901,20.936],[107.15166,20.93467],[107.16253,20.93599],[107.16082,20.92954],[107.15883,20.92899],[107.15615,20.92874],[107.14287,20.93371],[107.14259,20.94327],[107.13432,20.9391],[107.11919,20.93793],[107.11173,20.93895],[107.10649,20.9411],[107.09417,20.9492],[107.09044,20.9499],[107.0838,20.95033],[107.07505,20.94593],[107.07095,20.94755],[107.053,20.94903],[107.03218,20.9418],[107.02936,20.94231],[107.02752,20.94293],[107.02387,20.94784],[107.00593,20.95436],[106.99844,20.95301],[106.9932,20.95615],[106.98928,20.95382],[106.98365,20.95709],[106.97617,20.95053],[106.97041,20.95318],[106.9568,20.95204],[106.95646,20.94488],[106.93943,20.93515],[106.93755,20.9358],[106.92956,20.94146],[106.92501,20.94392],[106.92463,20.95723],[106.92416,20.95878],[106.92148,20.96386],[106.9198,20.96629],[106.91623,20.96874],[106.91331,20.96974],[106.91099,20.96971],[106.90817,20.969],[106.90347,20.96888],[106.89988,20.96966],[106.89654,20.97148],[106.88948,20.98326],[106.88915,20.99171],[106.88845,20.99239],[106.88718,20.99254],[106.88616,20.99246],[106.87921,20.98676],[106.8782,20.9839],[106.87718,20.98058],[106.88528,20.96965],[106.87717,20.96516],[106.87838,20.96422],[106.88135,20.96293],[106.88804,20.96572],[106.88785,20.95489],[106.90294,20.95368],[106.9137,20.94754],[106.91694,20.94286],[106.92117,20.93983],[106.92408,20.93756],[106.93156,20.92108],[106.94423,20.91457],[106.94541,20.9118],[106.94557,20.90973],[106.91922,20.91095],[106.90301,20.90843],[106.89895,20.90567],[106.89606,20.90415],[106.8949,20.90417],[106.89565,20.91488],[106.88745,20.92294],[106.88679,20.92439],[106.8857,20.92956],[106.8851,20.93043],[106.88316,20.93125],[106.88102,20.93139],[106.88004,20.93071],[106.87835,20.92798],[106.87876,20.92671],[106.88893,20.91496],[106.88886,20.91421],[106.88667,20.90959],[106.88529,20.90668],[106.88363,20.90567],[106.88154,20.9046],[106.88085,20.90323],[106.87921,20.89401],[106.87096,20.89273],[106.86836,20.88542],[106.86642,20.88131],[106.8681,20.87423],[106.85034,20.86875],[106.86264,20.85674],[106.86858,20.83339],[106.86009,20.83733],[106.85709,20.83708],[106.85464,20.83629],[106.85361,20.83535],[106.85239,20.83106],[106.84738,20.82839],[106.84756,20.82296],[106.83446,20.8137],[106.8215,20.83035],[106.78307,20.83697],[106.77158,20.84354],[106.76251,20.85068],[106.75975,20.85406],[106.75702,20.85982],[106.75134,20.88521],[106.76773,20.91067],[106.76838,20.9462],[106.76761,20.95825],[106.76712,20.96858],[106.76568,20.97562],[106.7639,20.98008],[106.76151,20.98455],[106.7585,20.98846],[106.75502,20.99102],[106.7498,20.99486],[106.74334,20.99736],[106.73756,20.99857],[106.72106,20.99767],[106.71198,20.99952],[106.69695,21.00202],[106.65147,21.01992],[106.64784,21.02038],[106.64568,21.02004],[106.64376,21.01934],[106.63644,21.01319],[106.63229,21.01228],[106.62784,21.01238],[106.62214,21.0129],[106.60808,21.02423],[106.60767,21.02567],[106.60757,21.0286],[106.60694,21.0317],[106.60525,21.0343],[106.60236,21.03777],[106.60036,21.03928],[106.59463,21.04105],[106.59263,21.04228],[106.57453,21.05769],[106.5667,21.05412],[106.559,21.05706],[106.55778,21.05683],[106.5549,21.05459],[106.55317,21.05371],[106.54164,21.05459],[106.53301,21.04929],[106.52356,21.05118],[106.51384,21.04703],[106.5127,21.04793],[106.51272,21.04925],[106.5135,21.05067],[106.51619,21.05322],[106.51748,21.0544],[106.51582,21.06069],[106.4994,21.05824],[106.48566,21.06906],[106.47766,21.07044],[106.45379,21.06639],[106.45324,21.07006],[106.43882,21.0795],[106.44891,21.09529],[106.43726,21.10777],[106.44052,21.1183],[106.44304,21.11901],[106.45089,21.11947],[106.45323,21.1195],[106.45962,21.11667],[106.4633,21.11793],[106.46764,21.11889],[106.48264,21.13105],[106.48239,21.14181],[106.47797,21.14806],[106.48704,21.16839],[106.48507,21.17567],[106.49435,21.18606],[106.49451,21.18711],[106.49432,21.18835],[106.4927,21.19931],[106.49845,21.20342],[106.49955,21.22644],[106.49957,21.22643],[106.50355,21.22427],[106.50629,21.2235],[106.51656,21.22534],[106.52316,21.22421],[106.52659,21.22296],[106.54169,21.19302],[106.55557,21.19476],[106.56602,21.19002],[106.57935,21.19234],[106.58422,21.19014],[106.58674,21.18763],[106.58772,21.17973],[106.60291,21.18026],[106.60915,21.17227],[106.6274,21.17276],[106.64288,21.17691],[106.67752,21.17122],[106.67883,21.16992],[106.68004,21.16876],[106.68182,21.16831],[106.69576,21.17051],[106.72076,21.16046],[106.73148,21.16193],[106.79244,21.15059],[106.81626,21.15717],[106.82826,21.15537],[106.82393,21.16793],[106.8228,21.18735],[106.82286,21.18864],[106.82343,21.18945],[106.82491,21.18972],[106.84114,21.18725],[106.85457,21.18925],[106.85868,21.17809],[106.8602,21.17715],[106.86966,21.17532],[106.88139,21.18451],[106.88512,21.18325],[106.88869,21.18163],[106.89189,21.18088],[106.91312,21.18501],[106.91624,21.18376],[106.9225,21.17738],[106.92885,21.17186],[106.93296,21.17059],[106.93579,21.17114],[106.93949,21.17324],[106.94151,21.17552],[106.94355,21.17958],[106.94476,21.18501],[106.94625,21.18779],[106.95381,21.19279],[106.9553,21.20769],[106.95709,21.20953],[106.95932,21.21072],[106.9611,21.21228],[106.9625,21.21456],[106.96534,21.22055],[106.96706,21.22347],[106.97492,21.2281],[106.97599,21.23949],[106.98313,21.25905],[106.98271,21.26228],[106.98184,21.26573],[106.9805,21.2679],[106.97814,21.26921],[106.97518,21.27068],[106.97383,21.27242],[106.97294,21.28663],[106.97618,21.28874],[106.98035,21.29127],[106.98436,21.29352],[107.01823,21.30149],[107.02622,21.30877],[107.03034,21.31382],[107.03004,21.32177],[107.02989,21.3243],[107.04883,21.33139],[107.05823,21.34676],[107.07661,21.34787],[107.07858,21.34995],[107.08088,21.35375],[107.08335,21.35534],[107.09011,21.35774],[107.09331,21.3599],[107.09375,21.36257],[107.09546,21.37488],[107.09701,21.37648],[107.10202,21.37728],[107.10926,21.37643],[107.11423,21.37483],[107.12062,21.37217],[107.1252,21.37087],[107.12898,21.37121],[107.13337,21.37182],[107.13704,21.37129],[107.13916,21.37012],[107.14117,21.36752],[107.14289,21.36644],[107.15566,21.36895],[107.16789,21.3644],[107.18388,21.37624],[107.20066,21.3795],[107.20246,21.38077],[107.20522,21.38437],[107.20772,21.38768],[107.20973,21.38875],[107.21372,21.38961],[107.21505,21.38959],[107.23334,21.37439],[107.23847,21.36624],[107.25214,21.36974],[107.26265,21.40056],[107.26176,21.4023],[107.25934,21.40405],[107.25734,21.40685],[107.25557,21.41146],[107.25513,21.41596],[107.25438,21.42036],[107.25279,21.42268],[107.24934,21.42425],[107.24681,21.42601],[107.24249,21.43658],[107.24303,21.43915],[107.24341,21.44364],[107.23767,21.46245],[107.23912,21.47547],[107.24409,21.48317],[107.23537,21.49691],[107.2351,21.50014],[107.2356,21.50377],[107.23641,21.50681],[107.23101,21.52109],[107.2213,21.52057],[107.22068,21.52177],[107.22028,21.525],[107.21923,21.52734],[107.20905,21.53315],[107.20798,21.53454],[107.20423,21.53955],[107.2033,21.54177],[107.20326,21.54309],[107.20392,21.54439],[107.21927,21.55458],[107.22467,21.5529],[107.22646,21.55335],[107.22923,21.55487],[107.23089,21.55496],[107.24416,21.54977],[107.2471,21.55863],[107.25657,21.56417],[107.27119,21.56368],[107.274,21.56406],[107.27896,21.56638],[107.28116,21.56844],[107.28202,21.57016],[107.28223,21.57141],[107.282,21.57703],[107.28268,21.57983],[107.28372,21.58077],[107.28699,21.58186],[107.28842,21.58333],[107.29338,21.59425],[107.30658,21.59688],[107.31046,21.59216],[107.32174,21.59481],[107.33424,21.5892],[107.34621,21.59543],[107.34896,21.59557],[107.35433,21.59579],[107.35677,21.59659],[107.35885,21.59871],[107.36058,21.6017],[107.36785,21.60264],[107.38071,21.59709],[107.39572,21.61138],[107.39381,21.61806],[107.40555,21.62333],[107.41378,21.63303],[107.41674,21.64201],[107.42021,21.64363],[107.42512,21.64684],[107.42857,21.65043],[107.46024,21.66466],[107.47968,21.65877],[107.48338,21.64409],[107.48256,21.63135],[107.48645,21.62574]]]],"type":"MultiPolygon"},"id":"tinh34.6","properties":{"matinh":"3","name":"Quảng Ninh","atlasId":10},"type":"Feature"},{"geometry":{"coordinates":[[[[105.13575,21.69973],[105.14123,21.70065],[105.14521,21.70065],[105.14745,21.69972],[105.15456,21.68353],[105.15696,21.68369],[105.15954,21.68625],[105.16212,21.68849],[105.16556,21.68929],[105.17071,21.68864],[105.19113,21.67485],[105.19422,21.66989],[105.19833,21.66572],[105.23294,21.65985],[105.23324,21.65842],[105.23528,21.6529],[105.23482,21.64802],[105.2339,21.64378],[105.23184,21.63932],[105.22911,21.63551],[105.22546,21.63254],[105.224,21.63214],[105.22284,21.63127],[105.22454,21.62685],[105.22951,21.62057],[105.24667,21.61545],[105.24891,21.61173],[105.24964,21.60662],[105.24839,21.60314],[105.24299,21.59808],[105.24807,21.58372],[105.25317,21.57738],[105.25713,21.57271],[105.27155,21.56301],[105.2722,21.56034],[105.2722,21.55822],[105.27106,21.55546],[105.2649,21.54741],[105.26604,21.54592],[105.26876,21.54401],[105.29218,21.53866],[105.2949,21.53569],[105.29547,21.53274],[105.29327,21.52091],[105.29569,21.51577],[105.29913,21.51038],[105.31791,21.51393],[105.32417,21.50767],[105.33507,21.50538],[105.34329,21.51852],[105.35116,21.51912],[105.35608,21.51972],[105.36166,21.52368],[105.36921,21.52581],[105.37319,21.52536],[105.37478,21.52518],[105.38165,21.5215],[105.38721,21.51506],[105.39179,21.5126],[105.4,21.51442],[105.4072,21.51348],[105.41604,21.50857],[105.41996,21.50427],[105.42193,21.50274],[105.42521,21.50334],[105.43112,21.50792],[105.43899,21.50943],[105.44817,21.51093],[105.45193,21.51442],[105.45278,21.5152],[105.4564,21.51917],[105.46689,21.52006],[105.47378,21.52218],[105.4787,21.52125],[105.48296,21.52062],[105.50365,21.5331],[105.50858,21.53523],[105.51513,21.5349],[105.51558,21.53521],[105.52039,21.53856],[105.52402,21.54528],[105.52569,21.55353],[105.53129,21.56116],[105.53657,21.56879],[105.54088,21.57604],[105.55592,21.56696],[105.60024,21.52658],[105.62594,21.49483],[105.6338,21.47809],[105.6435,21.46759],[105.65726,21.46036],[105.66519,21.4606],[105.67051,21.45989],[105.68549,21.44356],[105.70474,21.44057],[105.70656,21.43782],[105.70857,21.4349],[105.70966,21.43249],[105.72195,21.43313],[105.7236,21.43072],[105.72172,21.42353],[105.71969,21.41943],[105.71949,21.41652],[105.72168,21.41342],[105.7257,21.41186],[105.72992,21.41167],[105.74701,21.41657],[105.75378,21.41277],[105.75979,21.40383],[105.76341,21.39525],[105.75911,21.37951],[105.76076,21.37847],[105.7668,21.37553],[105.77063,21.37209],[105.77336,21.36813],[105.77425,21.3635],[105.77553,21.36179],[105.77754,21.36109],[105.78289,21.3616],[105.78272,21.36092],[105.78486,21.35602],[105.781,21.35481],[105.78337,21.34905],[105.78324,21.34386],[105.78236,21.34355],[105.77641,21.3398],[105.77345,21.33562],[105.77171,21.33271],[105.76951,21.32598],[105.76779,21.32264],[105.75893,21.31145],[105.75837,21.30876],[105.75924,21.30642],[105.75736,21.30338],[105.74925,21.29788],[105.74283,21.294],[105.73577,21.28944],[105.73574,21.28885],[105.73433,21.28191],[105.7343,21.28164],[105.7229,21.26828],[105.7225,21.25327],[105.72676,21.24895],[105.726,21.24402],[105.73376,21.24192],[105.73558,21.23727],[105.72263,21.22593],[105.72123,21.22726],[105.72043,21.22763],[105.71986,21.22745],[105.71883,21.226],[105.71718,21.22384],[105.71588,21.22397],[105.71426,21.22474],[105.7119,21.22407],[105.71015,21.22341],[105.70917,21.22189],[105.70773,21.22087],[105.70651,21.22079],[105.70436,21.22191],[105.70252,21.22204],[105.69557,21.21623],[105.68742,21.22182],[105.68282,21.23225],[105.68622,21.23377],[105.68502,21.23591],[105.67907,21.23479],[105.67377,21.22862],[105.67173,21.22997],[105.67105,21.23094],[105.673,21.23629],[105.66721,21.23457],[105.66452,21.24016],[105.6573,21.23555],[105.65046,21.23915],[105.64516,21.23768],[105.64258,21.23564],[105.64201,21.23249],[105.64286,21.23087],[105.6438,21.22787],[105.65276,21.22831],[105.65358,21.22784],[105.65698,21.22463],[105.65711,21.22196],[105.64168,21.21663],[105.63409,21.21841],[105.63735,21.20809],[105.62667,21.21208],[105.62007,21.20699],[105.61415,21.20928],[105.61305,21.20808],[105.61276,21.20742],[105.61249,21.20684],[105.61911,21.20186],[105.62355,21.1879],[105.62944,21.18322],[105.62244,21.18203],[105.62678,21.17072],[105.62413,21.1713],[105.62411,21.1713],[105.62183,21.17325],[105.5761,21.16599],[105.56732,21.16156],[105.5197,21.15545],[105.49456,21.1595],[105.46785,21.17944],[105.4628,21.21608],[105.45971,21.22666],[105.45782,21.23065],[105.45349,21.23556],[105.44893,21.2426],[105.44414,21.24472],[105.44466,21.2477],[105.44565,21.25346],[105.44337,21.26395],[105.44323,21.2646],[105.44138,21.27307],[105.42154,21.29392],[105.41161,21.29873],[105.39632,21.30379],[105.39224,21.30499],[105.3879,21.30452],[105.3604,21.28388],[105.35656,21.27777],[105.34997,21.23792],[105.3488,21.23573],[105.34383,21.22645],[105.33956,21.2215],[105.34405,21.20827],[105.33862,21.20192],[105.32121,21.20338],[105.30288,21.19565],[105.30008,21.1935],[105.29879,21.19088],[105.29718,21.17879],[105.28696,21.16596],[105.28695,21.16237],[105.28822,21.15864],[105.29076,21.1543],[105.31569,21.11959],[105.31712,21.11555],[105.31759,21.1119],[105.31774,21.11077],[105.31725,21.1042],[105.31127,21.08973],[105.29343,21.05718],[105.29312,21.05488],[105.29242,21.05022],[105.29298,21.04487],[105.29378,21.04093],[105.29555,21.03654],[105.29876,21.02956],[105.31681,21.01331],[105.32296,21.01966],[105.32626,21.01894],[105.32804,21.01536],[105.32981,21.01273],[105.3321,21.01249],[105.33669,21.01367],[105.34484,21.01556],[105.34865,21.01341],[105.3522,21.00983],[105.35348,21.00959],[105.38329,21.02382],[105.39342,21.00378],[105.41729,20.99765],[105.41958,20.98656],[105.43583,20.97365],[105.43962,20.96459],[105.44164,20.96029],[105.44443,20.95719],[105.44951,20.95432],[105.45535,20.95049],[105.47722,20.94804],[105.48153,20.94374],[105.48736,20.93658],[105.49117,20.93347],[105.49574,20.93131],[105.50252,20.93105],[105.50564,20.92644],[105.5116,20.92307],[105.51783,20.92156],[105.523,20.92129],[105.52685,20.9219],[105.53137,20.9245],[105.5347,20.9266],[105.55805,20.9264],[105.56377,20.92782],[105.56935,20.92943],[105.5757,20.93067],[105.57973,20.92705],[105.58087,20.92308],[105.58009,20.9202],[105.57642,20.91697],[105.56948,20.91303],[105.56409,20.91161],[105.55793,20.90964],[105.55503,20.90587],[105.55444,20.90137],[105.55576,20.8956],[105.5546,20.89344],[105.5519,20.89056],[105.55533,20.88262],[105.58235,20.85893],[105.58406,20.85315],[105.585,20.84774],[105.57616,20.8269],[105.57346,20.82365],[105.56744,20.82272],[105.56301,20.82317],[105.56043,20.822],[105.5563,20.81084],[105.57514,20.80988],[105.58069,20.81275],[105.5868,20.83039],[105.58838,20.83213],[105.59196,20.83245],[105.59363,20.83341],[105.59733,20.84205],[105.61699,20.83165],[105.6346,20.83959],[105.63465,20.83188],[105.63899,20.82973],[105.63944,20.82562],[105.63198,20.82312],[105.62964,20.82079],[105.62869,20.81894],[105.62822,20.8175],[105.63249,20.802],[105.63186,20.79918],[105.63013,20.79589],[105.63045,20.79469],[105.64678,20.79372],[105.64646,20.78302],[105.6462,20.77592],[105.64874,20.75935],[105.65218,20.75099],[105.65439,20.74537],[105.66516,20.73601],[105.65955,20.72616],[105.67977,20.69656],[105.67718,20.68517],[105.66729,20.68004],[105.67185,20.66621],[105.67332,20.66542],[105.67441,20.66572],[105.67546,20.66992],[105.67662,20.66964],[105.67755,20.66873],[105.67753,20.64651],[105.68425,20.63942],[105.68262,20.63607],[105.68143,20.63353],[105.67835,20.63132],[105.66956,20.63266],[105.663,20.63001],[105.66442,20.61895],[105.68425,20.61744],[105.69204,20.62201],[105.7021,20.61322],[105.70503,20.60112],[105.71013,20.59985],[105.71691,20.59806],[105.71976,20.59973],[105.72303,20.60239],[105.72608,20.60295],[105.72975,20.60294],[105.73523,20.60024],[105.74031,20.5983],[105.74497,20.59561],[105.75328,20.58793],[105.75955,20.58141],[105.7642,20.5747],[105.77161,20.55212],[105.80258,20.50415],[105.80578,20.50207],[105.81762,20.50407],[105.81859,20.49709],[105.82328,20.48976],[105.85099,20.47799],[105.85122,20.47638],[105.84942,20.46028],[105.85474,20.42817],[105.85404,20.42788],[105.84,20.42202],[105.83544,20.42206],[105.83022,20.42583],[105.82829,20.426],[105.82719,20.42494],[105.82741,20.42284],[105.82755,20.41968],[105.82594,20.41871],[105.82136,20.41981],[105.80137,20.4348],[105.79033,20.45507],[105.78782,20.45461],[105.78519,20.454],[105.78468,20.45394],[105.78468,20.45392],[105.7855,20.4518],[105.78672,20.44862],[105.77892,20.4372],[105.77678,20.43665],[105.77289,20.43571],[105.77187,20.44145],[105.76014,20.44235],[105.75396,20.44254],[105.75074,20.44039],[105.75044,20.43953],[105.75011,20.43683],[105.7496,20.43343],[105.75568,20.41579],[105.75252,20.41442],[105.75153,20.4134],[105.75327,20.40083],[105.75117,20.39783],[105.75755,20.3829],[105.75188,20.36837],[105.74757,20.36797],[105.74553,20.3689],[105.74293,20.37438],[105.74386,20.38169],[105.74256,20.38418],[105.72879,20.38729],[105.72934,20.39412],[105.72729,20.39998],[105.72161,20.40561],[105.6948,20.41262],[105.68376,20.41083],[105.68567,20.40394],[105.69231,20.40271],[105.69406,20.40065],[105.69438,20.39992],[105.69506,20.3987],[105.69286,20.39171],[105.69865,20.38835],[105.70348,20.38618],[105.70533,20.38409],[105.70496,20.38103],[105.703,20.37497],[105.71761,20.34841],[105.73185,20.3379],[105.70967,20.32503],[105.70623,20.32751],[105.70442,20.3272],[105.7017,20.32588],[105.70289,20.32303],[105.68798,20.3082],[105.68356,20.30651],[105.67657,20.30727],[105.67165,20.30899],[105.66622,20.3117],[105.66364,20.31488],[105.66158,20.31952],[105.65797,20.32295],[105.65176,20.32541],[105.64633,20.33104],[105.6404,20.33813],[105.63368,20.34401],[105.62618,20.34818],[105.62151,20.3482],[105.61478,20.34993],[105.60858,20.35727],[105.5985,20.36413],[105.58348,20.36955],[105.56477,20.35985],[105.55699,20.36012],[105.5474,20.36137],[105.54196,20.36407],[105.54171,20.36431],[105.53576,20.36994],[105.53109,20.37166],[105.5285,20.37167],[105.5246,20.36973],[105.52277,20.36535],[105.52147,20.3634],[105.51654,20.36122],[105.50875,20.36076],[105.50098,20.36151],[105.47664,20.37572],[105.46783,20.37624],[105.46057,20.37723],[105.44968,20.38043],[105.43724,20.38412],[105.42766,20.38756],[105.42428,20.38756],[105.41961,20.38538],[105.41285,20.37954],[105.40895,20.37663],[105.40247,20.37567],[105.39365,20.37666],[105.3737,20.38646],[105.36126,20.39137],[105.34985,20.39139],[105.34078,20.39555],[105.31565,20.41121],[105.30373,20.41757],[105.29673,20.41856],[105.2905,20.41954],[105.28273,20.42346],[105.27859,20.42908],[105.27574,20.43201],[105.27081,20.43397],[105.26303,20.43471],[105.25654,20.43521],[105.25915,20.44008],[105.26305,20.44812],[105.26281,20.4591],[105.26049,20.46495],[105.25167,20.47131],[105.24078,20.47596],[105.23897,20.47937],[105.23845,20.48133],[105.24001,20.48352],[105.24261,20.48571],[105.24391,20.4879],[105.24288,20.49034],[105.20488,20.51895],[105.18116,20.5208],[105.17512,20.51757],[105.1706,20.51757],[105.16779,20.51778],[105.16241,20.52224],[105.1609,20.52629],[105.16005,20.53358],[105.15811,20.53764],[105.15359,20.54271],[105.14863,20.54494],[105.14238,20.54555],[105.13763,20.54616],[105.1344,20.5488],[105.13139,20.55488],[105.12708,20.55873],[105.11953,20.56258],[105.11263,20.56401],[105.10832,20.56603],[105.10702,20.56907],[105.10336,20.57232],[105.10013,20.57232],[105.0956,20.5707],[105.08934,20.57192],[105.08524,20.57557],[105.07813,20.578],[105.06799,20.57618],[105.0585,20.57315],[105.04577,20.55958],[105.03922,20.56025],[105.03168,20.56074],[105.02569,20.56257],[105.02002,20.55979],[105.00182,20.57413],[104.98568,20.57517],[104.98336,20.57286],[104.98254,20.57256],[104.97121,20.57561],[104.95828,20.58047],[104.95878,20.58039],[104.96091,20.5898],[104.96089,20.59573],[104.96575,20.59516],[104.96663,20.59632],[104.95802,20.60905],[104.95591,20.61451],[104.95591,20.61683],[104.95767,20.6208],[104.95872,20.62659],[104.94326,20.64363],[104.89827,20.66975],[104.8916,20.67008],[104.88685,20.6709],[104.88422,20.66957],[104.87878,20.66527],[104.87052,20.66311],[104.85858,20.66194],[104.8526,20.66293],[104.85015,20.66161],[104.84699,20.65515],[104.84453,20.65184],[104.83496,20.66059],[104.83896,20.68484],[104.83357,20.69836],[104.84787,20.70391],[104.83735,20.71803],[104.84367,20.73141],[104.83579,20.73533],[104.83554,20.74733],[104.83585,20.74813],[104.83801,20.75023],[104.8428,20.75417],[104.8577,20.75469],[104.86542,20.76349],[104.88506,20.76096],[104.8941,20.75568],[104.90802,20.74742],[104.91608,20.7442],[104.92877,20.74628],[104.93634,20.7472],[104.94342,20.74444],[104.96564,20.73181],[104.98175,20.72492],[104.98712,20.72492],[105.0,20.72391],[105.00285,20.72482],[105.01232,20.72765],[105.01473,20.72954],[105.01514,20.73238],[105.0105,20.74107],[105.00792,20.74539],[105.00167,20.74906],[104.99919,20.75019],[104.99449,20.75205],[104.99093,20.75174],[104.98828,20.75042],[104.98803,20.75031],[104.98887,20.75541],[104.98992,20.75766],[104.99222,20.76135],[104.99556,20.76413],[104.99728,20.76593],[105.00092,20.7657],[105.00713,20.76389],[105.00581,20.76758],[105.01017,20.77334],[105.01963,20.77901],[105.03258,20.77369],[105.02984,20.78289],[105.03253,20.79601],[105.02794,20.80061],[104.99594,20.81548],[105.00441,20.84172],[105.00403,20.84466],[105.00261,20.84608],[105.0,20.84664],[104.99716,20.8461],[104.99568,20.84723],[104.99542,20.84937],[104.99796,20.85452],[104.99782,20.85704],[104.99616,20.87063],[104.97747,20.89273],[104.97481,20.90263],[104.97252,20.90929],[104.95748,20.91805],[104.95438,20.92086],[104.94911,20.92566],[104.94054,20.9327],[104.9222,20.96239],[104.89906,20.98197],[104.89408,20.99016],[104.89122,21.0012],[104.88855,21.00977],[104.88322,21.01738],[104.87828,21.02442],[104.8648,21.03305],[104.85077,21.07343],[104.8518,21.07754],[104.85479,21.0796],[104.86276,21.07773],[104.86594,21.07717],[104.87727,21.10094],[104.88783,21.106],[104.89699,21.10956],[104.91062,21.1129],[104.90945,21.11713],[104.89343,21.13065],[104.85179,21.15248],[104.85715,21.17407],[104.84986,21.18363],[104.8583,21.19566],[104.86251,21.20728],[104.86207,21.21056],[104.85842,21.21629],[104.85361,21.22134],[104.84633,21.22503],[104.84283,21.22667],[104.85374,21.23679],[104.84702,21.25905],[104.8409,21.26355],[104.83973,21.2667],[104.84128,21.30946],[104.8181,21.32256],[104.8146,21.32665],[104.81211,21.33531],[104.8464,21.33987],[104.84359,21.35142],[104.84435,21.35249],[104.84766,21.35285],[104.8521,21.35298],[104.85299,21.355],[104.85298,21.36119],[104.85362,21.36548],[104.85666,21.36703],[104.86124,21.36704],[104.86391,21.36466],[104.87193,21.34894],[104.87777,21.34514],[104.88222,21.34347],[104.88717,21.34336],[104.89149,21.34407],[104.8953,21.3467],[104.89784,21.35122],[104.89835,21.35384],[104.89758,21.35742],[104.88156,21.37622],[104.88054,21.38396],[104.88218,21.3898],[104.88396,21.3923],[104.89044,21.39481],[104.89361,21.39684],[104.89907,21.40589],[104.90453,21.41459],[104.90516,21.43031],[104.90732,21.43293],[104.90999,21.43567],[104.91087,21.43913],[104.90998,21.44687],[104.90858,21.45092],[104.89929,21.46449],[104.89432,21.47401],[104.89126,21.4833],[104.88375,21.49961],[104.88195,21.52605],[104.86756,21.54319],[104.86616,21.54664],[104.86844,21.55498],[104.87251,21.55701],[104.87912,21.55797],[104.88943,21.56036],[104.89349,21.56357],[104.90036,21.56977],[104.88646,21.61252],[104.90491,21.6105],[104.90236,21.62789],[104.90706,21.63444],[104.93123,21.64272],[104.93614,21.65291],[104.9446,21.65575],[104.94875,21.65775],[104.95121,21.66058],[104.953,21.66215],[104.95513,21.66079],[104.95894,21.65639],[104.96532,21.64968],[104.96891,21.6478],[104.97092,21.64853],[104.97115,21.65325],[104.97193,21.6565],[104.97551,21.65932],[104.98145,21.66194],[104.98414,21.66456],[104.97764,21.67378],[104.99668,21.68039],[105.0,21.69193],[105.00669,21.6901],[105.01426,21.68899],[105.01838,21.68924],[105.029,21.70025],[105.03139,21.70087],[105.03285,21.70086],[105.05116,21.6896],[105.06139,21.69046],[105.06298,21.68898],[105.06749,21.68613],[105.07386,21.68366],[105.09639,21.68153],[105.09723,21.68433],[105.0979,21.68839],[105.09707,21.6915],[105.09523,21.69618],[105.0949,21.69899],[105.08452,21.7043],[105.08972,21.71257],[105.08872,21.71475],[105.08483,21.71822],[105.08632,21.71884],[105.09144,21.72064],[105.09891,21.71808],[105.10488,21.71135],[105.10986,21.70717],[105.13575,21.69973]]]],"type":"MultiPolygon"},"id":"tinh34.33","properties":{"matinh":"12","name":"Phú Thọ","atlasId":11},"type":"Feature"},{"geometry":{"coordinates":[[[[106.29739,21.12245],[106.29337,21.10721],[106.30068,21.08547],[106.30029,21.07525],[106.30167,21.07026],[106.30537,21.06287],[106.30739,21.06002],[106.30753,21.05837],[106.29218,21.04081],[106.29273,21.02152],[106.28709,21.01696],[106.27774,21.00998],[106.27466,21.00707],[106.27149,21.00106],[106.27087,20.99539],[106.27137,20.99307],[106.26701,20.99082],[106.2637,20.98994],[106.2563,20.99418],[106.25138,20.99743],[106.24785,20.99843],[106.22872,20.99725],[106.22223,20.99453],[106.21635,20.99128],[106.2027,20.98479],[106.18298,20.97923],[106.17522,20.97687],[106.16644,20.97004],[106.16171,20.97622],[106.16577,20.98279],[106.16692,20.98555],[106.16662,20.98747],[106.16541,20.989],[106.14903,20.99036],[106.13517,21.00193],[106.13283,21.00137],[106.13057,20.99985],[106.12871,20.99604],[106.12617,20.98414],[106.124,20.98432],[106.12352,20.98495],[106.12282,20.99035],[106.12136,20.99042],[106.11848,20.98981],[106.11756,20.98861],[106.11723,20.98557],[106.11612,20.98449],[106.11496,20.98461],[106.11344,20.98519],[106.11352,20.99632],[106.10634,21.00056],[106.10365,20.99966],[106.10169,20.99864],[106.10041,20.99887],[106.08781,21.00783],[106.08561,21.00784],[106.08384,21.0074],[106.08285,21.00637],[106.08068,21.00156],[106.07798,20.99677],[106.06581,21.00186],[106.06006,21.00155],[106.05682,21.00134],[106.05338,21.00698],[106.04838,21.00715],[106.0432,21.00603],[106.03508,20.99899],[106.02925,20.99524],[106.02618,20.99572],[106.02144,20.99647],[106.01628,20.99887],[106.01514,21.00276],[106.00513,20.9993],[105.9984,21.00228],[105.99743,21.00627],[105.99779,21.00697],[106.00806,21.01148],[106.00346,21.01306],[106.00161,21.01937],[106.01621,21.03793],[106.0183,21.04314],[106.01803,21.04644],[106.01712,21.04905],[106.01145,21.05233],[106.00669,21.05821],[106.00531,21.05991],[105.99774,21.07405],[105.99144,21.07013],[105.96764,21.07289],[105.96022,21.07831],[105.95838,21.08806],[105.95788,21.09121],[105.95573,21.09241],[105.93915,21.08602],[105.92829,21.11299],[105.9231,21.11703],[105.92059,21.11898],[105.9196,21.1195],[105.91386,21.11992],[105.91059,21.12873],[105.91715,21.1339],[105.91975,21.13609],[105.91992,21.13627],[105.9206,21.13544],[105.92163,21.13414],[105.92259,21.13433],[105.92334,21.13541],[105.92406,21.13924],[105.92421,21.14514],[105.92005,21.15136],[105.91875,21.15439],[105.91847,21.15597],[105.92099,21.16498],[105.91795,21.16456],[105.91673,21.16495],[105.91593,21.16621],[105.91529,21.16872],[105.91595,21.17262],[105.91716,21.17782],[105.92241,21.18349],[105.91082,21.19284],[105.90505,21.1939],[105.90653,21.20175],[105.91118,21.20344],[105.90804,21.20816],[105.91368,21.20997],[105.91347,21.21669],[105.90856,21.2253],[105.90266,21.22345],[105.90188,21.22463],[105.90185,21.22714],[105.90549,21.23225],[105.91874,21.23292],[105.93155,21.24614],[105.93593,21.24465],[105.93662,21.24563],[105.93689,21.24701],[105.9213,21.27077],[105.92024,21.27461],[105.92054,21.28463],[105.92377,21.29365],[105.91584,21.29751],[105.91434,21.30316],[105.90566,21.30273],[105.90332,21.30332],[105.90037,21.30458],[105.89702,21.30689],[105.89658,21.32744],[105.88778,21.32794],[105.88014,21.33958],[105.88388,21.34541],[105.88516,21.3466],[105.89611,21.34404],[105.90332,21.3448],[105.90509,21.34596],[105.90689,21.34799],[105.90751,21.35226],[105.90086,21.35027],[105.89573,21.35076],[105.9083,21.37564],[105.93892,21.37476],[105.94136,21.37785],[105.94267,21.38202],[105.94197,21.39656],[105.95444,21.40807],[105.95533,21.43199],[105.95635,21.43442],[105.9596,21.43634],[105.96306,21.43589],[105.96511,21.43113],[105.96807,21.42399],[105.96965,21.42238],[105.96988,21.42215],[105.97427,21.41769],[105.98371,21.41224],[105.98786,21.41028],[105.99085,21.40864],[105.99455,21.40721],[106.0108,21.40449],[106.0214,21.39653],[106.02206,21.39651],[106.02396,21.39739],[106.0256,21.39872],[106.03357,21.41368],[106.02453,21.43458],[106.02547,21.43783],[106.02774,21.44049],[106.03121,21.44133],[106.0355,21.44082],[106.0405,21.44041],[106.04296,21.44145],[106.04594,21.44382],[106.04831,21.44772],[106.04947,21.45192],[106.0496,21.45594],[106.0482,21.46035],[106.04648,21.46322],[106.04151,21.46718],[106.03899,21.47264],[106.04467,21.48044],[106.04002,21.4885],[106.04334,21.50885],[106.04156,21.51894],[106.0544,21.5528],[106.04896,21.55396],[106.04433,21.55965],[106.0286,21.56297],[106.03124,21.56977],[106.03387,21.57349],[106.04381,21.58024],[106.04635,21.58201],[106.05204,21.59531],[106.0543,21.6001],[106.05562,21.60218],[106.08429,21.62178],[106.09144,21.62439],[106.09528,21.62537],[106.09743,21.62528],[106.1095,21.61968],[106.11608,21.61756],[106.12383,21.6175],[106.12835,21.61783],[106.15688,21.6271],[106.17125,21.61083],[106.17415,21.60957],[106.18424,21.60614],[106.16765,21.5956],[106.16536,21.57793],[106.16871,21.54979],[106.16767,21.54741],[106.16571,21.54494],[106.16548,21.54207],[106.16618,21.53977],[106.16739,21.53804],[106.16809,21.53651],[106.16618,21.52092],[106.16706,21.51575],[106.16902,21.51215],[106.20722,21.49844],[106.23542,21.4953],[106.24065,21.48731],[106.25605,21.48833],[106.25784,21.48904],[106.25901,21.49112],[106.2601,21.49189],[106.27148,21.49437],[106.27308,21.49448],[106.28213,21.49244],[106.28423,21.49183],[106.28228,21.4526],[106.29076,21.44519],[106.29273,21.44433],[106.29468,21.44396],[106.29978,21.44307],[106.30075,21.44321],[106.30208,21.44367],[106.30265,21.44444],[106.30295,21.44936],[106.30439,21.45053],[106.30757,21.45257],[106.30844,21.45276],[106.31392,21.44851],[106.32722,21.44705],[106.32953,21.44052],[106.322,21.41248],[106.33759,21.4006],[106.34449,21.40169],[106.35716,21.397],[106.35976,21.39741],[106.36399,21.39945],[106.36575,21.39944],[106.37551,21.39534],[106.37874,21.39646],[106.38212,21.3978],[106.38504,21.39878],[106.38913,21.40161],[106.39168,21.40439],[106.3943,21.40623],[106.39729,21.40635],[106.40011,21.40575],[106.40309,21.40501],[106.40601,21.40556],[106.41084,21.40702],[106.41316,21.40829],[106.41394,21.40994],[106.41374,21.4136],[106.41308,21.41697],[106.41165,21.41863],[106.40737,21.4201],[106.40547,21.42155],[106.40412,21.4245],[106.40346,21.42759],[106.41704,21.43838],[106.43023,21.43948],[106.43593,21.44316],[106.44376,21.43736],[106.45229,21.44051],[106.46522,21.43846],[106.47198,21.4488],[106.48081,21.45066],[106.49255,21.48303],[106.51332,21.49195],[106.51636,21.49623],[106.51761,21.49923],[106.51771,21.50145],[106.51682,21.50361],[106.51305,21.50959],[106.50716,21.51811],[106.50589,21.52192],[106.50592,21.52428],[106.50663,21.52643],[106.52022,21.5367],[106.52614,21.56052],[106.53694,21.56709],[106.54021,21.57186],[106.54116,21.57436],[106.54203,21.57672],[106.54373,21.57814],[106.54797,21.5809],[106.54992,21.5836],[106.55409,21.59403],[106.56402,21.59717],[106.5675,21.60065],[106.56906,21.60242],[106.59065,21.6],[106.61635,21.60864],[106.63223,21.60246],[106.63514,21.60258],[106.64193,21.60588],[106.64393,21.60672],[106.65326,21.6044],[106.66778,21.60784],[106.69721,21.59611],[106.69871,21.59511],[106.70043,21.59365],[106.69825,21.57284],[106.70895,21.56183],[106.71373,21.56006],[106.71946,21.55826],[106.7247,21.55575],[106.74182,21.54209],[106.7459,21.54147],[106.75061,21.5418],[106.75409,21.54263],[106.75534,21.54453],[106.75652,21.54958],[106.75771,21.55473],[106.75633,21.55905],[106.75454,21.56279],[106.75395,21.5649],[106.7545,21.56786],[106.75935,21.5723],[106.7821,21.57731],[106.8002,21.56183],[106.82107,21.56399],[106.84206,21.55917],[106.85052,21.54092],[106.85312,21.54048],[106.85635,21.5397],[106.86031,21.53736],[106.86304,21.53526],[106.8635,21.53273],[106.86316,21.52981],[106.86078,21.52651],[106.85823,21.52368],[106.84931,21.52532],[106.84811,21.52258],[106.84843,21.51937],[106.84817,21.51777],[106.83787,21.51312],[106.84109,21.49582],[106.87218,21.49772],[106.88468,21.49328],[106.89047,21.47902],[106.89412,21.47668],[106.89823,21.47463],[106.89957,21.47174],[106.89922,21.46831],[106.89641,21.46447],[106.89046,21.46027],[106.8894,21.45722],[106.88966,21.45387],[106.90847,21.43253],[106.91122,21.43174],[106.91337,21.432],[106.92562,21.44017],[106.9305,21.43094],[106.94159,21.43569],[106.95277,21.42438],[106.96662,21.43664],[106.97144,21.4383],[106.97748,21.43986],[106.98239,21.44075],[106.98586,21.44014],[106.98747,21.4384],[106.98885,21.43513],[106.98933,21.43312],[107.00135,21.42371],[107.00164,21.42227],[106.99998,21.42047],[106.9965,21.41927],[106.9924,21.41818],[106.99033,21.4161],[106.98999,21.41352],[106.99005,21.41084],[106.98961,21.40827],[106.9866,21.40458],[106.98411,21.40183],[106.98398,21.39916],[106.98413,21.39562],[106.9849,21.39227],[106.98879,21.38563],[106.99028,21.38226],[106.98674,21.36175],[107.01556,21.34296],[107.01997,21.33756],[107.02086,21.33544],[107.02103,21.33238],[107.02223,21.33084],[107.02989,21.3243],[107.03004,21.32177],[107.03034,21.31382],[107.02622,21.30877],[107.01823,21.30149],[106.98436,21.29352],[106.97209,21.28549],[106.97383,21.27242],[106.97518,21.27068],[106.97814,21.26921],[106.9805,21.2679],[106.98184,21.26573],[106.98271,21.26228],[106.98313,21.25905],[106.97599,21.23949],[106.97492,21.2281],[106.96706,21.22347],[106.96534,21.22055],[106.9625,21.21456],[106.9611,21.21228],[106.95932,21.21072],[106.95709,21.20953],[106.9553,21.20769],[106.95381,21.19279],[106.94625,21.18779],[106.94476,21.18501],[106.94355,21.17958],[106.94151,21.17552],[106.93949,21.17324],[106.93579,21.17114],[106.93296,21.17059],[106.92885,21.17186],[106.9225,21.17738],[106.91624,21.18376],[106.91312,21.18501],[106.89189,21.18088],[106.88869,21.18163],[106.88512,21.18325],[106.88139,21.18451],[106.86966,21.17532],[106.8602,21.17715],[106.85868,21.17809],[106.85457,21.18925],[106.84114,21.18725],[106.82491,21.18972],[106.82343,21.18945],[106.82286,21.18864],[106.8228,21.18735],[106.82393,21.16793],[106.82826,21.15537],[106.81626,21.15717],[106.78872,21.15063],[106.73148,21.16193],[106.72076,21.16046],[106.69576,21.17051],[106.68182,21.16831],[106.68004,21.16876],[106.67883,21.16992],[106.67752,21.17122],[106.64288,21.17691],[106.6274,21.17276],[106.60915,21.17227],[106.60291,21.18026],[106.58772,21.17973],[106.58674,21.18763],[106.58422,21.19014],[106.57935,21.19234],[106.56602,21.19002],[106.55557,21.19476],[106.54169,21.19302],[106.52787,21.22169],[106.52659,21.22296],[106.52316,21.22421],[106.50629,21.2235],[106.48646,21.23448],[106.46674,21.22809],[106.4525,21.23306],[106.43479,21.22948],[106.43144,21.2303],[106.4261,21.23221],[106.42435,21.23236],[106.41047,21.21219],[106.40401,21.20859],[106.39747,21.20477],[106.38871,21.19996],[106.37453,21.19671],[106.36118,21.17438],[106.34649,21.17252],[106.34287,21.16614],[106.32252,21.18573],[106.32156,21.19324],[106.31104,21.19387],[106.30962,21.19205],[106.30718,21.18547],[106.30716,21.18312],[106.31883,21.16071],[106.32055,21.15491],[106.32106,21.15089],[106.31892,21.14327],[106.315,21.13596],[106.31215,21.13197],[106.29739,21.12245]]]],"type":"MultiPolygon"},"id":"tinh34.31","properties":{"matinh":"2","name":"Bắc Ninh","atlasId":12},"type":"Feature"},{"geometry":{"coordinates":[[[[107.73315,20.12933],[107.73068,20.12567],[107.72941,20.12515],[107.72601,20.12956],[107.71431,20.12956],[107.73871,20.14704],[107.73315,20.12933]]],[[[107.13924,20.61703],[107.13785,20.61734],[107.13573,20.61851],[107.13381,20.62054],[107.13183,20.62297],[107.13132,20.62533],[107.13104,20.62734],[107.13142,20.62831],[107.13228,20.62847],[107.13355,20.62777],[107.13521,20.62494],[107.13719,20.62256],[107.13857,20.62123],[107.14008,20.62029],[107.14049,20.61931],[107.14011,20.61788],[107.13924,20.61703]]],[[[107.15757,20.62093],[107.15395,20.62339],[107.15221,20.62496],[107.15186,20.62611],[107.15176,20.62795],[107.1527,20.62954],[107.15405,20.63015],[107.15508,20.62985],[107.15827,20.62712],[107.15935,20.6263],[107.16001,20.62503],[107.16011,20.62383],[107.15979,20.62245],[107.15867,20.62103],[107.15757,20.62093]]],[[[107.01809,20.71667],[107.0229,20.71035],[107.01674,20.71051],[107.00504,20.72639],[107.01809,20.71667]]],[[[107.08002,20.73065],[107.07757,20.7297],[107.08029,20.72011],[107.07547,20.72978],[107.07808,20.7328],[107.07865,20.73273],[107.07937,20.73198],[107.08002,20.73065]]],[[[107.0678,20.73364],[107.06886,20.72478],[107.05973,20.72862],[107.06045,20.73384],[107.06688,20.73649],[107.0678,20.73364]]],[[[107.07643,20.75717],[107.08444,20.74628],[107.06645,20.75733],[107.05455,20.75661],[107.05379,20.75705],[107.05297,20.75817],[107.05234,20.7594],[107.05626,20.76462],[107.07643,20.75717]]],[[[107.08056,20.77605],[107.09966,20.77374],[107.09832,20.77028],[107.09683,20.76735],[107.09586,20.76615],[107.09268,20.76755],[107.08646,20.7639],[107.08428,20.7578],[107.06943,20.76475],[107.07243,20.76977],[107.07054,20.77653],[107.07404,20.77591],[107.07597,20.76933],[107.07849,20.76976],[107.07956,20.76997],[107.08049,20.77053],[107.07768,20.77734],[107.07833,20.77726],[107.07961,20.77617],[107.08056,20.77605]]],[[[106.89659,20.80694],[106.8983,20.80715],[106.90031,20.80747],[106.90128,20.80694],[106.90768,20.79661],[106.90602,20.79548],[106.89976,20.79279],[106.89842,20.79292],[106.89645,20.79639],[106.89507,20.79807],[106.87759,20.79493],[106.87518,20.78785],[106.8739,20.7874],[106.85895,20.78716],[106.85736,20.78701],[106.84681,20.7971],[106.84283,20.81022],[106.84321,20.81153],[106.84474,20.81249],[106.84683,20.81327],[106.87084,20.8164],[106.87958,20.81756],[106.88263,20.81742],[106.88603,20.81669],[106.88924,20.81499],[106.89659,20.80694]]],[[[106.86755,20.83284],[106.87831,20.82124],[106.87586,20.82075],[106.84488,20.81662],[106.84263,20.81693],[106.84172,20.81762],[106.84122,20.81834],[106.84575,20.82176],[106.84756,20.82296],[106.84738,20.82839],[106.85239,20.83106],[106.85361,20.83535],[106.85464,20.83629],[106.85709,20.83708],[106.86009,20.83733],[106.86232,20.83664],[106.8646,20.83547],[106.86755,20.83284]]],[[[106.96343,20.87434],[106.97455,20.8718],[106.97398,20.86499],[106.9705,20.8613],[106.95916,20.86137],[106.95579,20.85863],[106.95364,20.86481],[106.95584,20.87234],[106.95754,20.86912],[106.96205,20.87072],[106.95731,20.87815],[106.96343,20.87434]]],[[[106.96069,20.85561],[106.98029,20.85793],[106.98021,20.84681],[106.9845,20.8576],[106.99408,20.86219],[107.00193,20.85649],[106.99893,20.84645],[107.00473,20.85262],[107.00899,20.8416],[107.01124,20.84042],[107.01233,20.84041],[107.00695,20.85269],[107.00687,20.86049],[107.0341,20.86235],[107.03592,20.85659],[107.04399,20.84875],[107.04462,20.84582],[107.04468,20.84392],[107.04355,20.83872],[107.04421,20.83692],[107.04602,20.83511],[107.04995,20.83284],[107.05193,20.83232],[107.05852,20.83372],[107.05854,20.82619],[107.06753,20.81879],[107.07517,20.82491],[107.08748,20.81879],[107.08987,20.81267],[107.10532,20.80382],[107.10768,20.80008],[107.10838,20.79572],[107.10858,20.79213],[107.10822,20.78891],[107.10774,20.78775],[107.09572,20.79291],[107.09454,20.79235],[107.09406,20.79078],[107.09968,20.77791],[107.08469,20.77804],[107.07481,20.78146],[107.06808,20.77683],[107.06938,20.77169],[107.06353,20.7699],[107.05801,20.77631],[107.04736,20.77429],[107.05527,20.76792],[107.04424,20.76295],[107.04311,20.76201],[107.04309,20.76048],[107.04388,20.75904],[107.06471,20.75057],[107.071,20.74529],[107.06961,20.73917],[107.06786,20.73805],[107.0645,20.73718],[107.06293,20.73739],[107.06443,20.74354],[107.05392,20.74772],[107.05807,20.73864],[107.05778,20.7223],[107.05124,20.71531],[107.04336,20.71373],[107.04795,20.72332],[107.04464,20.72642],[107.03963,20.72357],[107.03763,20.72995],[107.03667,20.73072],[107.03401,20.73181],[107.03319,20.73215],[107.0304,20.7328],[107.02903,20.73239],[107.0285,20.73144],[107.0333,20.72149],[107.0243,20.72872],[107.02241,20.72358],[107.02222,20.72353],[107.02154,20.72335],[107.01998,20.72413],[107.01274,20.73204],[107.01264,20.7333],[107.01375,20.73461],[107.03771,20.7345],[107.03888,20.73557],[107.03989,20.73763],[107.03991,20.73906],[107.03026,20.73785],[107.02814,20.73925],[107.0259,20.74031],[107.02311,20.74126],[107.01083,20.7392],[107.01546,20.74595],[107.01528,20.74685],[107.01468,20.74793],[107.01355,20.74859],[107.00652,20.74559],[107.0011,20.75081],[106.99884,20.75137],[106.99647,20.75118],[106.99485,20.74977],[106.99636,20.73791],[106.9981,20.73536],[106.99983,20.73305],[107.0,20.73201],[106.9993,20.7295],[106.99776,20.72871],[106.99679,20.72895],[106.99562,20.73218],[106.99413,20.73558],[106.99312,20.73703],[106.98607,20.73889],[106.9671,20.75688],[106.96614,20.75839],[106.9664,20.75936],[106.96683,20.75975],[106.97387,20.76101],[106.97389,20.76244],[106.9733,20.76568],[106.95118,20.79377],[106.91509,20.80068],[106.91733,20.80847],[106.90694,20.82843],[106.92209,20.84913],[106.92473,20.85037],[106.92644,20.85046],[106.92807,20.84895],[106.92933,20.84768],[106.9314,20.84708],[106.94298,20.84597],[106.94805,20.85096],[106.94848,20.86105],[106.9409,20.86464],[106.94823,20.87023],[106.94915,20.87957],[106.9542,20.87412],[106.95014,20.8624],[106.95452,20.85647],[106.95635,20.85609],[106.95848,20.85571],[106.96069,20.85561]]],[[[106.61899,21.01541],[106.63229,21.01228],[106.63644,21.01319],[106.63886,21.01407],[106.64061,21.01626],[106.64216,21.01828],[106.64376,21.01934],[106.64568,21.02004],[106.64784,21.02038],[106.65147,21.01992],[106.69695,21.00202],[106.71198,20.99952],[106.72106,20.99767],[106.74334,20.99736],[106.76151,20.98455],[106.7639,20.98008],[106.76568,20.97562],[106.76712,20.96858],[106.76891,20.91634],[106.76773,20.91067],[106.76479,20.90458],[106.75785,20.89554],[106.75344,20.89033],[106.75134,20.88521],[106.75702,20.85982],[106.75975,20.85406],[106.76251,20.85068],[106.77158,20.84354],[106.78307,20.83697],[106.8215,20.83035],[106.83446,20.8137],[106.82671,20.80682],[106.82555,20.80661],[106.81652,20.80624],[106.81462,20.80604],[106.81253,20.79613],[106.80293,20.7995],[106.79904,20.79512],[106.77609,20.79456],[106.77426,20.7893],[106.7615,20.78284],[106.76013,20.77998],[106.7593,20.77678],[106.77164,20.76845],[106.78726,20.72751],[106.79927,20.72228],[106.78965,20.70208],[106.79685,20.69497],[106.79396,20.68583],[106.80199,20.68524],[106.80255,20.6847],[106.80603,20.67928],[106.80791,20.67744],[106.80542,20.67302],[106.79945,20.67337],[106.79582,20.68118],[106.78527,20.68929],[106.78156,20.70052],[106.78046,20.70053],[106.77972,20.70013],[106.7791,20.69871],[106.77908,20.69194],[106.77011,20.69077],[106.7681,20.69108],[106.76354,20.69244],[106.76234,20.69343],[106.76519,20.70298],[106.76679,20.70445],[106.76924,20.70558],[106.7712,20.7063],[106.76759,20.71024],[106.75913,20.70052],[106.7458,20.69681],[106.729,20.67933],[106.72219,20.67785],[106.71813,20.67807],[106.69531,20.6872],[106.70734,20.665],[106.70863,20.66091],[106.7086,20.65753],[106.69437,20.63294],[106.6924,20.63124],[106.68235,20.62607],[106.68032,20.62436],[106.67573,20.61661],[106.67065,20.61471],[106.66558,20.61367],[106.66259,20.61352],[106.63239,20.62885],[106.61196,20.62697],[106.60789,20.6289],[106.60439,20.63209],[106.5998,20.64047],[106.59261,20.6381],[106.59001,20.6364],[106.58707,20.63261],[106.5847,20.62909],[106.58317,20.62786],[106.57858,20.62618],[106.57368,20.62393],[106.56801,20.62078],[106.56618,20.62051],[106.56436,20.62077],[106.56284,20.62183],[106.55969,20.62597],[106.55802,20.62704],[106.54508,20.62778],[106.54324,20.6266],[106.54094,20.62452],[106.54001,20.62343],[106.53809,20.60915],[106.53645,20.60768],[106.53089,20.60486],[106.52737,20.60346],[106.52427,20.60306],[106.5198,20.60314],[106.51823,20.60349],[106.5143,20.6118],[106.51103,20.61383],[106.50799,20.61515],[106.50434,20.616],[106.50079,20.61636],[106.49278,20.6171],[106.4812,20.60118],[106.47011,20.59879],[106.46407,20.61486],[106.44829,20.62187],[106.44857,20.62369],[106.45032,20.62712],[106.45286,20.63269],[106.45361,20.63636],[106.45354,20.63938],[106.45279,20.64086],[106.42046,20.67555],[106.40046,20.69099],[106.40972,20.70576],[106.4193,20.70936],[106.41947,20.71074],[106.41938,20.7129],[106.41894,20.71462],[106.40698,20.72342],[106.40669,20.72486],[106.40565,20.72939],[106.40407,20.72941],[106.4012,20.72955],[106.39992,20.72933],[106.38093,20.7127],[106.37989,20.71262],[106.37409,20.71215],[106.37042,20.71092],[106.36405,20.7069],[106.35999,20.70383],[106.35595,20.70203],[106.35205,20.70137],[106.34888,20.70157],[106.34608,20.70251],[106.34378,20.70402],[106.34072,20.70914],[106.33884,20.71117],[106.33696,20.71181],[106.33428,20.71201],[106.33196,20.71179],[106.31924,20.70042],[106.30087,20.69115],[106.29167,20.69711],[106.29195,20.70034],[106.292,20.70665],[106.29151,20.70766],[106.28893,20.70988],[106.28402,20.71235],[106.28275,20.71241],[106.28097,20.70515],[106.28679,20.69593],[106.28236,20.69393],[106.27857,20.69321],[106.27456,20.6937],[106.26459,20.70473],[106.26203,20.70504],[106.26026,20.70482],[106.25206,20.70126],[106.2485,20.699],[106.24733,20.69705],[106.2472,20.69579],[106.24804,20.69407],[106.25004,20.69244],[106.25289,20.69076],[106.26336,20.68919],[106.26598,20.68849],[106.26718,20.68693],[106.26753,20.68503],[106.26028,20.68571],[106.25064,20.68678],[106.24755,20.68771],[106.24654,20.68887],[106.24555,20.69184],[106.2447,20.69433],[106.24319,20.69656],[106.22521,20.70714],[106.22213,20.71842],[106.21034,20.73041],[106.20974,20.7316],[106.21005,20.73267],[106.21074,20.73317],[106.21673,20.73391],[106.21355,20.75064],[106.19803,20.75541],[106.19115,20.76653],[106.17823,20.76494],[106.17218,20.77664],[106.1634,20.78555],[106.15723,20.78083],[106.15593,20.78065],[106.15338,20.78107],[106.15175,20.78169],[106.14093,20.79362],[106.13889,20.80081],[106.12948,20.80747],[106.13649,20.81083],[106.1389,20.81791],[106.12685,20.83271],[106.13995,20.85898],[106.14206,20.87839],[106.14535,20.88489],[106.14462,20.8906],[106.13647,20.89474],[106.13475,20.90413],[106.14648,20.91529],[106.15076,20.91765],[106.15543,20.91943],[106.14647,20.92967],[106.14707,20.93147],[106.14923,20.9339],[106.15021,20.93604],[106.15041,20.94216],[106.15063,20.94426],[106.15115,20.94579],[106.1534,20.94783],[106.15581,20.95006],[106.15613,20.9513],[106.14861,20.95914],[106.13336,20.96183],[106.1324,20.96379],[106.1321,20.97085],[106.13469,20.97342],[106.13625,20.97627],[106.13023,20.98072],[106.12617,20.98414],[106.12871,20.99604],[106.13057,20.99985],[106.13283,21.00137],[106.13517,21.00193],[106.14903,20.99036],[106.16541,20.989],[106.16662,20.98747],[106.16692,20.98555],[106.16577,20.98279],[106.16171,20.97622],[106.16644,20.97004],[106.17522,20.97687],[106.18298,20.97923],[106.2027,20.98479],[106.21635,20.99128],[106.22223,20.99453],[106.22872,20.99725],[106.24785,20.99843],[106.25138,20.99743],[106.2563,20.99418],[106.2637,20.98994],[106.26701,20.99082],[106.27137,20.99307],[106.27087,20.99539],[106.27149,21.00106],[106.27466,21.00707],[106.27774,21.00998],[106.28709,21.01696],[106.29273,21.02152],[106.29218,21.04081],[106.30753,21.05837],[106.30029,21.07525],[106.30068,21.08547],[106.29318,21.11101],[106.29351,21.11438],[106.29541,21.11913],[106.29739,21.12245],[106.315,21.13596],[106.31892,21.14327],[106.32106,21.15089],[106.32055,21.15491],[106.31883,21.16071],[106.30716,21.18312],[106.30718,21.18547],[106.30962,21.19205],[106.31104,21.19387],[106.32156,21.19324],[106.32252,21.18573],[106.34287,21.16614],[106.34649,21.17252],[106.36118,21.17438],[106.37453,21.19671],[106.38871,21.19996],[106.39747,21.20477],[106.40401,21.20859],[106.41047,21.21219],[106.42228,21.23181],[106.43479,21.22948],[106.4525,21.23306],[106.46674,21.22809],[106.48814,21.23396],[106.49955,21.22644],[106.49865,21.20502],[106.49296,21.20027],[106.49435,21.18606],[106.48507,21.17567],[106.48704,21.16839],[106.47797,21.14806],[106.48239,21.14181],[106.48264,21.13105],[106.46764,21.11889],[106.4397,21.11731],[106.43917,21.11607],[106.43932,21.11497],[106.44041,21.11223],[106.43726,21.10777],[106.44891,21.09529],[106.44345,21.08974],[106.43947,21.0783],[106.45324,21.07006],[106.45379,21.06639],[106.47766,21.07044],[106.48566,21.06906],[106.4994,21.05824],[106.51582,21.06069],[106.51748,21.0544],[106.51619,21.05322],[106.5135,21.05067],[106.51272,21.04925],[106.5127,21.04793],[106.51384,21.04703],[106.52356,21.05118],[106.53301,21.04929],[106.54164,21.05459],[106.55317,21.05371],[106.5549,21.05459],[106.55778,21.05683],[106.559,21.05706],[106.5667,21.05412],[106.57453,21.05769],[106.59263,21.04228],[106.59463,21.04105],[106.60036,21.03928],[106.60236,21.03777],[106.60525,21.0343],[106.60694,21.0317],[106.60757,21.0286],[106.60767,21.02567],[106.60808,21.02423],[106.60996,21.02225],[106.61065,21.02173],[106.61899,21.01541]]]],"type":"MultiPolygon"},"id":"tinh34.28","properties":{"matinh":"4","name":"Hải Phòng","atlasId":13},"type":"Feature"},{"geometry":{"coordinates":[[[[106.10169,20.99864],[106.10365,20.99966],[106.10634,21.00056],[106.11352,20.99632],[106.11344,20.98519],[106.11496,20.98461],[106.11612,20.98449],[106.11723,20.98557],[106.11756,20.98861],[106.11848,20.98981],[106.12136,20.99042],[106.12282,20.99035],[106.124,20.98432],[106.12617,20.98414],[106.13023,20.98072],[106.13625,20.97627],[106.13469,20.97342],[106.1321,20.97085],[106.1324,20.96379],[106.13336,20.96183],[106.14861,20.95914],[106.15078,20.95769],[106.15291,20.95605],[106.15598,20.95235],[106.15115,20.94579],[106.15063,20.94426],[106.15041,20.94216],[106.15021,20.93604],[106.14923,20.9339],[106.14707,20.93147],[106.14647,20.92967],[106.15543,20.91943],[106.15076,20.91765],[106.14648,20.91529],[106.13475,20.90413],[106.13647,20.89474],[106.14462,20.8906],[106.14535,20.88489],[106.14206,20.87839],[106.13995,20.85898],[106.12685,20.83271],[106.1389,20.81791],[106.13649,20.81083],[106.12948,20.80747],[106.13889,20.80081],[106.14093,20.79362],[106.15175,20.78169],[106.15338,20.78107],[106.15593,20.78065],[106.15723,20.78083],[106.1634,20.78555],[106.17218,20.77664],[106.17823,20.76494],[106.19115,20.76653],[106.19803,20.75541],[106.21355,20.75064],[106.21673,20.73391],[106.21074,20.73317],[106.21005,20.73267],[106.20974,20.7316],[106.21034,20.73041],[106.22213,20.71842],[106.22521,20.70714],[106.24319,20.69656],[106.24755,20.68771],[106.25064,20.68678],[106.26028,20.68571],[106.26753,20.68503],[106.26718,20.68693],[106.26598,20.68849],[106.26336,20.68919],[106.25289,20.69076],[106.25004,20.69244],[106.24804,20.69407],[106.2472,20.69579],[106.24733,20.69705],[106.2485,20.699],[106.25206,20.70126],[106.26026,20.70482],[106.26203,20.70504],[106.26459,20.70473],[106.27456,20.6937],[106.27857,20.69321],[106.28236,20.69393],[106.28679,20.69593],[106.28097,20.70515],[106.28275,20.71241],[106.28402,20.71235],[106.28893,20.70988],[106.29151,20.70766],[106.292,20.70665],[106.29195,20.70034],[106.29167,20.69711],[106.30087,20.69115],[106.31924,20.70042],[106.33196,20.71179],[106.33428,20.71201],[106.33696,20.71181],[106.33884,20.71117],[106.34072,20.70914],[106.34378,20.70402],[106.34608,20.70251],[106.34888,20.70157],[106.35205,20.70137],[106.35595,20.70203],[106.35999,20.70383],[106.36405,20.7069],[106.37042,20.71092],[106.37409,20.71215],[106.37989,20.71262],[106.38093,20.7127],[106.39992,20.72933],[106.4012,20.72955],[106.40407,20.72941],[106.40565,20.72939],[106.40669,20.72486],[106.40698,20.72342],[106.41894,20.71462],[106.41938,20.7129],[106.41947,20.71074],[106.4193,20.70936],[106.40972,20.70576],[106.40046,20.69099],[106.42046,20.67555],[106.45279,20.64086],[106.45354,20.63938],[106.45361,20.63636],[106.45286,20.63269],[106.45032,20.62712],[106.44857,20.62369],[106.44829,20.62187],[106.46407,20.61486],[106.47011,20.59879],[106.4812,20.60118],[106.49278,20.6171],[106.50079,20.61636],[106.50434,20.616],[106.50799,20.61515],[106.51103,20.61383],[106.5143,20.6118],[106.51823,20.60349],[106.5198,20.60314],[106.52427,20.60306],[106.52737,20.60346],[106.53089,20.60486],[106.53645,20.60768],[106.53809,20.60915],[106.54001,20.62343],[106.54094,20.62452],[106.54324,20.6266],[106.54508,20.62778],[106.55802,20.62704],[106.55969,20.62597],[106.56284,20.62183],[106.56436,20.62077],[106.56618,20.62051],[106.56801,20.62078],[106.57368,20.62393],[106.57858,20.62618],[106.58317,20.62786],[106.5847,20.62909],[106.58707,20.63261],[106.59001,20.6364],[106.59261,20.6381],[106.5998,20.64047],[106.60439,20.63209],[106.60789,20.6289],[106.61196,20.62697],[106.63239,20.62885],[106.63566,20.62744],[106.64583,20.62103],[106.64979,20.61823],[106.64875,20.61744],[106.64824,20.61613],[106.6486,20.61475],[106.65217,20.61028],[106.65268,20.60748],[106.65257,20.60483],[106.65193,20.60247],[106.60937,20.58143],[106.60435,20.57431],[106.59602,20.5637],[106.58332,20.55256],[106.58802,20.54019],[106.58536,20.52163],[106.6009,20.49466],[106.60369,20.48208],[106.60364,20.47736],[106.60284,20.47408],[106.59794,20.46642],[106.59856,20.45858],[106.5994,20.4538],[106.60026,20.45152],[106.60221,20.44983],[106.61723,20.44342],[106.60312,20.4148],[106.59386,20.41471],[106.59078,20.41145],[106.58867,20.40896],[106.58712,20.40676],[106.57537,20.36869],[106.58045,20.35538],[106.58726,20.35167],[106.59038,20.34124],[106.5926,20.33501],[106.59421,20.33111],[106.60182,20.32041],[106.60184,20.30332],[106.59633,20.29745],[106.59669,20.29559],[106.59731,20.29409],[106.60676,20.28875],[106.60468,20.27754],[106.5995,20.26109],[106.59593,20.2524],[106.58711,20.24426],[106.58262,20.25571],[106.57995,20.26204],[106.57715,20.26608],[106.5265,20.31707],[106.50869,20.30939],[106.502,20.30954],[106.49835,20.30967],[106.49561,20.30902],[106.47528,20.29217],[106.46898,20.2907],[106.46188,20.28971],[106.4553,20.28985],[106.4465,20.29174],[106.43933,20.29458],[106.43288,20.29874],[106.42614,20.30406],[106.4019,20.33619],[106.39183,20.34286],[106.38698,20.34472],[106.38282,20.34513],[106.3731,20.34597],[106.36379,20.34815],[106.35723,20.35145],[106.33921,20.3777],[106.33647,20.3781],[106.33383,20.37726],[106.33097,20.37432],[106.32432,20.36739],[106.3191,20.36207],[106.27982,20.33215],[106.27351,20.32923],[106.26833,20.32774],[106.26407,20.32758],[106.26063,20.32837],[106.25569,20.33127],[106.25258,20.33598],[106.2506,20.34221],[106.25015,20.34795],[106.25213,20.35549],[106.28369,20.38289],[106.28484,20.3869],[106.28477,20.39159],[106.28339,20.3958],[106.27998,20.40109],[106.27616,20.40418],[106.26998,20.40585],[106.22943,20.40757],[106.22326,20.40972],[106.21619,20.41359],[106.21016,20.42071],[106.20796,20.42484],[106.20779,20.42885],[106.20903,20.43191],[106.21775,20.44494],[106.22281,20.45571],[106.22418,20.46249],[106.22361,20.46623],[106.22151,20.4714],[106.21608,20.4768],[106.21082,20.47903],[106.20261,20.48081],[106.19531,20.48077],[106.18952,20.48052],[106.18558,20.48169],[106.18074,20.4866],[106.17804,20.49188],[106.17657,20.49801],[106.17792,20.51559],[106.17706,20.52248],[106.17442,20.53551],[106.17147,20.54815],[106.16635,20.5565],[106.16334,20.56035],[106.15981,20.56324],[106.13116,20.57538],[106.12655,20.5975],[106.11247,20.61623],[106.10761,20.61741],[106.10233,20.61783],[106.09562,20.61749],[106.09145,20.61618],[106.08266,20.60858],[106.07848,20.60555],[106.07217,20.60415],[106.067,20.60466],[106.05869,20.60777],[106.05263,20.6124],[106.04355,20.62135],[106.03579,20.63105],[106.03218,20.637],[106.03019,20.64333],[106.03219,20.65402],[106.03501,20.66548],[106.03547,20.67313],[106.03449,20.67925],[106.03058,20.68645],[106.02937,20.6877],[106.02099,20.69635],[106.01179,20.70253],[106.00459,20.70439],[105.98782,20.70503],[105.9854,20.70303],[105.97892,20.70037],[105.97366,20.70026],[105.97191,20.70063],[105.96225,20.72617],[105.96756,20.73438],[105.96604,20.77409],[105.96352,20.77739],[105.95813,20.77966],[105.92878,20.78595],[105.92324,20.78974],[105.91162,20.81282],[105.90998,20.83504],[105.91097,20.83706],[105.91201,20.83919],[105.91307,20.84136],[105.9294,20.85119],[105.93118,20.85377],[105.93202,20.85499],[105.93415,20.85809],[105.93418,20.86265],[105.93418,20.86299],[105.92014,20.88068],[105.8978,20.89109],[105.89539,20.89323],[105.89364,20.89596],[105.89333,20.89884],[105.89351,20.90202],[105.91049,20.91852],[105.9102,20.9233],[105.90704,20.92706],[105.90847,20.93015],[105.91079,20.93518],[105.91056,20.93826],[105.9063,20.94442],[105.90381,20.94893],[105.90309,20.9546],[105.91088,20.97202],[105.91214,20.97471],[105.91347,20.97616],[105.91645,20.97693],[105.93058,20.97454],[105.93685,20.97133],[105.93787,20.96882],[105.95452,20.96908],[105.95395,20.967],[105.95653,20.96692],[105.95817,20.9647],[105.9624,20.96439],[105.96027,20.9904],[105.96409,20.99271],[105.96724,20.98931],[105.97039,20.99076],[105.97052,20.99316],[105.96911,20.99611],[105.97198,20.9977],[105.9842,20.9979],[105.99029,21.00207],[106.00141,21.00237],[106.00898,20.99942],[106.00942,20.99951],[106.00993,21.00236],[106.01053,21.00287],[106.01146,21.00288],[106.01378,21.00302],[106.01628,20.99887],[106.02144,20.99647],[106.02618,20.99572],[106.02925,20.99524],[106.03508,20.99899],[106.0432,21.00603],[106.04838,21.00715],[106.05338,21.00698],[106.05682,21.00134],[106.06006,21.00155],[106.06581,21.00186],[106.07798,20.99677],[106.08068,21.00156],[106.08285,21.00637],[106.08384,21.0074],[106.08561,21.00784],[106.08781,21.00783],[106.10169,20.99864]]]],"type":"MultiPolygon"},"id":"tinh34.26","properties":{"matinh":"5","name":"Hưng Yên","atlasId":14},"type":"Feature"},{"geometry":{"coordinates":[[[[105.80676,20.42954],[105.82594,20.41871],[105.82829,20.426],[105.83022,20.42583],[105.83544,20.42206],[105.84,20.42202],[105.85404,20.42788],[105.85474,20.42817],[105.84942,20.46028],[105.85122,20.47638],[105.85099,20.47799],[105.82328,20.48976],[105.81859,20.49709],[105.81762,20.50407],[105.80578,20.50207],[105.80258,20.50415],[105.77161,20.55212],[105.7692,20.55767],[105.76781,20.56437],[105.76767,20.56476],[105.78895,20.56802],[105.79192,20.56978],[105.79545,20.57406],[105.79633,20.5785],[105.79882,20.58906],[105.79919,20.59293],[105.80864,20.60589],[105.80393,20.6109],[105.81085,20.6181],[105.8093,20.63023],[105.83129,20.64773],[105.83137,20.64945],[105.83096,20.65069],[105.8285,20.65229],[105.82133,20.65739],[105.81885,20.661],[105.81872,20.6632],[105.81892,20.66425],[105.82099,20.66575],[105.82552,20.66573],[105.84139,20.65917],[105.85514,20.6461],[105.87847,20.64437],[105.89465,20.65348],[105.89444,20.66865],[105.90157,20.66737],[105.90617,20.66963],[105.91023,20.6734],[105.91834,20.6769],[105.94164,20.68274],[105.94196,20.68265],[105.94353,20.68094],[105.94497,20.67731],[105.94488,20.67191],[105.94479,20.66831],[105.94165,20.66425],[105.94183,20.65962],[105.9428,20.65669],[105.9448,20.65503],[105.94921,20.65348],[105.95646,20.6516],[105.95652,20.66253],[105.96085,20.66503],[105.96527,20.66578],[105.97357,20.6708],[105.98561,20.68216],[105.99514,20.69201],[105.99553,20.69291],[105.99948,20.70458],[106.00459,20.70439],[106.01179,20.70253],[106.02099,20.69635],[106.02937,20.6877],[106.03058,20.68645],[106.03449,20.67925],[106.03547,20.67313],[106.03501,20.66548],[106.03219,20.65402],[106.03019,20.64333],[106.03218,20.637],[106.03579,20.63105],[106.04355,20.62135],[106.05263,20.6124],[106.05869,20.60777],[106.067,20.60466],[106.07217,20.60415],[106.07848,20.60555],[106.08266,20.60858],[106.09145,20.61618],[106.09562,20.61749],[106.10233,20.61783],[106.10761,20.61741],[106.11247,20.61623],[106.12655,20.5975],[106.13116,20.57538],[106.15981,20.56324],[106.16334,20.56035],[106.16635,20.5565],[106.17147,20.54815],[106.17442,20.53551],[106.17706,20.52248],[106.17792,20.51559],[106.17657,20.49801],[106.17804,20.49188],[106.18074,20.4866],[106.18558,20.48169],[106.18952,20.48052],[106.19531,20.48077],[106.20261,20.48081],[106.21082,20.47903],[106.21608,20.4768],[106.22151,20.4714],[106.22361,20.46623],[106.22418,20.46249],[106.22281,20.45571],[106.21775,20.44494],[106.20903,20.43191],[106.20779,20.42885],[106.20796,20.42484],[106.21016,20.42071],[106.21619,20.41359],[106.22326,20.40972],[106.22943,20.40757],[106.23713,20.40637],[106.25021,20.40675],[106.26178,20.40696],[106.26998,20.40585],[106.27616,20.40418],[106.27998,20.40109],[106.28339,20.3958],[106.28477,20.39159],[106.28484,20.3869],[106.28369,20.38289],[106.25213,20.35549],[106.25015,20.34795],[106.2506,20.34221],[106.25258,20.33598],[106.25569,20.33127],[106.26063,20.32837],[106.26407,20.32758],[106.26833,20.32774],[106.27351,20.32923],[106.27982,20.33215],[106.33647,20.3781],[106.33921,20.3777],[106.34102,20.37606],[106.35723,20.35145],[106.36379,20.34815],[106.3731,20.34597],[106.38282,20.34513],[106.38698,20.34472],[106.39183,20.34286],[106.4019,20.33619],[106.42614,20.30406],[106.43288,20.29874],[106.43933,20.29458],[106.4465,20.29174],[106.4553,20.28985],[106.46188,20.28971],[106.46898,20.2907],[106.47528,20.29217],[106.49561,20.30902],[106.49835,20.30967],[106.502,20.30954],[106.50869,20.30939],[106.5265,20.31707],[106.57995,20.26204],[106.58262,20.25571],[106.58711,20.24426],[106.58231,20.23717],[106.5833,20.23006],[106.58272,20.22526],[106.58122,20.21975],[106.57968,20.21725],[106.56377,20.20671],[106.55164,20.20719],[106.54375,20.2026],[106.54097,20.20268],[106.53933,20.20311],[106.53896,20.20419],[106.54179,20.21164],[106.54131,20.21666],[106.54159,20.2228],[106.54154,20.22483],[106.54073,20.22591],[106.53941,20.22622],[106.52639,20.22257],[106.52399,20.22325],[106.52091,20.22525],[106.51851,20.22611],[106.51567,20.22637],[106.51301,20.22639],[106.50959,20.226],[106.49009,20.21966],[106.4485,20.21542],[106.42473,20.20793],[106.4049,20.20642],[106.40381,20.20565],[106.4033,20.20434],[106.40291,20.20327],[106.38644,20.19839],[106.38383,20.19356],[106.36508,20.18213],[106.35079,20.18115],[106.35307,20.17268],[106.28862,20.10587],[106.25439,20.06624],[106.25185,20.06406],[106.2488,20.06255],[106.24727,20.06161],[106.20051,20.00614],[106.19441,20.01114],[106.19271,20.01116],[106.18997,20.00944],[106.18762,20.00754],[106.18729,20.00599],[106.18738,20.00097],[106.1869,19.99619],[106.18548,19.99214],[106.18169,19.9835],[106.17791,19.97707],[106.16514,19.95948],[106.15415,19.95094],[106.13833,19.94435],[106.06229,19.92262],[106.05903,19.92378],[106.0573,19.9258],[106.04937,19.94972],[106.03373,19.96217],[106.02334,19.96576],[106.02281,19.98529],[106.03114,20.00027],[106.0492,20.0042],[106.05802,20.0165],[106.06406,20.03752],[106.0676,20.04363],[106.0723,20.0528],[106.07381,20.05877],[106.07116,20.06385],[106.06751,20.06594],[106.06298,20.06648],[106.06051,20.06632],[106.0184,20.06025],[106.01524,20.0628],[106.00965,20.06674],[106.00307,20.06839],[105.96033,20.06748],[105.954,20.07027],[105.928,20.09135],[105.9251,20.09596],[105.92342,20.10103],[105.92026,20.10381],[105.91392,20.10568],[105.90685,20.10756],[105.90368,20.10919],[105.89689,20.11658],[105.89251,20.12075],[105.88665,20.12054],[105.87884,20.12242],[105.86957,20.12454],[105.86373,20.12825],[105.85766,20.13426],[105.84793,20.14098],[105.8411,20.14285],[105.83474,20.14288],[105.83182,20.14474],[105.83014,20.14935],[105.82698,20.15281],[105.82063,20.15399],[105.8121,20.15725],[105.80333,20.16166],[105.79724,20.1656],[105.79213,20.16931],[105.74163,20.18609],[105.73872,20.18978],[105.73556,20.19394],[105.73045,20.19787],[105.72021,20.20481],[105.71315,20.21082],[105.70177,20.21774],[105.69427,20.22025],[105.69144,20.22255],[105.69146,20.22771],[105.69147,20.23096],[105.68925,20.23364],[105.68418,20.23519],[105.68034,20.23788],[105.66743,20.258],[105.65488,20.26779],[105.6474,20.27527],[105.63889,20.27836],[105.62712,20.28241],[105.61819,20.2834],[105.5982,20.31232],[105.57931,20.31315],[105.56226,20.31779],[105.56166,20.31932],[105.56289,20.32371],[105.56189,20.32658],[105.54769,20.33293],[105.5469,20.33828],[105.54834,20.34439],[105.54653,20.34765],[105.54308,20.3511],[105.54169,20.35875],[105.54171,20.36431],[105.54196,20.36407],[105.5474,20.36137],[105.55699,20.36012],[105.56477,20.35985],[105.58114,20.37004],[105.58348,20.36955],[105.5985,20.36413],[105.60858,20.35727],[105.61478,20.34993],[105.62151,20.3482],[105.62618,20.34818],[105.63368,20.34401],[105.6404,20.33813],[105.64633,20.33104],[105.65176,20.32541],[105.65797,20.32295],[105.66158,20.31952],[105.66364,20.31488],[105.66622,20.3117],[105.67165,20.30899],[105.67657,20.30727],[105.68356,20.30651],[105.70289,20.32303],[105.7017,20.32588],[105.70442,20.3272],[105.70623,20.32751],[105.70967,20.32503],[105.73185,20.3379],[105.71761,20.34841],[105.703,20.37497],[105.70496,20.38103],[105.70533,20.38409],[105.70348,20.38618],[105.69865,20.38835],[105.69286,20.39171],[105.69506,20.3987],[105.69438,20.39992],[105.69406,20.40065],[105.69231,20.40271],[105.68567,20.40394],[105.68376,20.41083],[105.6948,20.41262],[105.72161,20.40561],[105.72729,20.39998],[105.72934,20.39412],[105.72879,20.38729],[105.74256,20.38418],[105.74386,20.38169],[105.74293,20.37438],[105.74553,20.3689],[105.74757,20.36797],[105.75188,20.36837],[105.75755,20.3829],[105.75117,20.39783],[105.75327,20.40083],[105.75153,20.4134],[105.75252,20.41442],[105.75568,20.41579],[105.7496,20.43343],[105.75011,20.43683],[105.75044,20.43953],[105.75074,20.44039],[105.75396,20.44254],[105.76014,20.44235],[105.77187,20.44145],[105.77289,20.43571],[105.77678,20.43665],[105.77892,20.4372],[105.78672,20.44862],[105.7855,20.4518],[105.78468,20.45392],[105.78468,20.45394],[105.78519,20.454],[105.78782,20.45461],[105.79033,20.45507],[105.79102,20.45436],[105.79199,20.44934],[105.79681,20.44085],[105.80137,20.4348],[105.80676,20.42954]]]],"type":"MultiPolygon"},"id":"tinh34.27","properties":{"matinh":"6","name":"Ninh Bình","atlasId":15},"type":"Feature"},{"geometry":{"coordinates":[[[[105.8893,19.33674],[105.88907,19.3367],[105.88876,19.33682],[105.88852,19.33696],[105.88831,19.33725],[105.88828,19.33731],[105.88823,19.33754],[105.8882,19.33782],[105.88822,19.33801],[105.88831,19.33827],[105.88836,19.33832],[105.88854,19.33844],[105.88869,19.33844],[105.88891,19.33836],[105.88932,19.33781],[105.88947,19.3375],[105.88952,19.33723],[105.88947,19.33699],[105.88932,19.33675],[105.8893,19.33674]]],[[[105.90636,19.33964],[105.90618,19.33955],[105.90596,19.33957],[105.90595,19.33958],[105.90592,19.33959],[105.90558,19.33983],[105.90538,19.34006],[105.90514,19.34031],[105.90512,19.3404],[105.90512,19.34058],[105.90521,19.34069],[105.90533,19.34078],[105.90546,19.34081],[105.90561,19.34089],[105.90582,19.34091],[105.90608,19.34078],[105.9063,19.34057],[105.90648,19.34015],[105.90651,19.34007],[105.90651,19.33982],[105.90636,19.33964]]],[[[105.90184,19.34452],[105.90279,19.34215],[105.89851,19.34345],[105.89659,19.3495],[105.90184,19.34452]]],[[[105.87599,19.35237],[105.87593,19.35236],[105.87585,19.3524],[105.87581,19.35246],[105.87579,19.35266],[105.87578,19.3527],[105.87578,19.35272],[105.8757,19.35338],[105.87553,19.35371],[105.87531,19.35405],[105.87527,19.35418],[105.87527,19.35423],[105.87532,19.35435],[105.87537,19.35445],[105.87547,19.35466],[105.87551,19.35478],[105.87552,19.35484],[105.87553,19.35508],[105.87553,19.35508],[105.87552,19.35519],[105.87554,19.3553],[105.87562,19.35538],[105.87571,19.35542],[105.87584,19.35545],[105.87591,19.35546],[105.87608,19.35542],[105.87619,19.35535],[105.8763,19.35523],[105.87633,19.35494],[105.87646,19.35445],[105.87659,19.35411],[105.87662,19.3538],[105.87661,19.35371],[105.87661,19.35371],[105.87639,19.35316],[105.87635,19.35288],[105.87629,19.35265],[105.87618,19.35245],[105.87606,19.35239],[105.87599,19.35237]]],[[[105.93147,19.35598],[105.93435,19.35505],[105.93331,19.34732],[105.92782,19.35157],[105.92844,19.35709],[105.93147,19.35598]]],[[[105.87192,19.35744],[105.87174,19.35741],[105.87145,19.35745],[105.87118,19.35756],[105.87106,19.35761],[105.87086,19.3577],[105.87079,19.35775],[105.87019,19.35805],[105.86985,19.3583],[105.86981,19.35834],[105.86975,19.35847],[105.86974,19.35851],[105.86973,19.35861],[105.87002,19.35879],[105.87019,19.35886],[105.87056,19.359],[105.8709,19.35918],[105.87112,19.35925],[105.87143,19.35941],[105.87153,19.35942],[105.87164,19.35944],[105.87186,19.35939],[105.87216,19.35922],[105.87223,19.35916],[105.87239,19.35904],[105.87247,19.35889],[105.87247,19.35889],[105.87247,19.35872],[105.87243,19.35852],[105.87229,19.35808],[105.87225,19.35795],[105.8722,19.35781],[105.87216,19.35774],[105.87206,19.35757],[105.87192,19.35744]]],[[[105.928,19.35858],[105.92791,19.35858],[105.92786,19.3586],[105.92768,19.35874],[105.92748,19.3589],[105.92735,19.35908],[105.92737,19.3593],[105.92751,19.35959],[105.92752,19.35961],[105.92758,19.35971],[105.92767,19.35979],[105.92776,19.35989],[105.928,19.36011],[105.92813,19.36011],[105.92826,19.3601],[105.92848,19.35995],[105.92857,19.3598],[105.92866,19.3596],[105.92866,19.3595],[105.92861,19.35933],[105.92847,19.3591],[105.92835,19.35884],[105.92831,19.35879],[105.92816,19.35862],[105.928,19.35858]]],[[[105.93096,19.38334],[105.93632,19.37616],[105.9319,19.37192],[105.9318,19.36484],[105.92457,19.35972],[105.91207,19.36963],[105.91207,19.38289],[105.91412,19.38412],[105.91806,19.37968],[105.92622,19.38517],[105.93096,19.38334]]],[[[104.90829,20.6638],[104.94326,20.64363],[104.94694,20.64065],[104.95222,20.63387],[104.95713,20.62957],[104.95872,20.62659],[104.95767,20.6208],[104.95591,20.61683],[104.95591,20.61451],[104.95802,20.60905],[104.96663,20.59632],[104.96575,20.59516],[104.96089,20.59573],[104.96091,20.5898],[104.95878,20.58039],[104.95828,20.58047],[104.98254,20.57256],[104.98336,20.57286],[104.98568,20.57517],[105.00182,20.57413],[105.02002,20.55979],[105.02569,20.56257],[105.03168,20.56074],[105.03922,20.56025],[105.04577,20.55958],[105.0585,20.57315],[105.06799,20.57618],[105.07813,20.578],[105.08524,20.57557],[105.08934,20.57192],[105.0956,20.5707],[105.10013,20.57232],[105.10336,20.57232],[105.10702,20.56907],[105.10832,20.56603],[105.11263,20.56401],[105.11953,20.56258],[105.12708,20.55873],[105.13139,20.55488],[105.1344,20.5488],[105.13763,20.54616],[105.14238,20.54555],[105.14863,20.54494],[105.15359,20.54271],[105.15811,20.53764],[105.16005,20.53358],[105.1609,20.52629],[105.16241,20.52224],[105.16779,20.51778],[105.1706,20.51757],[105.17512,20.51757],[105.18116,20.5208],[105.20488,20.51895],[105.24288,20.49034],[105.24391,20.4879],[105.24261,20.48571],[105.24001,20.48352],[105.23845,20.48133],[105.23897,20.47937],[105.24078,20.47596],[105.25167,20.47131],[105.26049,20.46495],[105.26281,20.4591],[105.26305,20.44812],[105.25915,20.44008],[105.25654,20.43521],[105.26303,20.43471],[105.27081,20.43397],[105.27574,20.43201],[105.27859,20.42908],[105.28273,20.42346],[105.2905,20.41954],[105.29673,20.41856],[105.30373,20.41757],[105.31565,20.41121],[105.34078,20.39555],[105.34985,20.39139],[105.36126,20.39137],[105.3737,20.38646],[105.39365,20.37666],[105.40247,20.37567],[105.40895,20.37663],[105.41285,20.37954],[105.41961,20.38538],[105.42428,20.38756],[105.42766,20.38756],[105.43724,20.38412],[105.44968,20.38043],[105.46057,20.37723],[105.46783,20.37624],[105.47664,20.37572],[105.50098,20.36151],[105.50875,20.36076],[105.51654,20.36122],[105.5285,20.37167],[105.53109,20.37166],[105.53576,20.36994],[105.54171,20.36431],[105.54169,20.35875],[105.54308,20.3511],[105.54653,20.34765],[105.54834,20.34439],[105.5469,20.33828],[105.54769,20.33293],[105.56189,20.32658],[105.56289,20.32371],[105.56166,20.31932],[105.56226,20.31779],[105.57931,20.31315],[105.5982,20.31232],[105.60426,20.3058],[105.6079,20.30025],[105.61031,20.29298],[105.61192,20.28973],[105.61455,20.28609],[105.6474,20.27527],[105.65488,20.26779],[105.66743,20.258],[105.68034,20.23788],[105.68418,20.23519],[105.68925,20.23364],[105.69147,20.23096],[105.69146,20.22771],[105.69144,20.22255],[105.69427,20.22025],[105.70177,20.21774],[105.71315,20.21082],[105.72021,20.20481],[105.73045,20.19787],[105.73556,20.19394],[105.73872,20.18978],[105.74163,20.18609],[105.79213,20.16931],[105.79724,20.1656],[105.80333,20.16166],[105.8121,20.15725],[105.82063,20.15399],[105.82698,20.15281],[105.83014,20.14935],[105.83182,20.14474],[105.83474,20.14288],[105.8411,20.14285],[105.84793,20.14098],[105.85766,20.13426],[105.86373,20.12825],[105.86957,20.12454],[105.87884,20.12242],[105.88665,20.12054],[105.89251,20.12075],[105.89689,20.11658],[105.90368,20.10919],[105.90685,20.10756],[105.91392,20.10568],[105.92026,20.10381],[105.92342,20.10103],[105.9251,20.09596],[105.928,20.09135],[105.96033,20.06748],[106.00307,20.06839],[106.00965,20.06674],[106.01524,20.0628],[106.0184,20.06025],[106.06051,20.06632],[106.06298,20.06648],[106.06751,20.06594],[106.07116,20.06385],[106.07381,20.05877],[106.0723,20.0528],[106.0676,20.04363],[106.06406,20.03752],[106.05962,20.01942],[106.05192,20.00671],[106.04487,20.00244],[106.03159,20.00065],[106.0253,19.99339],[106.02391,19.99047],[106.0233,19.98782],[106.02281,19.98529],[106.02334,19.96576],[106.00474,19.95918],[106.00245,19.9574],[105.99985,19.95284],[105.99397,19.94827],[105.98824,19.948],[105.96657,19.93606],[105.95237,19.92147],[105.94806,19.90817],[105.94701,19.89227],[105.96398,19.89103],[105.9461,19.8691],[105.93291,19.8368],[105.92959,19.81152],[105.93176,19.80097],[105.9365,19.79634],[105.92858,19.79022],[105.93228,19.78229],[105.93248,19.78213],[105.93251,19.78201],[105.90754,19.74988],[105.89558,19.72294],[105.88659,19.72336],[105.88358,19.72864],[105.87717,19.73182],[105.86307,19.71969],[105.84898,19.69821],[105.83809,19.67298],[105.82724,19.63896],[105.81748,19.58524],[105.81042,19.58077],[105.8127,19.57154],[105.81273,19.57136],[105.81283,19.57067],[105.80473,19.52254],[105.80379,19.48758],[105.80613,19.45079],[105.811,19.42936],[105.80726,19.42822],[105.80282,19.43147],[105.7957,19.42763],[105.79079,19.41784],[105.79042,19.40557],[105.78369,19.40363],[105.78221,19.39991],[105.79016,19.36087],[105.80075,19.33881],[105.81135,19.33141],[105.81392,19.33837],[105.81754,19.33639],[105.82094,19.33804],[105.82087,19.34329],[105.82411,19.33955],[105.82143,19.32574],[105.82595,19.31561],[105.82592,19.30588],[105.82037,19.30408],[105.81466,19.317],[105.812,19.31674],[105.81146,19.31825],[105.81127,19.31887],[105.81016,19.32247],[105.80821,19.32205],[105.80974,19.31528],[105.80111,19.31489],[105.81232,19.30951],[105.80742,19.30299],[105.80828,19.29573],[105.80501,19.29447],[105.80332,19.2888],[105.7982,19.30253],[105.77719,19.2975],[105.7698,19.29304],[105.76165,19.29546],[105.75344,19.30735],[105.746,19.30497],[105.73954,19.32225],[105.72253,19.31477],[105.7235,19.31169],[105.72212,19.31087],[105.716,19.30725],[105.71118,19.30509],[105.68729,19.30225],[105.68456,19.3028],[105.68303,19.30451],[105.67295,19.32079],[105.67103,19.32076],[105.66909,19.31973],[105.66245,19.31532],[105.66602,19.34113],[105.65534,19.34324],[105.65156,19.35346],[105.64124,19.35407],[105.6365,19.36798],[105.63296,19.36676],[105.63106,19.36722],[105.62486,19.38139],[105.62078,19.3829],[105.61874,19.38322],[105.61722,19.38254],[105.60765,19.3695],[105.58841,19.37147],[105.58328,19.37771],[105.58,19.3821],[105.57988,19.38429],[105.58115,19.3891],[105.58082,19.39104],[105.56624,19.40366],[105.56474,19.40724],[105.56258,19.41131],[105.56055,19.41463],[105.5418,19.43578],[105.53305,19.45676],[105.52294,19.4646],[105.49896,19.4628],[105.49244,19.45858],[105.49008,19.45409],[105.48648,19.45118],[105.48164,19.4504],[105.46353,19.45709],[105.46068,19.45447],[105.45276,19.44576],[105.44734,19.44368],[105.44333,19.44299],[105.42701,19.45737],[105.40867,19.45875],[105.40814,19.45841],[105.40556,19.45534],[105.40216,19.45118],[105.39393,19.45092],[105.38722,19.46026],[105.39001,19.46702],[105.36502,19.50014],[105.36805,19.50468],[105.36931,19.51217],[105.36786,19.51905],[105.35035,19.53932],[105.34176,19.53946],[105.33726,19.53806],[105.33564,19.5369],[105.33243,19.53435],[105.33078,19.52436],[105.32383,19.51937],[105.323,19.5106],[105.31231,19.50524],[105.30671,19.49873],[105.3067,19.49047],[105.296,19.48657],[105.29674,19.48167],[105.29154,19.47584],[105.28789,19.49092],[105.27521,19.49411],[105.278,19.50468],[105.26923,19.50939],[105.27203,19.51741],[105.27172,19.51891],[105.2688,19.52518],[105.26724,19.52803],[105.27151,19.5482],[105.27044,19.55202],[105.27014,19.55561],[105.27085,19.55945],[105.27906,19.56545],[105.27928,19.56729],[105.27996,19.57145],[105.27738,19.58338],[105.27131,19.58912],[105.27808,19.59355],[105.27957,19.59572],[105.27953,19.59835],[105.27898,19.6017],[105.27843,19.60505],[105.26846,19.6133],[105.25521,19.64534],[105.24323,19.65835],[105.23958,19.65684],[105.2392,19.65599],[105.2369,19.65091],[105.23386,19.64723],[105.22245,19.65044],[105.19377,19.67279],[105.16533,19.68467],[105.1627,19.68774],[105.1621,19.69947],[105.15172,19.70974],[105.15906,19.7176],[105.16025,19.72344],[105.15345,19.72439],[105.13392,19.74137],[105.13312,19.77009],[105.12693,19.80448],[105.12908,19.81277],[105.12865,19.82519],[105.13572,19.82978],[105.13968,19.83558],[105.14416,19.84091],[105.14507,19.84762],[105.14753,19.85244],[105.1783,19.85906],[105.18434,19.86153],[105.18581,19.86491],[105.17028,19.91579],[105.15738,19.92265],[105.1327,19.92284],[105.10195,19.93735],[105.05041,19.93425],[105.0443,19.9368],[105.03687,19.94244],[105.0159,19.95391],[105.00226,19.95291],[104.99723,19.96324],[104.97543,19.97735],[104.96466,19.97689],[104.95929,19.99366],[104.94319,19.99003],[104.92609,19.99045],[104.91823,19.99806],[104.91683,19.99833],[104.91274,19.99785],[104.91212,19.99817],[104.91941,20.02041],[104.92576,20.02816],[104.9323,20.03648],[104.93926,20.04307],[104.96936,20.06283],[104.97263,20.06902],[104.97366,20.07793],[104.97836,20.0847],[104.98512,20.09148],[104.98779,20.09574],[104.97713,20.09787],[104.96484,20.10135],[104.95562,20.1151],[104.92448,20.13696],[104.92119,20.14277],[104.92119,20.14664],[104.92262,20.15032],[104.92713,20.15342],[104.92775,20.15574],[104.92569,20.15942],[104.92139,20.16],[104.91217,20.15438],[104.89558,20.14857],[104.87735,20.14565],[104.86444,20.14564],[104.85358,20.14602],[104.84108,20.15162],[104.83595,20.15433],[104.82775,20.15916],[104.82119,20.16593],[104.81626,20.17173],[104.79985,20.18314],[104.78652,20.1928],[104.77175,20.19898],[104.7531,20.2005],[104.73117,20.20183],[104.71887,20.20394],[104.66862,20.22108],[104.66635,20.22824],[104.66203,20.23288],[104.65157,20.23479],[104.64378,20.23555],[104.63948,20.23399],[104.63006,20.22971],[104.62308,20.23396],[104.61753,20.23898],[104.61178,20.24516],[104.60929,20.25658],[104.60804,20.27323],[104.60805,20.2734],[104.62156,20.30038],[104.6193,20.30048],[104.61451,20.30111],[104.61342,20.30489],[104.61473,20.3138],[104.61706,20.3261],[104.61754,20.33956],[104.61516,20.34855],[104.61423,20.3531],[104.61421,20.35813],[104.61841,20.36269],[104.62301,20.36667],[104.66164,20.38717],[104.67415,20.39514],[104.68009,20.40028],[104.68377,20.4029],[104.68716,20.4029],[104.69384,20.39972],[104.70092,20.39944],[104.70902,20.39975],[104.71261,20.40169],[104.71599,20.40566],[104.67784,20.44538],[104.67106,20.44866],[104.66515,20.45175],[104.66144,20.45697],[104.66143,20.46026],[104.66841,20.46453],[104.6686,20.46705],[104.66819,20.46976],[104.66264,20.47188],[104.65463,20.47264],[104.64252,20.47125],[104.63247,20.4662],[104.62223,20.45863],[104.61834,20.45262],[104.61302,20.44719],[104.61241,20.44486],[104.61653,20.43906],[104.61572,20.43229],[104.61122,20.42589],[104.60323,20.42025],[104.59441,20.41772],[104.58416,20.41595],[104.57369,20.41631],[104.56261,20.41609],[104.55133,20.4118],[104.54641,20.40966],[104.5384,20.41099],[104.52895,20.41387],[104.52649,20.41309],[104.52508,20.40709],[104.5251,20.39799],[104.52163,20.39314],[104.51385,20.38886],[104.50873,20.38555],[104.4958,20.38494],[104.49171,20.38163],[104.48475,20.37697],[104.47697,20.37249],[104.46876,20.37111],[104.45829,20.37282],[104.45315,20.3759],[104.44801,20.3784],[104.44411,20.37897],[104.43344,20.37874],[104.4197,20.37889],[104.41209,20.38235],[104.40654,20.38562],[104.40385,20.39045],[104.40382,20.39858],[104.4054,20.41408],[104.4103,20.42164],[104.41299,20.42733],[104.37613,20.44592],[104.37939,20.45212],[104.37897,20.45503],[104.37484,20.46237],[104.37379,20.4672],[104.37623,20.47186],[104.38012,20.47478],[104.38524,20.47867],[104.38643,20.4899],[104.39258,20.4905],[104.40285,20.49073],[104.41455,20.49174],[104.44015,20.50963],[104.45493,20.51317],[104.46908,20.51689],[104.47585,20.52078],[104.48648,20.53456],[104.49446,20.54387],[104.52298,20.55247],[104.52503,20.55499],[104.52379,20.55925],[104.52315,20.56525],[104.52416,20.57203],[104.53092,20.57805],[104.53356,20.58638],[104.53642,20.59297],[104.5401,20.59956],[104.54892,20.60346],[104.55651,20.60754],[104.56514,20.60872],[104.57459,20.60894],[104.58116,20.61051],[104.58836,20.61033],[104.59329,20.60937],[104.59741,20.60764],[104.60069,20.60784],[104.60295,20.60998],[104.6054,20.6154],[104.61196,20.62258],[104.61956,20.62511],[104.6255,20.63016],[104.63439,20.65445],[104.64607,20.64261],[104.65575,20.63155],[104.65998,20.62626],[104.66139,20.62527],[104.66578,20.62429],[104.67281,20.62265],[104.67914,20.61819],[104.68125,20.61571],[104.68196,20.6129],[104.68163,20.60132],[104.68164,20.59884],[104.68533,20.59719],[104.68849,20.59819],[104.69182,20.60134],[104.69603,20.60432],[104.69989,20.60516],[104.71376,20.60551],[104.71763,20.6037],[104.72062,20.60122],[104.72503,20.59064],[104.73963,20.57494],[104.76325,20.58251],[104.769,20.58044],[104.77246,20.57834],[104.77437,20.57801],[104.79747,20.58659],[104.79894,20.58948],[104.79884,20.59594],[104.79705,20.62026],[104.81838,20.63941],[104.82505,20.64371],[104.84067,20.64985],[104.84453,20.65184],[104.84699,20.65515],[104.85015,20.66161],[104.8526,20.66293],[104.85858,20.66194],[104.87052,20.66311],[104.87878,20.66527],[104.88422,20.66957],[104.88685,20.6709],[104.8916,20.67008],[104.89827,20.66975],[104.90249,20.6671],[104.90829,20.6638]]]],"type":"MultiPolygon"},"id":"tinh34.1","properties":{"matinh":"16","name":"Thanh Hóa","atlasId":16},"type":"Feature"},{"geometry":{"coordinates":[[[[105.78003,18.80224],[105.7715,18.79702],[105.76788,18.80136],[105.77124,18.80407],[105.77466,18.80243],[105.77645,18.80697],[105.78003,18.80224]]],[[[104.93113,19.99035],[104.95929,19.99366],[104.96466,19.97689],[104.97543,19.97735],[104.99723,19.96324],[105.00226,19.95291],[105.0159,19.95391],[105.03687,19.94244],[105.0443,19.9368],[105.05041,19.93425],[105.10195,19.93735],[105.1327,19.92284],[105.15738,19.92265],[105.17028,19.91579],[105.18581,19.86491],[105.18434,19.86153],[105.1783,19.85906],[105.14753,19.85244],[105.14507,19.84762],[105.14416,19.84091],[105.13968,19.83558],[105.13572,19.82978],[105.12865,19.82519],[105.12908,19.81277],[105.12693,19.80448],[105.13312,19.77009],[105.13392,19.74137],[105.15345,19.72439],[105.16025,19.72344],[105.15906,19.7176],[105.15172,19.70974],[105.1621,19.69947],[105.1627,19.68774],[105.16533,19.68467],[105.19377,19.67279],[105.22245,19.65044],[105.23386,19.64723],[105.2369,19.65091],[105.2392,19.65599],[105.23958,19.65684],[105.24323,19.65835],[105.25521,19.64534],[105.26846,19.6133],[105.27843,19.60505],[105.27898,19.6017],[105.27953,19.59835],[105.27957,19.59572],[105.27808,19.59355],[105.27131,19.58912],[105.27738,19.58338],[105.27996,19.57145],[105.27928,19.56729],[105.27906,19.56545],[105.27085,19.55945],[105.27014,19.55561],[105.27044,19.55202],[105.27151,19.5482],[105.26724,19.52803],[105.2688,19.52518],[105.27172,19.51891],[105.27203,19.51741],[105.26923,19.50939],[105.278,19.50468],[105.27521,19.49411],[105.28789,19.49092],[105.29154,19.47584],[105.29674,19.48167],[105.296,19.48657],[105.3067,19.49047],[105.30671,19.49873],[105.31231,19.50524],[105.323,19.5106],[105.32383,19.51937],[105.33078,19.52436],[105.33243,19.53435],[105.33564,19.5369],[105.33726,19.53806],[105.34176,19.53946],[105.35035,19.53932],[105.36786,19.51905],[105.36931,19.51217],[105.36805,19.50468],[105.36502,19.50014],[105.39001,19.46702],[105.38722,19.46026],[105.39393,19.45092],[105.40216,19.45118],[105.40556,19.45534],[105.40814,19.45841],[105.40867,19.45875],[105.42701,19.45737],[105.44333,19.44299],[105.44734,19.44368],[105.45276,19.44576],[105.46068,19.45447],[105.46353,19.45709],[105.48164,19.4504],[105.48648,19.45118],[105.49008,19.45409],[105.49244,19.45858],[105.49896,19.4628],[105.52294,19.4646],[105.53305,19.45676],[105.5418,19.43578],[105.56055,19.41463],[105.56258,19.41131],[105.56474,19.40724],[105.56624,19.40366],[105.58082,19.39104],[105.58115,19.3891],[105.57988,19.38429],[105.58,19.3821],[105.58328,19.37771],[105.58841,19.37147],[105.60765,19.3695],[105.61722,19.38254],[105.61874,19.38322],[105.62078,19.3829],[105.62486,19.38139],[105.63106,19.36722],[105.63296,19.36676],[105.6365,19.36798],[105.64124,19.35407],[105.65156,19.35346],[105.65534,19.34324],[105.66602,19.34113],[105.66245,19.31532],[105.66909,19.31973],[105.67103,19.32076],[105.67295,19.32079],[105.68303,19.30451],[105.68456,19.3028],[105.68729,19.30225],[105.71118,19.30509],[105.716,19.30725],[105.72212,19.31087],[105.7235,19.31169],[105.72253,19.31477],[105.73954,19.32225],[105.746,19.30497],[105.75344,19.30735],[105.7654,19.29377],[105.79924,19.302],[105.80332,19.2888],[105.79977,19.27934],[105.80418,19.27498],[105.79938,19.27708],[105.79151,19.27305],[105.7865,19.2775],[105.78089,19.27533],[105.77458,19.26503],[105.76887,19.2354],[105.76411,19.22911],[105.75927,19.2293],[105.7564,19.22613],[105.75575,19.23369],[105.75341,19.2309],[105.74738,19.23082],[105.73986,19.22239],[105.73759,19.22296],[105.73731,19.22263],[105.73589,19.2198],[105.73446,19.21613],[105.72866,19.18235],[105.73082,19.16813],[105.7273,19.13297],[105.72907,19.11644],[105.73625,19.10604],[105.72886,19.10278],[105.72253,19.10369],[105.7161,19.09858],[105.71416,19.10418],[105.7112,19.10415],[105.7088,19.09683],[105.69814,19.08836],[105.69347,19.08845],[105.69042,19.08332],[105.68616,19.08542],[105.68376,19.09218],[105.67356,19.09929],[105.65708,19.0907],[105.64673,19.08004],[105.63509,19.06137],[105.61924,19.02322],[105.61538,18.9813],[105.62163,18.94151],[105.63472,18.89934],[105.64768,18.89275],[105.65125,18.88639],[105.65936,18.89053],[105.66518,18.88119],[105.6724,18.88158],[105.67865,18.87469],[105.68155,18.87776],[105.68393,18.87738],[105.68901,18.87503],[105.69308,18.8647],[105.69962,18.86384],[105.70125,18.8553],[105.71007,18.84967],[105.71573,18.85227],[105.7173,18.84842],[105.71305,18.84477],[105.71772,18.83539],[105.71399,18.82957],[105.72419,18.80603],[105.74919,18.77657],[105.76616,18.76779],[105.74308,18.75197],[105.74194,18.74974],[105.7408,18.74753],[105.74078,18.74308],[105.75462,18.70616],[105.76687,18.68459],[105.76791,18.68028],[105.76699,18.67626],[105.75009,18.66844],[105.72621,18.67402],[105.71427,18.66839],[105.70345,18.63763],[105.692,18.63351],[105.69064,18.63223],[105.68897,18.62865],[105.68764,18.59705],[105.67809,18.58034],[105.66412,18.5853],[105.62388,18.56911],[105.61618,18.57401],[105.61535,18.5762],[105.6154,18.57846],[105.61548,18.57988],[105.59706,18.57769],[105.58882,18.57371],[105.58129,18.55994],[105.56278,18.56136],[105.54276,18.55356],[105.53077,18.56359],[105.51557,18.58883],[105.5137,18.59399],[105.51275,18.59762],[105.5116,18.60048],[105.50935,18.60362],[105.50381,18.60991],[105.50266,18.61124],[105.47647,18.61527],[105.47178,18.60865],[105.44231,18.60112],[105.43279,18.59036],[105.37841,18.58105],[105.37439,18.58104],[105.36392,18.58196],[105.35786,18.58419],[105.32392,18.60305],[105.30601,18.60751],[105.29524,18.619],[105.292,18.62068],[105.28856,18.62217],[105.28452,18.62318],[105.27929,18.6233],[105.27437,18.62277],[105.26836,18.62058],[105.25957,18.61654],[105.24914,18.61092],[105.23932,18.60449],[105.23478,18.59839],[105.23213,18.59337],[105.22891,18.58931],[105.22718,18.58898],[105.22511,18.5892],[105.21497,18.59814],[105.18684,18.60334],[105.19082,18.60775],[105.19034,18.63299],[105.1972,18.63933],[105.19726,18.64025],[105.19515,18.64632],[105.19346,18.64912],[105.18707,18.64783],[105.1838,18.65332],[105.1824,18.65687],[105.18099,18.65823],[105.16683,18.65822],[105.16554,18.6594],[105.16211,18.66525],[105.15956,18.67079],[105.15303,18.67745],[105.15038,18.67962],[105.14897,18.67971],[105.14745,18.6789],[105.14592,18.67766],[105.14308,18.6782],[105.14023,18.67942],[105.13833,18.68106],[105.13672,18.68313],[105.13277,18.68844],[105.14371,18.70266],[105.13604,18.70705],[105.13161,18.71583],[105.12104,18.71249],[105.11648,18.71375],[105.11401,18.71471],[105.11222,18.71426],[105.10356,18.7041],[105.09189,18.7058],[105.08621,18.70833],[105.0783,18.70741],[105.07603,18.70613],[105.07131,18.70447],[105.06457,18.70905],[105.04857,18.70768],[105.05748,18.72433],[105.05002,18.72998],[105.03882,18.72512],[105.03325,18.72925],[105.01752,18.73184],[105.01554,18.73473],[105.01456,18.73746],[105.01622,18.74063],[105.01781,18.74418],[105.01877,18.74668],[104.99771,18.73818],[104.98806,18.74549],[104.98096,18.73978],[104.96611,18.74369],[104.94104,18.73939],[104.93478,18.7599],[104.93636,18.77456],[104.92525,18.78046],[104.92213,18.78706],[104.91816,18.78552],[104.91585,18.78765],[104.91191,18.79167],[104.91164,18.79179],[104.90657,18.7874],[104.87221,18.78683],[104.86777,18.78208],[104.86665,18.78191],[104.86186,18.78225],[104.86027,18.78104],[104.85849,18.77949],[104.85524,18.77564],[104.83937,18.7864],[104.80329,18.78312],[104.79333,18.78494],[104.78279,18.803],[104.7573,18.79714],[104.7504,18.79955],[104.74742,18.80127],[104.74498,18.80209],[104.73768,18.80151],[104.73739,18.8015],[104.73718,18.80157],[104.73476,18.81404],[104.73191,18.81693],[104.72681,18.81841],[104.7228,18.81894],[104.71294,18.83088],[104.71313,18.84137],[104.70424,18.83714],[104.69658,18.84129],[104.68871,18.8362],[104.6873,18.83617],[104.6837,18.83656],[104.6755,18.83839],[104.67216,18.84188],[104.67208,18.842],[104.66764,18.84844],[104.66755,18.85364],[104.65255,18.86609],[104.63502,18.87041],[104.63467,18.87064],[104.63438,18.87091],[104.6274,18.87797],[104.62542,18.88012],[104.6253,18.88045],[104.62524,18.88075],[104.62628,18.88882],[104.60663,18.89468],[104.58699,18.90486],[104.57759,18.90263],[104.57592,18.91247],[104.56698,18.92439],[104.55999,18.94039],[104.54347,18.95665],[104.54197,18.97407],[104.53029,18.98432],[104.52655,18.98543],[104.5184,18.98127],[104.51141,18.98242],[104.51104,18.98252],[104.5012,18.99915],[104.49609,19.00296],[104.48995,19.00397],[104.4865,19.00435],[104.48472,19.00455],[104.48386,19.00451],[104.47965,19.00436],[104.47464,18.99838],[104.47361,18.99501],[104.47334,18.9929],[104.46782,18.98921],[104.46501,18.99032],[104.46088,18.99189],[104.45223,18.98619],[104.44671,18.98662],[104.42795,19.00576],[104.42512,19.00555],[104.42321,19.00594],[104.42124,19.00722],[104.42429,19.01629],[104.39956,19.04013],[104.39964,19.04428],[104.40209,19.05246],[104.40218,19.05401],[104.40162,19.05557],[104.39988,19.05707],[104.3968,19.05897],[104.38171,19.06212],[104.36668,19.07397],[104.35344,19.07241],[104.30841,19.0902],[104.30345,19.09606],[104.29834,19.1144],[104.29823,19.11437],[104.29375,19.11316],[104.28845,19.11779],[104.28427,19.11852],[104.27939,19.1209],[104.25719,19.11655],[104.24843,19.1111],[104.23968,19.11528],[104.23213,19.11289],[104.21233,19.12126],[104.21154,19.12431],[104.2155,19.12721],[104.21752,19.13135],[104.21733,19.14143],[104.21811,19.14327],[104.22462,19.14911],[104.22435,19.15411],[104.22262,19.1578],[104.19903,19.16222],[104.19273,19.18151],[104.17975,19.19891],[104.14929,19.20055],[104.1352,19.20594],[104.1331,19.20602],[104.13095,19.20557],[104.12937,19.20463],[104.11087,19.22444],[104.10556,19.21903],[104.10282,19.21612],[104.10147,19.213],[104.09214,19.23025],[104.07583,19.23949],[104.069,19.24809],[104.05808,19.2406],[104.04634,19.24394],[104.0174,19.23745],[104.0002,19.23036],[103.99147,19.23984],[103.9601,19.25211],[103.92218,19.28639],[103.91409,19.30334],[103.89811,19.30981],[103.89103,19.30727],[103.88608,19.3011],[103.87413,19.3067],[103.87362,19.31857],[103.88235,19.32682],[103.89283,19.33165],[103.90765,19.33132],[103.91046,19.33272],[103.91233,19.33381],[103.91444,19.33548],[103.91794,19.34317],[103.92918,19.34524],[103.9508,19.35865],[103.9509,19.36519],[103.95449,19.36547],[103.95897,19.37591],[103.95564,19.38476],[103.97084,19.39337],[103.97443,19.39942],[103.98676,19.40024],[103.99133,19.40638],[104.01113,19.40322],[104.01421,19.40828],[104.01572,19.40817],[104.01708,19.40785],[104.01803,19.40848],[104.02164,19.41695],[104.02258,19.41703],[104.02651,19.4165],[104.02961,19.41596],[104.04798,19.42655],[104.05246,19.41915],[104.06877,19.41671],[104.07394,19.44963],[104.06356,19.45361],[104.07983,19.46742],[104.08433,19.46794],[104.08353,19.47993],[104.09074,19.48995],[104.09642,19.49357],[104.11021,19.4905],[104.11321,19.49205],[104.11383,19.49301],[104.11574,19.50017],[104.12137,19.50301],[104.10201,19.52447],[104.10792,19.53366],[104.10807,19.54201],[104.10344,19.54797],[104.10364,19.56459],[104.10632,19.57002],[104.0856,19.58229],[104.05931,19.62045],[104.06039,19.62706],[104.06736,19.63686],[104.05567,19.65292],[104.06821,19.66621],[104.0701,19.68189],[104.07532,19.68066],[104.09086,19.66642],[104.10609,19.66154],[104.13319,19.66231],[104.15431,19.67056],[104.1556,19.68623],[104.16129,19.69747],[104.1741,19.68989],[104.18394,19.69549],[104.19918,19.6941],[104.2041,19.70037],[104.213,19.70491],[104.23618,19.70821],[104.2599,19.70375],[104.26854,19.69754],[104.27253,19.69686],[104.27831,19.69589],[104.29986,19.69857],[104.30165,19.69846],[104.30616,19.6969],[104.32062,19.68518],[104.31698,19.67317],[104.31832,19.66831],[104.33481,19.67674],[104.34104,19.68725],[104.34827,19.69248],[104.38035,19.69665],[104.38755,19.70033],[104.39787,19.69833],[104.40397,19.70626],[104.40737,19.70726],[104.41063,19.7076],[104.41397,19.70774],[104.41634,19.70683],[104.4185,19.7048],[104.42076,19.70218],[104.4201,19.68314],[104.42493,19.67409],[104.4446,19.67245],[104.44551,19.6712],[104.44596,19.67011],[104.44611,19.66852],[104.44353,19.65872],[104.45906,19.65017],[104.46069,19.64977],[104.46372,19.64969],[104.46593,19.65],[104.47613,19.65593],[104.48913,19.65481],[104.49689,19.63768],[104.50315,19.63303],[104.50561,19.62326],[104.51736,19.6202],[104.52675,19.61347],[104.52884,19.61314],[104.53141,19.61282],[104.53523,19.61329],[104.54424,19.61981],[104.5594,19.61164],[104.56824,19.6153],[104.57721,19.62741],[104.60727,19.63408],[104.61019,19.63415],[104.61248,19.63334],[104.61703,19.62935],[104.62845,19.62812],[104.6321,19.62468],[104.63367,19.62326],[104.63743,19.62285],[104.64245,19.62381],[104.64491,19.62556],[104.64667,19.62818],[104.65033,19.63633],[104.64533,19.65299],[104.64779,19.65579],[104.65149,19.65909],[104.65189,19.65921],[104.65748,19.65984],[104.65961,19.66109],[104.65852,19.67371],[104.66913,19.68475],[104.66096,19.70227],[104.67602,19.71149],[104.68503,19.72358],[104.68732,19.72444],[104.69038,19.72451],[104.69302,19.72517],[104.69503,19.72741],[104.69905,19.73556],[104.72188,19.75529],[104.72431,19.75654],[104.72695,19.75707],[104.72876,19.75727],[104.73078,19.75642],[104.73482,19.75222],[104.73684,19.75039],[104.75574,19.75192],[104.75844,19.7602],[104.76115,19.76204],[104.76545,19.76435],[104.7667,19.76579],[104.76293,19.77642],[104.77545,19.77848],[104.79594,19.79124],[104.81757,19.78581],[104.82077,19.78627],[104.82501,19.78766],[104.82911,19.79075],[104.83286,19.79469],[104.83563,19.79968],[104.83681,19.80355],[104.83715,19.80749],[104.83625,19.80999],[104.83416,19.81393],[104.83346,19.81642],[104.83376,19.81966],[104.83456,19.82463],[104.847,19.84197],[104.84678,19.8444],[104.8447,19.84768],[104.83217,19.85443],[104.8324,19.85621],[104.83321,19.8587],[104.8355,19.86054],[104.83967,19.86206],[104.84273,19.86383],[104.84579,19.86718],[104.84746,19.8702],[104.84048,19.88812],[104.84686,19.91091],[104.84075,19.91855],[104.84078,19.91977],[104.84114,19.9213],[104.84557,19.93144],[104.85038,19.93537],[104.86039,19.9447],[104.89369,19.95982],[104.90136,19.96719],[104.90969,19.98666],[104.91868,19.99732],[104.91896,19.99706],[104.92132,19.99367],[104.92289,19.99171],[104.93113,19.99035]]]],"type":"MultiPolygon"},"id":"tinh34.4","properties":{"matinh":"17","name":"Nghệ An","atlasId":17},"type":"Feature"},{"geometry":{"coordinates":[[[[105.96355,18.79113],[105.95698,18.79505],[105.95062,18.80671],[105.96388,18.79705],[105.96355,18.79113]]],[[[105.79678,18.66971],[105.81826,18.61202],[105.86072,18.53037],[105.86589,18.52897],[105.9175,18.46094],[105.92085,18.45212],[105.92598,18.45158],[105.93414,18.46743],[105.94088,18.47259],[105.93744,18.46299],[105.95964,18.42567],[105.98368,18.39285],[106.04679,18.32089],[106.09933,18.27537],[106.12113,18.26697],[106.14886,18.2684],[106.15591,18.26764],[106.16251,18.26602],[106.17478,18.25949],[106.20526,18.23548],[106.21178,18.2337],[106.21928,18.22551],[106.22663,18.22383],[106.23384,18.21664],[106.23761,18.21835],[106.24975,18.21563],[106.29206,18.16788],[106.35481,18.11177],[106.3769,18.10676],[106.38607,18.10087],[106.39755,18.09952],[106.40533,18.10202],[106.40814,18.11934],[106.41478,18.12574],[106.4193,18.1264],[106.42078,18.12177],[106.43298,18.12294],[106.4213,18.10721],[106.4186,18.09278],[106.42687,18.07926],[106.43782,18.04955],[106.44497,18.05328],[106.45082,18.05633],[106.45092,18.05592],[106.45102,18.05551],[106.45706,18.03165],[106.44949,18.02804],[106.45286,18.02068],[106.45978,18.00961],[106.46584,18.00131],[106.46698,17.99963],[106.47904,17.98854],[106.4924,17.96592],[106.5083,17.96093],[106.49412,17.9616],[106.47807,17.95462],[106.46504,17.95696],[106.44687,17.95133],[106.4441,17.95203],[106.44277,17.95295],[106.44256,17.95319],[106.44213,17.96944],[106.44193,17.96968],[106.43367,17.97306],[106.4166,17.97582],[106.39204,17.98227],[106.38244,17.98564],[106.33696,17.99228],[106.32706,17.97892],[106.32192,17.96402],[106.30594,17.96347],[106.28256,17.94055],[106.27939,17.93565],[106.27894,17.93398],[106.28324,17.92511],[106.28269,17.92236],[106.2812,17.92011],[106.27918,17.91854],[106.27027,17.92087],[106.25998,17.91437],[106.24236,17.92793],[106.22283,17.93009],[106.21716,17.92904],[106.21262,17.92781],[106.20765,17.92668],[106.19757,17.91744],[106.18777,17.92366],[106.18302,17.9229],[106.17828,17.92022],[106.1728,17.91658],[106.16353,17.91722],[106.1402,17.92062],[106.07767,17.9347],[106.04401,17.94706],[106.04731,17.95938],[106.04601,17.96604],[106.07568,17.98964],[106.05418,18.01215],[106.04454,18.02673],[106.01929,18.02613],[106.01509,18.02984],[106.01419,18.03511],[105.99433,18.05203],[105.98541,18.06361],[105.97395,18.06398],[105.966,18.05667],[105.96088,18.0604],[105.9486,18.05942],[105.94598,18.0702],[105.92988,18.09008],[105.91663,18.08144],[105.90866,18.08862],[105.89391,18.09092],[105.86976,18.06788],[105.85176,18.0685],[105.82558,18.06449],[105.81115,18.05397],[105.83121,18.04626],[105.83269,18.04],[105.82716,18.03295],[105.8147,18.0385],[105.80593,18.03293],[105.80839,18.02727],[105.78601,18.0257],[105.77635,18.01818],[105.76752,18.02483],[105.75456,18.02775],[105.74779,18.03533],[105.74025,18.03687],[105.73778,18.03753],[105.72985,18.03564],[105.71818,18.02046],[105.71989,18.00811],[105.70346,17.99341],[105.63972,17.99483],[105.63129,17.99285],[105.61097,18.01295],[105.5991,18.00771],[105.59684,18.00304],[105.59377,18.00439],[105.59276,18.00557],[105.59287,18.0088],[105.59226,18.01008],[105.58675,18.01195],[105.58512,18.01235],[105.5828,18.01167],[105.5818,18.01233],[105.58009,18.01474],[105.57781,18.02773],[105.58389,18.04406],[105.57888,18.063],[105.57373,18.06239],[105.57166,18.06363],[105.57097,18.06485],[105.57047,18.06572],[105.57047,18.06719],[105.57272,18.07221],[105.5696,18.08226],[105.56481,18.08521],[105.56221,18.08327],[105.55866,18.0821],[105.55539,18.08142],[105.53839,18.08331],[105.53778,18.10584],[105.53758,18.10711],[105.53381,18.11309],[105.52037,18.12676],[105.51292,18.12575],[105.51176,18.12506],[105.51092,18.12333],[105.50832,18.12167],[105.5046,18.12482],[105.50307,18.12727],[105.50185,18.13021],[105.50135,18.13451],[105.5024,18.1415],[105.51081,18.15122],[105.49862,18.19052],[105.4917,18.178],[105.49005,18.17686],[105.48731,18.17705],[105.48624,18.17868],[105.4855,18.18723],[105.49176,18.19985],[105.49185,18.201],[105.49188,18.2014],[105.48966,18.20359],[105.47873,18.19693],[105.45853,18.20581],[105.44123,18.20499],[105.44017,18.20391],[105.44032,18.20277],[105.44129,18.20176],[105.44443,18.2009],[105.44511,18.19989],[105.4451,18.1986],[105.44442,18.19438],[105.43705,18.18201],[105.4297,18.17973],[105.42843,18.1808],[105.42717,18.18296],[105.42597,18.18403],[105.4201,18.18507],[105.41856,18.18434],[105.41322,18.1754],[105.41275,18.16558],[105.41161,18.16121],[105.41048,18.15778],[105.40832,18.1553],[105.40181,18.16059],[105.39107,18.1603],[105.38724,18.16353],[105.383,18.16923],[105.38202,18.17132],[105.37974,18.17045],[105.37599,18.16723],[105.37443,18.16127],[105.37395,18.16123],[105.36541,18.16199],[105.35071,18.18436],[105.33529,18.18325],[105.33589,18.18629],[105.33635,18.18944],[105.33613,18.19188],[105.32742,18.19339],[105.3181,18.2015],[105.32391,18.21131],[105.32152,18.22937],[105.32906,18.25407],[105.32906,18.25528],[105.32795,18.26331],[105.32061,18.26575],[105.30931,18.26696],[105.30867,18.26734],[105.3078,18.26585],[105.30322,18.25797],[105.3044,18.25031],[105.29844,18.23646],[105.2942,18.24223],[105.29609,18.25283],[105.29333,18.25642],[105.29108,18.25599],[105.2861,18.2568],[105.28591,18.25886],[105.28524,18.25994],[105.28397,18.26094],[105.28097,18.26173],[105.27975,18.26192],[105.27407,18.25508],[105.26989,18.26082],[105.26809,18.26075],[105.26247,18.26011],[105.25456,18.25987],[105.2547,18.27373],[105.24123,18.29723],[105.23892,18.29791],[105.23061,18.30192],[105.22768,18.30393],[105.22304,18.30476],[105.21552,18.30481],[105.20597,18.3157],[105.20298,18.31634],[105.19938,18.31685],[105.19234,18.31901],[105.19061,18.32001],[105.18253,18.32589],[105.1878,18.34867],[105.17815,18.36988],[105.18207,18.388],[105.17846,18.39047],[105.17045,18.39309],[105.16611,18.39302],[105.16235,18.38787],[105.15738,18.38796],[105.15614,18.38804],[105.15094,18.38905],[105.14822,18.39155],[105.14601,18.39691],[105.14527,18.40407],[105.13927,18.40795],[105.13718,18.40845],[105.13643,18.40931],[105.13854,18.42073],[105.13301,18.41669],[105.12196,18.41891],[105.11889,18.42193],[105.11777,18.42644],[105.11695,18.43259],[105.1097,18.4348],[105.10854,18.43526],[105.10757,18.43665],[105.10519,18.44042],[105.10219,18.44746],[105.11074,18.49345],[105.10868,18.50793],[105.11058,18.51442],[105.11351,18.52036],[105.11785,18.52315],[105.11342,18.52947],[105.11314,18.53262],[105.11415,18.53975],[105.12694,18.5492],[105.12628,18.55677],[105.13828,18.56323],[105.13253,18.57047],[105.13253,18.57173],[105.13357,18.57921],[105.13481,18.58327],[105.13328,18.59301],[105.1576,18.61426],[105.16587,18.61247],[105.18121,18.60347],[105.21497,18.59814],[105.22718,18.58898],[105.23932,18.60449],[105.24914,18.61092],[105.25957,18.61654],[105.26836,18.62058],[105.27437,18.62277],[105.27929,18.6233],[105.28452,18.62318],[105.28856,18.62217],[105.292,18.62068],[105.29524,18.619],[105.30601,18.60751],[105.32392,18.60305],[105.35786,18.58419],[105.36392,18.58196],[105.37439,18.58104],[105.43279,18.59036],[105.44231,18.60112],[105.47178,18.60865],[105.47376,18.61079],[105.47451,18.6145],[105.47509,18.61505],[105.50105,18.61179],[105.5116,18.60048],[105.51275,18.59762],[105.5137,18.59399],[105.51557,18.58883],[105.53077,18.56359],[105.54276,18.55356],[105.56278,18.56136],[105.58129,18.55994],[105.58882,18.57371],[105.59706,18.57769],[105.61548,18.57988],[105.6154,18.57846],[105.61535,18.5762],[105.61618,18.57401],[105.62388,18.56911],[105.66412,18.5853],[105.67809,18.58034],[105.68764,18.59705],[105.68897,18.62865],[105.69064,18.63223],[105.692,18.63351],[105.70345,18.63763],[105.71427,18.66839],[105.72621,18.67402],[105.75009,18.66844],[105.76699,18.67626],[105.76791,18.68028],[105.76687,18.68459],[105.75462,18.70616],[105.74078,18.74308],[105.7408,18.74753],[105.74194,18.74974],[105.74308,18.75197],[105.76616,18.76779],[105.77619,18.75616],[105.79678,18.66971]]],[[[106.45687,18.10147],[106.45007,18.1011],[106.46144,18.10766],[106.46241,18.10293],[106.45687,18.10147]]]],"type":"MultiPolygon"},"id":"tinh34.3","properties":{"matinh":"18","name":"Hà Tĩnh","atlasId":18},"type":"Feature"},{"geometry":{"coordinates":[[[[106.99076,17.16454],[107.04529,17.12589],[107.09321,17.10006],[107.10519,17.09183],[107.10747,17.08957],[107.1086,17.08845],[107.10933,17.08754],[107.11168,17.08463],[107.11274,17.08022],[107.11002,17.07007],[107.11186,17.05263],[107.1076,17.03594],[107.10991,17.01529],[107.11925,16.99533],[107.14428,16.95829],[107.16754,16.93079],[107.19898,16.90279],[107.23173,16.86682],[107.30528,16.80354],[107.38595,16.74393],[107.38566,16.74376],[107.38274,16.74126],[107.36796,16.73487],[107.35603,16.71356],[107.35295,16.7102],[107.35003,16.70912],[107.35007,16.70807],[107.35279,16.70669],[107.35549,16.70396],[107.35554,16.69877],[107.34307,16.6926],[107.33259,16.67684],[107.32215,16.67122],[107.32963,16.6689],[107.32867,16.66689],[107.31663,16.66317],[107.32654,16.65162],[107.3267,16.64333],[107.31953,16.65391],[107.3047,16.64151],[107.30981,16.6365],[107.31138,16.64246],[107.31348,16.64163],[107.30858,16.62623],[107.31928,16.62057],[107.3265,16.60929],[107.32305,16.60599],[107.33257,16.6],[107.32274,16.59846],[107.32341,16.58669],[107.31742,16.58325],[107.31119,16.58034],[107.31091,16.58033],[107.30095,16.58737],[107.26905,16.56656],[107.25185,16.57649],[107.24415,16.58765],[107.2132,16.57929],[107.20919,16.57926],[107.20614,16.57979],[107.20076,16.58408],[107.17,16.57946],[107.13607,16.57127],[107.12703,16.56663],[107.12432,16.56408],[107.11925,16.55454],[107.05984,16.54463],[107.05858,16.53371],[107.05706,16.53064],[107.05366,16.52524],[107.05786,16.51977],[107.06091,16.51624],[107.06397,16.51276],[107.09263,16.50227],[107.09648,16.49438],[107.10391,16.49561],[107.1238,16.48128],[107.13364,16.45874],[107.12939,16.44912],[107.13569,16.44513],[107.1372,16.44046],[107.14667,16.43671],[107.14241,16.42914],[107.14318,16.42091],[107.13896,16.41765],[107.14155,16.41274],[107.13928,16.40733],[107.15103,16.39047],[107.14493,16.38717],[107.1378,16.3906],[107.12641,16.38367],[107.12106,16.38704],[107.11011,16.38673],[107.0933,16.4051],[107.09314,16.39916],[107.0844,16.4037],[107.07678,16.40167],[107.05974,16.41195],[107.05437,16.40119],[107.0572,16.39769],[107.05592,16.38984],[107.05798,16.38625],[107.05249,16.38224],[107.04344,16.38096],[107.03448,16.36828],[107.03254,16.3596],[107.03764,16.35751],[107.03942,16.35041],[107.04887,16.35081],[107.05147,16.34715],[107.05972,16.34903],[107.06163,16.33317],[107.07878,16.32221],[107.08056,16.31681],[107.06952,16.30478],[107.04869,16.3056],[107.04472,16.30046],[107.02629,16.31223],[107.01873,16.30382],[107.01329,16.30414],[107.01383,16.30913],[107.00553,16.31439],[106.96938,16.30294],[106.96736,16.3034],[106.96538,16.30562],[106.96566,16.34832],[106.96179,16.35817],[106.95074,16.35944],[106.92143,16.3712],[106.89589,16.39285],[106.89068,16.41231],[106.89836,16.42745],[106.89831,16.42745],[106.89151,16.42717],[106.88849,16.42661],[106.88526,16.42235],[106.86996,16.42974],[106.86986,16.43653],[106.88388,16.44975],[106.88521,16.45457],[106.88265,16.46863],[106.87447,16.47142],[106.87476,16.47585],[106.87601,16.4828],[106.88085,16.48853],[106.88471,16.49288],[106.88535,16.5104],[106.88866,16.51261],[106.88522,16.5219],[106.87315,16.53344],[106.86615,16.53465],[106.8633,16.53689],[106.86263,16.53751],[106.86104,16.53999],[106.84251,16.54841],[106.8287,16.54954],[106.82726,16.53772],[106.82079,16.53051],[106.82666,16.52233],[106.8002,16.46459],[106.79006,16.47452],[106.76912,16.46875],[106.77363,16.45987],[106.7709,16.45352],[106.77095,16.45101],[106.77161,16.44762],[106.77279,16.44278],[106.7708,16.43557],[106.77013,16.4331],[106.75954,16.42566],[106.74391,16.42493],[106.74406,16.41767],[106.74341,16.4167],[106.7386,16.41207],[106.73806,16.41176],[106.73232,16.4263],[106.73303,16.44034],[106.72264,16.43645],[106.72838,16.42951],[106.72421,16.42624],[106.71373,16.43407],[106.69401,16.44079],[106.68592,16.4399],[106.68504,16.44542],[106.69126,16.45009],[106.68287,16.45862],[106.67596,16.45245],[106.67378,16.4535],[106.67217,16.47646],[106.65874,16.47443],[106.65872,16.49503],[106.66346,16.50423],[106.65108,16.51225],[106.64547,16.52617],[106.64605,16.53892],[106.65004,16.54587],[106.66026,16.55697],[106.67053,16.5613],[106.66036,16.57419],[106.66539,16.58495],[106.65464,16.5825],[106.64712,16.5939],[106.64377,16.59492],[106.62997,16.59213],[106.62971,16.58468],[106.62655,16.58311],[106.62258,16.58898],[106.62472,16.60196],[106.61364,16.60714],[106.5963,16.60737],[106.58652,16.60213],[106.58318,16.60298],[106.58013,16.61116],[106.58902,16.61791],[106.5882,16.62434],[106.56326,16.64262],[106.56487,16.66238],[106.5561,16.67509],[106.55019,16.69533],[106.54918,16.8677],[106.53705,16.87411],[106.52589,16.88679],[106.51671,16.8907],[106.51619,16.89273],[106.51587,16.89398],[106.51484,16.89802],[106.51858,16.90298],[106.5143,16.91096],[106.51745,16.92279],[106.52365,16.92249],[106.52243,16.92658],[106.54569,16.92679],[106.54811,17.00888],[106.54403,17.00993],[106.54171,16.99648],[106.5344,16.99266],[106.52896,16.9795],[106.51295,16.97243],[106.4969,16.98081],[106.46896,16.98529],[106.46477,16.98848],[106.46156,16.99098],[106.45864,17.00179],[106.43629,16.99698],[106.43189,17.00432],[106.42563,17.00708],[106.4216,17.03129],[106.40046,17.05322],[106.4155,17.07923],[106.40986,17.08181],[106.40808,17.08299],[106.40761,17.08609],[106.40572,17.08954],[106.38908,17.10468],[106.38808,17.10483],[106.38177,17.10546],[106.37481,17.10931],[106.37144,17.11201],[106.36922,17.12365],[106.36728,17.12657],[106.36211,17.13216],[106.35475,17.13567],[106.3539,17.14391],[106.3516,17.14737],[106.34784,17.1483],[106.35442,17.15973],[106.35287,17.16051],[106.34476,17.16538],[106.33834,17.16807],[106.32501,17.18276],[106.32401,17.18528],[106.32064,17.19185],[106.32027,17.19448],[106.32329,17.19778],[106.32119,17.20145],[106.30091,17.21009],[106.30092,17.21054],[106.30115,17.21087],[106.30668,17.21759],[106.31149,17.2198],[106.31326,17.22057],[106.32341,17.21703],[106.33287,17.2341],[106.33211,17.23554],[106.33155,17.23648],[106.30675,17.2408],[106.3063,17.24271],[106.30657,17.24321],[106.30704,17.24349],[106.31479,17.24489],[106.31621,17.24651],[106.31633,17.24706],[106.31635,17.2492],[106.31234,17.25446],[106.31206,17.25429],[106.30708,17.25427],[106.30491,17.25971],[106.30542,17.2835],[106.30126,17.29565],[106.27574,17.2968],[106.2736,17.29379],[106.27304,17.28816],[106.27322,17.28707],[106.27927,17.27759],[106.27533,17.26467],[106.26168,17.25629],[106.25218,17.25412],[106.24964,17.24714],[106.24618,17.24647],[106.24057,17.25062],[106.23074,17.25228],[106.20885,17.26987],[106.20383,17.27247],[106.19957,17.27362],[106.19571,17.27531],[106.17621,17.29455],[106.14357,17.31293],[106.14136,17.31585],[106.14123,17.31617],[106.14206,17.32525],[106.14029,17.32756],[106.13861,17.32784],[106.13514,17.32982],[106.1327,17.33607],[106.09014,17.36158],[105.85649,17.62475],[105.85154,17.621],[105.85197,17.63595],[105.84294,17.63242],[105.83882,17.6361],[105.83421,17.63097],[105.82959,17.63844],[105.8274,17.65527],[105.8214,17.65422],[105.81492,17.64528],[105.80434,17.65606],[105.80303,17.66131],[105.79706,17.65899],[105.79024,17.67012],[105.78223,17.67149],[105.77976,17.67728],[105.76685,17.67546],[105.7608,17.66806],[105.74891,17.66932],[105.74208,17.71619],[105.73974,17.72206],[105.73405,17.72075],[105.72685,17.72525],[105.72813,17.74571],[105.71193,17.75801],[105.69933,17.76271],[105.68473,17.78731],[105.67356,17.79621],[105.68233,17.81991],[105.68238,17.82393],[105.68146,17.83419],[105.68133,17.83536],[105.67557,17.83623],[105.67296,17.845],[105.6688,17.84967],[105.66269,17.85335],[105.65674,17.85597],[105.64807,17.8571],[105.64246,17.85998],[105.64083,17.85998],[105.63878,17.85881],[105.63744,17.85928],[105.63388,17.86715],[105.6309,17.86937],[105.62678,17.87133],[105.62496,17.87725],[105.61326,17.88124],[105.61062,17.88456],[105.60954,17.88619],[105.60706,17.89153],[105.60605,17.8964],[105.60749,17.89919],[105.60973,17.90152],[105.61293,17.90398],[105.61613,17.91007],[105.61847,17.91712],[105.62134,17.92687],[105.62192,17.93674],[105.62199,17.94204],[105.62645,17.95154],[105.627,17.95329],[105.64053,17.96377],[105.64176,17.99356],[105.70459,17.9939],[105.70781,17.99675],[105.7193,18.00718],[105.71989,18.00811],[105.71988,18.02428],[105.72778,18.03398],[105.72885,18.03505],[105.73658,18.03752],[105.74852,18.035],[105.75011,18.03242],[105.75268,18.02894],[105.76752,18.02483],[105.77518,18.01811],[105.78601,18.0257],[105.80839,18.02727],[105.80593,18.03293],[105.8147,18.0385],[105.82716,18.03295],[105.83269,18.04],[105.83121,18.04626],[105.81115,18.05397],[105.82558,18.06449],[105.85176,18.0685],[105.86976,18.06788],[105.89391,18.09092],[105.90866,18.08862],[105.91663,18.08144],[105.92988,18.09008],[105.94598,18.0702],[105.9486,18.05942],[105.96088,18.0604],[105.966,18.05667],[105.97395,18.06398],[105.98541,18.06361],[105.99433,18.05203],[106.01419,18.03511],[106.01509,18.02984],[106.01929,18.02613],[106.04454,18.02673],[106.05418,18.01215],[106.07568,17.98964],[106.04601,17.96604],[106.04731,17.95938],[106.04401,17.94706],[106.07767,17.9347],[106.1402,17.92062],[106.16353,17.91722],[106.1728,17.91658],[106.17828,17.92022],[106.18302,17.9229],[106.18777,17.92366],[106.19757,17.91744],[106.20765,17.92668],[106.21262,17.92781],[106.21716,17.92904],[106.22283,17.93009],[106.24236,17.92793],[106.25998,17.91437],[106.27027,17.92087],[106.27918,17.91854],[106.2812,17.92011],[106.28269,17.92236],[106.28324,17.92511],[106.27894,17.93398],[106.27939,17.93565],[106.28256,17.94055],[106.30594,17.96347],[106.32192,17.96402],[106.32706,17.97892],[106.33696,17.99228],[106.38244,17.98564],[106.39204,17.98227],[106.4166,17.97582],[106.43367,17.97306],[106.44193,17.96968],[106.44213,17.96944],[106.44256,17.95319],[106.44277,17.95295],[106.4441,17.95203],[106.44687,17.95133],[106.46504,17.95696],[106.47807,17.95462],[106.49412,17.9616],[106.5083,17.96093],[106.5025,17.95919],[106.50267,17.95279],[106.50741,17.94339],[106.51363,17.94247],[106.50316,17.93389],[106.5,17.9251],[106.48085,17.92198],[106.47054,17.90797],[106.4596,17.88447],[106.44945,17.8782],[106.44946,17.87751],[106.45058,17.87566],[106.45049,17.87423],[106.443,17.85058],[106.44249,17.83294],[106.4464,17.80982],[106.4595,17.76638],[106.47255,17.73736],[106.49315,17.70287],[106.50243,17.67733],[106.525,17.64167],[106.52372,17.63843],[106.54457,17.62035],[106.57222,17.56865],[106.62377,17.49662],[106.62598,17.48615],[106.62941,17.48478],[106.62985,17.48475],[106.63048,17.48429],[106.65583,17.44862],[106.70311,17.39523],[106.74639,17.35445],[106.75475,17.34322],[106.76406,17.33809],[106.82777,17.28424],[106.99076,17.16454]]],[[[107.34195,17.15203],[107.33485,17.15254],[107.3314,17.15657],[107.33124,17.15696],[107.32998,17.16036],[107.33,17.16231],[107.33338,17.16686],[107.34319,17.16445],[107.3462,17.15779],[107.34195,17.15203]]]],"type":"MultiPolygon"},"id":"tinh34.25","properties":{"matinh":"19","name":"Quảng Trị","atlasId":19},"type":"Feature"},{"geometry":{"coordinates":[[[[105.82567,21.37758],[105.84862,21.37744],[105.85213,21.34975],[105.85483,21.34451],[105.85875,21.33866],[105.86518,21.33188],[105.87404,21.32872],[105.89658,21.32744],[105.89702,21.30689],[105.90037,21.30458],[105.90332,21.30332],[105.90566,21.30273],[105.91434,21.30316],[105.91584,21.29751],[105.92377,21.29365],[105.92024,21.27461],[105.93662,21.24563],[105.93155,21.24614],[105.91874,21.23292],[105.90549,21.23225],[105.90185,21.22714],[105.90188,21.22463],[105.90266,21.22345],[105.90856,21.2253],[105.91347,21.21669],[105.91368,21.20997],[105.90804,21.20816],[105.91118,21.20344],[105.90653,21.20175],[105.90505,21.1939],[105.91082,21.19284],[105.92241,21.18349],[105.91716,21.17782],[105.91595,21.17262],[105.91529,21.16872],[105.91593,21.16621],[105.91673,21.16495],[105.91795,21.16456],[105.92099,21.16498],[105.91847,21.15597],[105.91875,21.15439],[105.92005,21.15136],[105.92421,21.14514],[105.92406,21.13924],[105.92334,21.13541],[105.92259,21.13433],[105.92163,21.13414],[105.9206,21.13544],[105.91992,21.13627],[105.91975,21.13609],[105.91715,21.1339],[105.91059,21.12873],[105.91386,21.11992],[105.9196,21.1195],[105.92059,21.11898],[105.9231,21.11703],[105.92829,21.11299],[105.93915,21.08602],[105.95573,21.09241],[105.95788,21.09121],[105.95838,21.08806],[105.96022,21.07831],[105.96764,21.07289],[105.99144,21.07013],[105.99774,21.07405],[106.00531,21.05991],[106.01803,21.04644],[106.0183,21.04314],[106.01621,21.03793],[106.00161,21.01937],[106.00724,21.01004],[105.99779,21.00697],[105.99743,21.00627],[105.9984,21.00228],[105.99751,21.00155],[105.97198,20.9977],[105.96911,20.99611],[105.97052,20.99316],[105.97039,20.99076],[105.96724,20.98931],[105.96409,20.99271],[105.96027,20.9904],[105.9624,20.96439],[105.95817,20.9647],[105.95653,20.96692],[105.95395,20.967],[105.95452,20.96908],[105.93787,20.96882],[105.92207,20.97687],[105.91645,20.97693],[105.91347,20.97616],[105.91214,20.97471],[105.91088,20.97202],[105.90309,20.9546],[105.90381,20.94893],[105.9063,20.94442],[105.91056,20.93826],[105.91079,20.93518],[105.90847,20.93015],[105.90704,20.92706],[105.9102,20.9233],[105.91049,20.91852],[105.89351,20.90202],[105.89333,20.89884],[105.89364,20.89596],[105.89539,20.89323],[105.8978,20.89109],[105.92687,20.87504],[105.93418,20.86299],[105.93418,20.86265],[105.93415,20.85809],[105.93202,20.85499],[105.93118,20.85377],[105.9294,20.85119],[105.91307,20.84136],[105.91201,20.83919],[105.91097,20.83706],[105.90998,20.83504],[105.91162,20.81282],[105.91581,20.80122],[105.91606,20.80053],[105.91956,20.79384],[105.92324,20.78974],[105.92878,20.78595],[105.95813,20.77966],[105.96352,20.77739],[105.96604,20.77409],[105.96756,20.73438],[105.96225,20.72617],[105.97191,20.70063],[105.97366,20.70026],[105.97892,20.70037],[105.9854,20.70303],[105.98782,20.70503],[105.98802,20.70496],[105.99575,20.70472],[105.99948,20.70458],[105.99553,20.69291],[105.99514,20.69201],[105.98561,20.68216],[105.97357,20.6708],[105.96527,20.66578],[105.96085,20.66503],[105.95652,20.66253],[105.95646,20.6516],[105.94921,20.65348],[105.9448,20.65503],[105.9428,20.65669],[105.94183,20.65962],[105.94165,20.66425],[105.94479,20.66831],[105.94488,20.67191],[105.94497,20.67731],[105.94353,20.68094],[105.94196,20.68265],[105.94164,20.68274],[105.91834,20.6769],[105.91023,20.6734],[105.90617,20.66963],[105.90157,20.66737],[105.89444,20.66865],[105.89465,20.65348],[105.87847,20.64437],[105.85514,20.6461],[105.84329,20.65821],[105.82099,20.66575],[105.81892,20.66425],[105.81872,20.6632],[105.81885,20.661],[105.83129,20.64773],[105.8093,20.63023],[105.81085,20.6181],[105.80393,20.6109],[105.80864,20.60589],[105.79919,20.59293],[105.79882,20.58906],[105.79633,20.5785],[105.79545,20.57406],[105.79192,20.56978],[105.78895,20.56802],[105.76767,20.56476],[105.7642,20.5747],[105.75955,20.58141],[105.75328,20.58793],[105.74497,20.59561],[105.74031,20.5983],[105.73523,20.60024],[105.72975,20.60294],[105.72608,20.60295],[105.72303,20.60239],[105.71976,20.59973],[105.71691,20.59806],[105.71013,20.59985],[105.70503,20.60112],[105.7021,20.61322],[105.69204,20.62201],[105.68425,20.61744],[105.66442,20.61895],[105.663,20.63001],[105.66956,20.63266],[105.67835,20.63132],[105.68143,20.63353],[105.68262,20.63607],[105.68425,20.63942],[105.67753,20.64651],[105.67755,20.66873],[105.67662,20.66964],[105.67546,20.66992],[105.67441,20.66572],[105.67332,20.66542],[105.67185,20.66621],[105.66729,20.68004],[105.67718,20.68517],[105.67977,20.69656],[105.65955,20.72616],[105.66516,20.73601],[105.65439,20.74537],[105.65218,20.75099],[105.64874,20.75935],[105.6462,20.77592],[105.64646,20.78302],[105.64678,20.79372],[105.63045,20.79469],[105.63013,20.79589],[105.63186,20.79918],[105.63249,20.802],[105.62822,20.8175],[105.62869,20.81894],[105.62964,20.82079],[105.63198,20.82312],[105.63944,20.82562],[105.63899,20.82973],[105.63465,20.83188],[105.6346,20.83959],[105.61699,20.83165],[105.59733,20.84205],[105.59363,20.83341],[105.59196,20.83245],[105.58838,20.83213],[105.5868,20.83039],[105.58069,20.81275],[105.57514,20.80988],[105.5563,20.81084],[105.56043,20.822],[105.56301,20.82317],[105.56744,20.82272],[105.57346,20.82365],[105.57616,20.8269],[105.585,20.84774],[105.58406,20.85315],[105.58235,20.85893],[105.55533,20.88262],[105.5519,20.89056],[105.5546,20.89344],[105.55576,20.8956],[105.55444,20.90137],[105.55503,20.90587],[105.55793,20.90964],[105.56409,20.91161],[105.56948,20.91303],[105.57642,20.91697],[105.58009,20.9202],[105.58087,20.92308],[105.57973,20.92705],[105.5757,20.93067],[105.56935,20.92943],[105.56377,20.92782],[105.55805,20.9264],[105.5347,20.9266],[105.53137,20.9245],[105.52685,20.9219],[105.523,20.92129],[105.51783,20.92156],[105.5116,20.92307],[105.50564,20.92644],[105.50252,20.93105],[105.49574,20.93131],[105.49117,20.93347],[105.48736,20.93658],[105.48153,20.94374],[105.47722,20.94804],[105.45535,20.95049],[105.44951,20.95432],[105.44443,20.95719],[105.44164,20.96029],[105.43962,20.96459],[105.43583,20.97365],[105.41958,20.98656],[105.41729,20.99765],[105.39342,21.00378],[105.38329,21.02382],[105.35348,21.00959],[105.3522,21.00983],[105.34865,21.01341],[105.34484,21.01556],[105.33669,21.01367],[105.3321,21.01249],[105.32981,21.01273],[105.32804,21.01536],[105.32626,21.01894],[105.32296,21.01966],[105.31681,21.01331],[105.29876,21.02956],[105.29242,21.05022],[105.29852,21.0697],[105.31725,21.1042],[105.31774,21.11077],[105.31759,21.1119],[105.31712,21.11555],[105.31569,21.11959],[105.30998,21.12946],[105.29076,21.1543],[105.28822,21.15864],[105.28695,21.16237],[105.28696,21.16596],[105.29718,21.17879],[105.29879,21.19088],[105.30008,21.1935],[105.30288,21.19565],[105.32121,21.20338],[105.33862,21.20192],[105.34406,21.20772],[105.33956,21.2215],[105.34383,21.22645],[105.3488,21.23573],[105.34997,21.23792],[105.35656,21.27777],[105.3604,21.28388],[105.3879,21.30452],[105.39224,21.30499],[105.39632,21.30379],[105.41161,21.29873],[105.42154,21.29392],[105.44138,21.27307],[105.44323,21.2646],[105.44337,21.26395],[105.44565,21.25346],[105.44466,21.2477],[105.44414,21.24472],[105.44893,21.2426],[105.45349,21.23556],[105.45782,21.23065],[105.45971,21.22666],[105.4628,21.21608],[105.46785,21.17944],[105.49456,21.1595],[105.5197,21.15545],[105.56732,21.16156],[105.5761,21.16599],[105.62183,21.17325],[105.62411,21.1713],[105.62413,21.1713],[105.62678,21.17072],[105.62244,21.18203],[105.62944,21.18322],[105.62355,21.1879],[105.61911,21.20186],[105.61737,21.2028],[105.61497,21.20396],[105.61296,21.20478],[105.61415,21.20928],[105.62007,21.20699],[105.62667,21.21208],[105.63735,21.20809],[105.63409,21.21841],[105.64168,21.21663],[105.65711,21.22196],[105.65698,21.22463],[105.65358,21.22784],[105.6438,21.22787],[105.64286,21.23087],[105.64201,21.23249],[105.64258,21.23564],[105.64516,21.23768],[105.65046,21.23915],[105.6573,21.23555],[105.66544,21.23982],[105.66721,21.23457],[105.673,21.23629],[105.67105,21.23094],[105.67173,21.22997],[105.67377,21.22862],[105.67907,21.23479],[105.68502,21.23591],[105.68622,21.23377],[105.68282,21.23225],[105.68742,21.22182],[105.68972,21.22047],[105.69267,21.21907],[105.69461,21.21634],[105.70252,21.22204],[105.70436,21.22191],[105.70651,21.22079],[105.70773,21.22087],[105.70917,21.22189],[105.71015,21.22341],[105.7119,21.22407],[105.71426,21.22474],[105.71588,21.22397],[105.71718,21.22384],[105.71883,21.226],[105.71986,21.22745],[105.72043,21.22763],[105.72123,21.22726],[105.72263,21.22593],[105.73558,21.23727],[105.73376,21.24192],[105.726,21.24402],[105.72676,21.24895],[105.7225,21.25327],[105.7229,21.26828],[105.7343,21.28164],[105.73433,21.28191],[105.73574,21.28885],[105.73577,21.28944],[105.74283,21.294],[105.74925,21.29788],[105.75736,21.30338],[105.75924,21.30642],[105.75837,21.30876],[105.75893,21.31145],[105.76779,21.32264],[105.76951,21.32598],[105.77171,21.33271],[105.77345,21.33562],[105.77641,21.3398],[105.78236,21.34355],[105.78324,21.34386],[105.78337,21.34905],[105.781,21.35481],[105.78486,21.35602],[105.78272,21.36092],[105.78901,21.37725],[105.79335,21.38177],[105.79713,21.38401],[105.81007,21.3842],[105.81572,21.38266],[105.82029,21.37962],[105.82567,21.37758]]]],"type":"MultiPolygon"},"id":"tinh34.7","properties":{"matinh":"1","name":"Hà Nội","atlasId":1},"type":"Feature"},{"geometry":{"coordinates":[[[[108.19443,16.21275],[108.19558,16.21],[108.19267,16.21234],[108.19443,16.21275]]],[[[108.19155,16.21143],[108.19397,16.2107],[108.1947,16.20998],[108.19479,16.20921],[108.19398,16.20539],[108.19465,16.19981],[108.17828,16.19966],[108.1758,16.19726],[108.17542,16.19493],[108.17326,16.19373],[108.16835,16.19385],[108.16678,16.19301],[108.16476,16.19403],[108.15453,16.18826],[108.13757,16.19496],[108.12017,16.18325],[108.11304,16.18259],[108.09818,16.18773],[108.09064,16.18139],[108.06342,16.18501],[108.05715,16.18012],[108.03066,16.19266],[108.01149,16.19593],[108.00334,16.20553],[107.98757,16.21471],[107.96618,16.19435],[107.95385,16.19024],[107.92753,16.19904],[107.91233,16.21516],[107.90737,16.21602],[107.89367,16.20671],[107.88845,16.20716],[107.88558,16.20163],[107.87485,16.19847],[107.87541,16.1901],[107.8656,16.18493],[107.87306,16.17276],[107.87307,16.16192],[107.8574,16.15555],[107.85518,16.13992],[107.85803,16.13644],[107.85385,16.1272],[107.85398,16.11453],[107.84443,16.10719],[107.83314,16.09918],[107.82515,16.08953],[107.82196,16.08398],[107.82102,16.08056],[107.82099,16.07841],[107.82123,16.07468],[107.81994,16.06724],[107.81389,16.05453],[107.80526,16.0545],[107.79908,16.0616],[107.78662,16.06775],[107.77888,16.06371],[107.77329,16.06644],[107.76787,16.05261],[107.75909,16.05001],[107.75575,16.04439],[107.74369,16.0433],[107.72479,16.03111],[107.72637,16.02052],[107.72548,16.0162],[107.72459,16.01339],[107.72222,16.00893],[107.70546,15.99733],[107.69717,15.99615],[107.69055,15.99655],[107.6757,16.00001],[107.66958,16.01281],[107.66257,16.01914],[107.64976,16.02063],[107.63448,16.03018],[107.61925,16.03305],[107.6182,16.03965],[107.62405,16.05061],[107.61799,16.06488],[107.59929,16.05843],[107.56978,16.05622],[107.55128,16.04524],[107.5587,16.032],[107.55836,16.02336],[107.546,16.0117],[107.52365,16.01735],[107.51704,16.01555],[107.51017,16.01749],[107.50501,16.02232],[107.50018,16.0344],[107.48908,16.04181],[107.48694,16.04192],[107.48533,16.04128],[107.48432,16.04053],[107.48147,16.03614],[107.47373,16.03578],[107.47112,16.03284],[107.46804,16.02846],[107.46587,16.02638],[107.44809,16.03869],[107.44528,16.04259],[107.44483,16.05181],[107.44465,16.05533],[107.45943,16.07408],[107.45516,16.08375],[107.4477,16.09079],[107.44469,16.09107],[107.44163,16.08391],[107.4266,16.07924],[107.42571,16.07912],[107.42486,16.07909],[107.41984,16.07935],[107.40738,16.08514],[107.40155,16.07859],[107.39928,16.06548],[107.39442,16.06401],[107.38868,16.06367],[107.3755,16.07433],[107.36425,16.0622],[107.3472,16.0634],[107.33251,16.056],[107.32271,16.07105],[107.31701,16.07139],[107.30886,16.07978],[107.28328,16.11724],[107.27,16.11749],[107.26761,16.12017],[107.26105,16.13794],[107.25206,16.13737],[107.24224,16.14823],[107.23386,16.14703],[107.2213,16.14011],[107.20478,16.1469],[107.19309,16.14564],[107.16738,16.16713],[107.15786,16.16991],[107.1543,16.18237],[107.14734,16.19062],[107.14585,16.20848],[107.14262,16.21487],[107.15349,16.23263],[107.14929,16.24099],[107.15362,16.2587],[107.14564,16.27074],[107.08593,16.31237],[107.07958,16.31328],[107.07937,16.32163],[107.06163,16.33317],[107.05972,16.34903],[107.05147,16.34715],[107.04887,16.35081],[107.03942,16.35041],[107.03764,16.35751],[107.03286,16.35818],[107.03423,16.36775],[107.04344,16.38096],[107.05249,16.38224],[107.05798,16.38625],[107.05592,16.38984],[107.0572,16.39769],[107.05437,16.40119],[107.05999,16.41207],[107.07678,16.40167],[107.0844,16.4037],[107.09314,16.39916],[107.0933,16.4051],[107.11011,16.38673],[107.12106,16.38704],[107.12641,16.38367],[107.1378,16.3906],[107.14493,16.38717],[107.15103,16.39047],[107.13928,16.40733],[107.14155,16.41274],[107.13896,16.41765],[107.14318,16.42091],[107.14241,16.42914],[107.14667,16.43671],[107.1372,16.44046],[107.13569,16.44513],[107.12939,16.44912],[107.13364,16.45874],[107.12234,16.48373],[107.10391,16.49561],[107.09648,16.49438],[107.09263,16.50227],[107.06397,16.51276],[107.06091,16.51624],[107.05786,16.51977],[107.05366,16.52524],[107.05706,16.53064],[107.05858,16.53371],[107.0607,16.54548],[107.07663,16.54579],[107.0934,16.55126],[107.11925,16.55454],[107.12703,16.56663],[107.13607,16.57127],[107.14921,16.57559],[107.20076,16.58408],[107.20614,16.57979],[107.20919,16.57926],[107.2132,16.57929],[107.22132,16.58028],[107.24415,16.58765],[107.25185,16.57649],[107.26905,16.56656],[107.30095,16.58737],[107.31091,16.58033],[107.31119,16.58034],[107.31742,16.58325],[107.32341,16.58669],[107.32274,16.59846],[107.33257,16.6],[107.32305,16.60599],[107.3265,16.60929],[107.31928,16.62057],[107.30858,16.62623],[107.31348,16.64163],[107.31138,16.64246],[107.30981,16.6365],[107.3047,16.64151],[107.31953,16.65391],[107.3267,16.64333],[107.32654,16.65162],[107.31663,16.66317],[107.32867,16.66689],[107.32963,16.6689],[107.32215,16.67122],[107.33259,16.67684],[107.34307,16.6926],[107.35554,16.69877],[107.35549,16.70396],[107.35279,16.70669],[107.35007,16.70807],[107.35003,16.70912],[107.35295,16.7102],[107.35603,16.71356],[107.36796,16.73487],[107.38274,16.74126],[107.38566,16.74376],[107.38595,16.74393],[107.5,16.65441],[107.57239,16.60219],[107.59425,16.58849],[107.66085,16.55639],[107.71218,16.52262],[107.79773,16.45488],[107.88521,16.37739],[107.89194,16.37201],[107.89768,16.36781],[107.9031,16.36857],[107.93259,16.34193],[107.94173,16.34135],[107.94434,16.34851],[107.94937,16.34423],[107.95298,16.34552],[107.95412,16.3374],[107.96793,16.32314],[107.97645,16.31782],[108.00183,16.31326],[108.02007,16.32124],[108.02011,16.33084],[108.0149,16.33996],[108.01602,16.34257],[108.01687,16.34375],[108.01823,16.34473],[108.02134,16.3445],[108.02524,16.3387],[108.03243,16.33606],[108.04027,16.31696],[108.03526,16.313],[108.0358,16.30955],[108.05777,16.27288],[108.08566,16.23285],[108.10258,16.22071],[108.11711,16.21368],[108.12785,16.21716],[108.14048,16.21447],[108.1446,16.22114],[108.17103,16.20884],[108.17296,16.21038],[108.17491,16.21227],[108.17873,16.21207],[108.1808,16.21235],[108.18208,16.21407],[108.18234,16.2154],[108.19155,16.21143]]]],"type":"MultiPolygon"},"id":"tinh34.2","properties":{"matinh":"20","name":"Huế","atlasId":20},"type":"Feature"},{"geometry":{"coordinates":[[[[108.69578,15.81265],[108.68874,15.81237],[108.68998,15.81892],[108.69629,15.81486],[108.69578,15.81265]]],[[[108.541,15.90483],[108.53398,15.90307],[108.53022,15.90598],[108.54061,15.91512],[108.541,15.90483]]],[[[108.47786,15.93939],[108.47494,15.94517],[108.48278,15.94955],[108.47786,15.93939]]],[[[108.52326,15.96136],[108.53678,15.95752],[108.53466,15.94956],[108.53758,15.93693],[108.53529,15.93056],[108.53797,15.924],[108.53279,15.9236],[108.51766,15.9392],[108.50991,15.94127],[108.50496,15.95842],[108.49687,15.96119],[108.49154,15.95697],[108.48172,15.96683],[108.50138,15.98074],[108.50869,15.97478],[108.5078,15.97052],[108.50803,15.96966],[108.50874,15.96845],[108.51084,15.9662],[108.52326,15.96136]]],[[[108.44594,15.96865],[108.44102,15.97312],[108.44818,15.98086],[108.45044,15.9765],[108.44594,15.96865]]],[[[107.91712,16.20872],[107.92753,16.19904],[107.95385,16.19024],[107.96618,16.19435],[107.98757,16.21471],[108.00334,16.20553],[108.01149,16.19593],[108.03066,16.19266],[108.05715,16.18012],[108.06342,16.18501],[108.09064,16.18139],[108.09818,16.18773],[108.11304,16.18259],[108.12017,16.18325],[108.13757,16.19496],[108.15453,16.18826],[108.15237,16.18757],[108.1523,16.18715],[108.15184,16.1838],[108.15204,16.16354],[108.1483,16.16166],[108.14356,16.16576],[108.13784,16.16461],[108.13476,16.15842],[108.13671,16.14589],[108.13203,16.14203],[108.12411,16.14321],[108.12116,16.13257],[108.13033,16.11338],[108.14625,16.09565],[108.16795,16.08125],[108.18517,16.07501],[108.20013,16.07531],[108.21385,16.09662],[108.21591,16.09444],[108.22215,16.09765],[108.22149,16.10801],[108.22207,16.1088],[108.2228,16.10942],[108.22358,16.10996],[108.22451,16.11021],[108.22525,16.11029],[108.22556,16.11023],[108.22727,16.1036],[108.2325,16.10406],[108.23275,16.09579],[108.23547,16.09403],[108.24048,16.10502],[108.23985,16.1117],[108.21984,16.12063],[108.21512,16.1179],[108.21239,16.12339],[108.22481,16.13529],[108.23228,16.14763],[108.24623,16.15598],[108.25708,16.15265],[108.26968,16.13563],[108.27353,16.13418],[108.27909,16.13787],[108.28601,16.13744],[108.30377,16.12394],[108.30785,16.12611],[108.3125,16.14398],[108.32068,16.14212],[108.33562,16.11995],[108.31173,16.11347],[108.30959,16.11099],[108.30761,16.10794],[108.30623,16.09766],[108.30109,16.098],[108.29753,16.10557],[108.29618,16.10601],[108.29386,16.10637],[108.29359,16.10641],[108.27237,16.09806],[108.25739,16.10261],[108.25123,16.09727],[108.2468,16.08675],[108.24437,16.07136],[108.24722,16.05199],[108.27839,15.98301],[108.30135,15.94753],[108.30735,15.94083],[108.32097,15.92774],[108.38095,15.88949],[108.38598,15.8847],[108.38771,15.88304],[108.38899,15.88162],[108.39292,15.87144],[108.40216,15.87178],[108.40282,15.84814],[108.41189,15.81442],[108.42085,15.79338],[108.52419,15.62814],[108.57569,15.55966],[108.61679,15.51519],[108.63652,15.50325],[108.64903,15.49912],[108.6685,15.50133],[108.67338,15.50932],[108.67191,15.51636],[108.67277,15.51627],[108.6775,15.51164],[108.67841,15.51077],[108.67986,15.50879],[108.67985,15.50842],[108.67984,15.50761],[108.67524,15.50545],[108.67186,15.48848],[108.67254,15.48607],[108.67361,15.4839],[108.67488,15.48226],[108.68068,15.47865],[108.68327,15.48628],[108.68446,15.48697],[108.68546,15.48712],[108.68646,15.4869],[108.68767,15.48586],[108.68877,15.48398],[108.69834,15.46195],[108.69443,15.44185],[108.73699,15.39866],[108.71937,15.37571],[108.71784,15.37434],[108.7162,15.37336],[108.71357,15.37224],[108.6995,15.37335],[108.66917,15.3666],[108.66028,15.36927],[108.65682,15.3694],[108.64634,15.3686],[108.64234,15.36848],[108.62784,15.35929],[108.60346,15.35318],[108.59728,15.34621],[108.58912,15.34782],[108.58845,15.34718],[108.58534,15.34411],[108.57726,15.3462],[108.56021,15.33601],[108.54461,15.33606],[108.52396,15.32138],[108.50161,15.32633],[108.49904,15.32526],[108.49729,15.32438],[108.4937,15.31645],[108.48252,15.30918],[108.43769,15.31276],[108.43055,15.32711],[108.42451,15.31673],[108.41487,15.30843],[108.40371,15.31089],[108.40155,15.30321],[108.4008,15.30197],[108.3979,15.30095],[108.39207,15.29989],[108.39004,15.29999],[108.38633,15.30229],[108.38276,15.30373],[108.38,15.30432],[108.36591,15.29861],[108.36264,15.29642],[108.35895,15.29633],[108.32152,15.30256],[108.31782,15.30231],[108.31534,15.30086],[108.31205,15.29703],[108.30949,15.29305],[108.30877,15.29204],[108.29859,15.28585],[108.2979,15.2819],[108.29797,15.28019],[108.30003,15.27908],[108.30169,15.27818],[108.30239,15.27709],[108.30359,15.27421],[108.30413,15.26994],[108.3028,15.26473],[108.30084,15.25977],[108.29173,15.25371],[108.29083,15.25229],[108.28958,15.24887],[108.28861,15.24754],[108.27966,15.24478],[108.28658,15.23422],[108.28612,15.22903],[108.30237,15.22793],[108.30566,15.22481],[108.30292,15.21138],[108.28954,15.20058],[108.28956,15.19922],[108.29022,15.19737],[108.29175,15.19615],[108.30092,15.1933],[108.29815,15.18305],[108.30455,15.17514],[108.29222,15.16833],[108.27229,15.13079],[108.25613,15.11862],[108.25789,15.0979],[108.25736,15.09626],[108.25456,15.09057],[108.23392,15.07932],[108.23991,15.0668],[108.23576,15.04925],[108.24116,15.04185],[108.24031,15.03825],[108.23979,15.03656],[108.23884,15.03468],[108.22289,15.03117],[108.22002,15.03135],[108.21113,15.03381],[108.20699,15.03684],[108.20403,15.04102],[108.20033,15.04347],[108.19232,15.04249],[108.18725,15.05231],[108.17382,15.06153],[108.15836,15.06109],[108.14565,15.04625],[108.14994,15.03444],[108.14788,15.02018],[108.14947,15.00502],[108.15439,14.99705],[108.16,14.97527],[108.14283,14.96076],[108.12153,14.96134],[108.10707,14.95407],[108.101,14.95329],[108.10035,14.95329],[108.09666,14.95329],[108.09309,14.9539],[108.08962,14.9545],[108.08595,14.95639],[108.07728,14.96799],[108.0576,14.97591],[108.04807,14.99002],[108.04486,14.99306],[108.04265,14.99419],[108.04179,14.99463],[108.01664,15.00285],[108.00904,14.99964],[108.00136,15.00333],[107.98844,15.00019],[107.98088,15.01143],[107.97519,15.0113],[107.9635,15.0225],[107.95534,15.03791],[107.95695,15.04559],[107.94814,15.05427],[107.95287,15.0586],[107.96236,15.06639],[107.97427,15.07095],[107.97816,15.08726],[107.98681,15.0967],[107.9857,15.10087],[107.9942,15.11568],[108.00076,15.12027],[107.99658,15.12786],[108.00261,15.14327],[107.99728,15.15704],[107.98584,15.15963],[107.98001,15.16747],[107.94857,15.17634],[107.94829,15.18137],[107.94801,15.18464],[107.94702,15.18627],[107.93377,15.19359],[107.92769,15.20998],[107.91283,15.21315],[107.91213,15.21217],[107.91157,15.2106],[107.91149,15.20854],[107.8986,15.20665],[107.88772,15.19494],[107.87876,15.19875],[107.86949,15.21127],[107.83556,15.20826],[107.82577,15.21035],[107.81685,15.21724],[107.81361,15.21244],[107.80778,15.21254],[107.7951,15.21793],[107.77842,15.22012],[107.77011,15.22829],[107.76993,15.2336],[107.75725,15.23846],[107.74792,15.23163],[107.74577,15.23141],[107.74031,15.23155],[107.73472,15.23217],[107.73632,15.23757],[107.72581,15.29016],[107.72856,15.30925],[107.72841,15.30921],[107.70612,15.30402],[107.69204,15.31779],[107.66282,15.35338],[107.66122,15.36038],[107.65847,15.37385],[107.65837,15.37804],[107.65937,15.384],[107.65865,15.38849],[107.635,15.41685],[107.62216,15.4141],[107.61787,15.41851],[107.60153,15.42239],[107.59804,15.41573],[107.58764,15.41381],[107.57473,15.40236],[107.57281,15.40023],[107.57106,15.39897],[107.55934,15.39552],[107.54621,15.40449],[107.5286,15.40686],[107.51672,15.41715],[107.52504,15.4426],[107.51206,15.47349],[107.49288,15.47973],[107.47627,15.47888],[107.47581,15.48267],[107.47985,15.48451],[107.48037,15.48932],[107.4717,15.49671],[107.44882,15.50478],[107.42998,15.50287],[107.43007,15.49308],[107.4277,15.49114],[107.41092,15.49496],[107.38001,15.49454],[107.37249,15.53259],[107.36161,15.55743],[107.36327,15.5604],[107.36331,15.565],[107.36308,15.57003],[107.36097,15.57157],[107.35819,15.57323],[107.35777,15.57337],[107.3501,15.57147],[107.34489,15.5742],[107.34093,15.57877],[107.35169,15.59266],[107.34691,15.60251],[107.34052,15.60692],[107.34069,15.61496],[107.32909,15.6242],[107.31299,15.62668],[107.29045,15.6243],[107.27373,15.63623],[107.27527,15.64853],[107.27332,15.65431],[107.26307,15.65593],[107.26326,15.66387],[107.27453,15.68342],[107.27148,15.68847],[107.27457,15.70081],[107.27334,15.70459],[107.27152,15.70857],[107.26448,15.71199],[107.26278,15.72139],[107.25067,15.72282],[107.24748,15.72662],[107.25254,15.7394],[107.24705,15.74558],[107.21241,15.74037],[107.20991,15.74957],[107.20955,15.75781],[107.21546,15.76161],[107.21775,15.7783],[107.22734,15.78651],[107.22421,15.80681],[107.21418,15.82387],[107.20883,15.82783],[107.21952,15.83223],[107.23166,15.84465],[107.24618,15.83954],[107.25623,15.84984],[107.26807,15.85239],[107.26958,15.85881],[107.2706,15.86061],[107.27342,15.86239],[107.27379,15.86259],[107.28096,15.85872],[107.29617,15.86958],[107.30113,15.86734],[107.30619,15.87038],[107.30669,15.8707],[107.30774,15.87148],[107.31401,15.88339],[107.32453,15.88977],[107.34544,15.89453],[107.36061,15.89272],[107.36269,15.89688],[107.36327,15.89724],[107.36693,15.89833],[107.36898,15.8989],[107.38279,15.8883],[107.39724,15.89533],[107.40754,15.91095],[107.41373,15.91346],[107.41963,15.92754],[107.42578,15.93098],[107.4331,15.96182],[107.44403,15.98084],[107.44284,15.98777],[107.45074,15.99489],[107.45419,16.0064],[107.47373,16.03578],[107.48219,16.03643],[107.48694,16.04192],[107.48908,16.04181],[107.49308,16.04067],[107.50018,16.0344],[107.50501,16.02232],[107.51017,16.01749],[107.51704,16.01555],[107.52365,16.01735],[107.546,16.0117],[107.55836,16.02336],[107.5587,16.032],[107.55128,16.04524],[107.56978,16.05622],[107.59929,16.05843],[107.61799,16.06488],[107.62405,16.05061],[107.6182,16.03965],[107.61925,16.03305],[107.63448,16.03018],[107.64976,16.02063],[107.66257,16.01914],[107.66958,16.01281],[107.6757,16.00001],[107.69055,15.99655],[107.69717,15.99615],[107.70546,15.99733],[107.72222,16.00893],[107.72459,16.01339],[107.72548,16.0162],[107.72637,16.02052],[107.72479,16.03111],[107.74369,16.0433],[107.75575,16.04439],[107.75909,16.05001],[107.76787,16.05261],[107.77329,16.06644],[107.77888,16.06371],[107.78662,16.06775],[107.79908,16.0616],[107.80526,16.0545],[107.81389,16.05453],[107.81994,16.06724],[107.82123,16.07468],[107.82099,16.07841],[107.82102,16.08056],[107.82196,16.08398],[107.82515,16.08953],[107.83314,16.09918],[107.84443,16.10719],[107.85398,16.11453],[107.85385,16.1272],[107.85803,16.13644],[107.85518,16.13992],[107.8574,16.15555],[107.8713,16.15937],[107.87386,16.16421],[107.87048,16.17899],[107.86546,16.18423],[107.87541,16.1901],[107.87335,16.19735],[107.88558,16.20163],[107.88845,16.20716],[107.89367,16.20671],[107.9089,16.21648],[107.91712,16.20872]]],[[[108.20613,16.21313],[108.20493,16.21099],[108.19728,16.21393],[108.19806,16.22162],[108.2018,16.22658],[108.20856,16.22134],[108.20613,16.21313]]],[[[111.21578,15.77342],[111.20997,15.77137],[111.2035,15.77147],[111.19899,15.77384],[111.19502,15.77718],[111.19421,15.7813],[111.19637,15.78505],[111.19994,15.78926],[111.2065,15.79508],[111.2118,15.79829],[111.21672,15.79953],[111.22109,15.79913],[111.22506,15.79562],[111.22814,15.79147],[111.22843,15.78736],[111.22694,15.7818],[111.22177,15.77596],[111.21578,15.77342]]],[[[112.57874,16.05875],[112.57412,16.0557],[112.56883,16.05176],[112.56267,16.0477],[112.55863,16.04473],[112.55158,16.03812],[112.54701,16.03389],[112.54057,16.02903],[112.53339,16.02457],[112.52436,16.02127],[112.51158,16.01832],[112.50244,16.01656],[112.49663,16.015],[112.49039,16.01402],[112.48096,16.01184],[112.4724,16.01048],[112.46495,16.01019],[112.4561,16.01124],[112.45121,16.01218],[112.44721,16.01422],[112.44591,16.01631],[112.44373,16.02016],[112.44167,16.02405],[112.44062,16.02902],[112.44191,16.03507],[112.44456,16.03929],[112.44801,16.04259],[112.45458,16.04583],[112.46069,16.04863],[112.46561,16.05032],[112.47263,16.05243],[112.47638,16.05392],[112.4815,16.05449],[112.48453,16.05465],[112.49037,16.05588],[112.49838,16.05594],[112.50609,16.05832],[112.5215,16.06323],[112.53264,16.06663],[112.54711,16.07156],[112.55494,16.07436],[112.56317,16.07612],[112.57558,16.07872],[112.57819,16.07902],[112.58318,16.07904],[112.58975,16.07844],[112.59197,16.07795],[112.5942,16.07721],[112.59576,16.07627],[112.59673,16.07488],[112.59742,16.07337],[112.59737,16.07167],[112.59611,16.06983],[112.59406,16.06841],[112.58952,16.06579],[112.58615,16.06383],[112.58284,16.06183],[112.57874,16.05875]],[[112.50243,16.04748],[112.49815,16.0456],[112.49374,16.04591],[112.4826,16.0466],[112.47516,16.04608],[112.46917,16.04328],[112.46398,16.04001],[112.45344,16.03618],[112.4494,16.03221],[112.4479,16.02752],[112.4499,16.02343],[112.45372,16.01727],[112.46457,16.01435],[112.47107,16.01376],[112.47819,16.01559],[112.49846,16.01764],[112.50678,16.02096],[112.51354,16.02355],[112.52254,16.02587],[112.53059,16.02798],[112.54301,16.03614],[112.54902,16.04171],[112.55453,16.04615],[112.55654,16.05135],[112.55401,16.05437],[112.54983,16.05651],[112.54135,16.05623],[112.5352,16.05522],[112.52549,16.05224],[112.51259,16.04932],[112.50243,16.04748]]],[[[111.78333,16.03792],[111.77155,16.0374],[111.76039,16.03905],[111.7535,16.04242],[111.74839,16.04813],[111.74751,16.05249],[111.74839,16.05844],[111.75454,16.06702],[111.76355,16.07393],[111.77329,16.07846],[111.77988,16.08016],[111.79207,16.08157],[111.7994,16.08126],[111.80768,16.07966],[111.81437,16.07647],[111.82028,16.0722],[111.82212,16.06764],[111.82184,16.06294],[111.81984,16.05936],[111.81472,16.0542],[111.80609,16.04711],[111.79323,16.04064],[111.78333,16.03792]]],[[[111.70096,16.22798],[111.69713,16.22732],[111.69389,16.2281],[111.68859,16.23032],[111.68565,16.23345],[111.6846,16.23785],[111.68494,16.24103],[111.68634,16.2435],[111.68787,16.2443],[111.69374,16.24727],[111.69601,16.24747],[111.70295,16.24711],[111.70747,16.24538],[111.70944,16.24286],[111.7095,16.23907],[111.70894,16.23648],[111.70723,16.23237],[111.70427,16.22935],[111.70096,16.22798]]],[[[111.79129,16.28727],[111.80207,16.27383],[111.80616,16.2668],[111.80758,16.25983],[111.80602,16.25032],[111.80127,16.24086],[111.79059,16.232],[111.77646,16.22319],[111.76122,16.21522],[111.75223,16.21392],[111.74293,16.21408],[111.73657,16.21516],[111.72408,16.21991],[111.721,16.2233],[111.72112,16.23025],[111.72231,16.2319],[111.72484,16.23401],[111.73002,16.23428],[111.73767,16.23228],[111.74367,16.23088],[111.74902,16.23079],[111.75473,16.23214],[111.75996,16.23496],[111.77135,16.24478],[111.77452,16.24845],[111.7759,16.25311],[111.77583,16.25877],[111.77231,16.264],[111.76654,16.26912],[111.75662,16.27317],[111.74211,16.27633],[111.72093,16.27783],[111.70576,16.27793],[111.68685,16.27664],[111.66685,16.2765],[111.6568,16.27425],[111.65026,16.27015],[111.63815,16.2584],[111.62603,16.24599],[111.61559,16.23566],[111.60365,16.2239],[111.59447,16.21645],[111.58255,16.20728],[111.58234,16.20534],[111.58295,16.20367],[111.58702,16.20087],[111.60536,16.20399],[111.62767,16.21751],[111.64843,16.23235],[111.66414,16.2354],[111.66762,16.23498],[111.66842,16.23405],[111.66878,16.22751],[111.66815,16.22475],[111.66772,16.22226],[111.6491,16.21117],[111.64029,16.20501],[111.62387,16.19317],[111.6119,16.18868],[111.60261,16.1848],[111.58928,16.18179],[111.57792,16.18246],[111.56645,16.18702],[111.56348,16.18965],[111.55945,16.19538],[111.55885,16.2004],[111.55912,16.20621],[111.561,16.21491],[111.56408,16.21842],[111.57671,16.23082],[111.5917,16.23994],[111.60858,16.25356],[111.61684,16.26199],[111.62853,16.2744],[111.63887,16.28344],[111.64756,16.2875],[111.65611,16.29004],[111.68239,16.2916],[111.70273,16.29331],[111.71723,16.29403],[111.7319,16.29474],[111.74951,16.29556],[111.7578,16.29623],[111.77002,16.29812],[111.77579,16.29757],[111.7816,16.29488],[111.79129,16.28727]]],[[[112.07824,16.3411],[112.07768,16.339],[112.07663,16.33723],[112.07507,16.33566],[112.07322,16.33419],[112.07055,16.33328],[112.06836,16.33287],[112.06502,16.33229],[112.06325,16.33217],[112.06122,16.33196],[112.05889,16.3322],[112.05553,16.33322],[112.05202,16.33444],[112.04861,16.33531],[112.04598,16.33601],[112.04265,16.33681],[112.03921,16.33794],[112.03781,16.33832],[112.03589,16.33861],[112.03289,16.33911],[112.03061,16.33956],[112.02906,16.33994],[112.02756,16.34017],[112.02373,16.34084],[112.02061,16.34085],[112.01894,16.34068],[112.0169,16.34017],[112.0156,16.33979],[112.01397,16.33902],[112.01038,16.33749],[112.00858,16.33691],[112.00723,16.33615],[112.00438,16.33411],[112.00196,16.33276],[111.99901,16.33112],[111.99565,16.32952],[111.9936,16.32831],[111.99123,16.32707],[111.99115,16.32705],[111.97151,16.32073],[111.96088,16.31962],[111.95268,16.31977],[111.94851,16.32172],[111.9448,16.32648],[111.94369,16.331],[111.94462,16.33774],[111.94853,16.3431],[111.95303,16.34635],[111.96435,16.3535],[111.97054,16.3563],[111.97802,16.35886],[111.99185,16.3621],[111.99809,16.36344],[112.00737,16.36503],[112.01275,16.36567],[112.02003,16.36572],[112.0265,16.36597],[112.03225,16.36558],[112.03607,16.36486],[112.03941,16.36443],[112.04585,16.36301],[112.05089,16.36125],[112.0545,16.3597],[112.05879,16.3586],[112.06494,16.35637],[112.0691,16.35394],[112.07116,16.3525],[112.0744,16.35026],[112.07632,16.34799],[112.0774,16.34555],[112.0783,16.3436],[112.07824,16.3411]]],[[[111.71313,16.44651],[111.71137,16.44607],[111.70888,16.44611],[111.70664,16.44639],[111.70366,16.44761],[111.70047,16.4507],[111.69857,16.45587],[111.69895,16.45805],[111.70165,16.46049],[111.70618,16.46205],[111.71192,16.46219],[111.7164,16.46117],[111.71836,16.45927],[111.71956,16.45668],[111.71954,16.45551],[111.71924,16.45295],[111.71795,16.4504],[111.71666,16.44832],[111.71565,16.4474],[111.71313,16.44651]]],[[[111.53662,16.43967],[111.5301,16.43888],[111.52625,16.43917],[111.52005,16.44288],[111.51769,16.44562],[111.51726,16.44833],[111.51877,16.45192],[111.52171,16.45502],[111.52538,16.45812],[111.52953,16.46121],[111.53753,16.46356],[111.5438,16.46413],[111.54862,16.46405],[111.55294,16.46285],[111.55484,16.46147],[111.55578,16.45988],[111.55599,16.45829],[111.55592,16.45424],[111.55491,16.45177],[111.55342,16.44932],[111.55122,16.44732],[111.54828,16.44489],[111.54366,16.44249],[111.53662,16.43967]]],[[[111.61164,16.43815],[111.60907,16.43779],[111.60551,16.43798],[111.60056,16.4394],[111.59323,16.44352],[111.58835,16.4496],[111.58201,16.46105],[111.58009,16.46948],[111.57961,16.47415],[111.58069,16.47929],[111.5832,16.48404],[111.58884,16.48901],[111.59128,16.4899],[111.5937,16.4896],[111.59847,16.48592],[111.60557,16.47701],[111.61335,16.46595],[111.61787,16.45615],[111.61881,16.45307],[111.61882,16.44949],[111.617,16.44312],[111.61408,16.43957],[111.61164,16.43815]]],[[[111.59902,16.50677],[111.59299,16.50514],[111.58715,16.50591],[111.58409,16.50732],[111.58484,16.51195],[111.58765,16.51457],[111.58997,16.51659],[111.59323,16.51733],[111.59559,16.51631],[111.59783,16.51378],[111.60052,16.51154],[111.60049,16.5097],[111.59893,16.50779],[111.59902,16.50677]]],[[[111.74473,16.44499],[111.74131,16.4431],[111.73791,16.44316],[111.7374,16.44341],[111.73664,16.44489],[111.73486,16.44712],[111.73462,16.44859],[111.73473,16.45446],[111.73777,16.4632],[111.74374,16.47581],[111.74951,16.48426],[111.75411,16.49249],[111.75498,16.49712],[111.75607,16.49979],[111.75618,16.50565],[111.75496,16.51032],[111.74909,16.51823],[111.74532,16.52535],[111.74536,16.52755],[111.7479,16.53073],[111.75107,16.53263],[111.75317,16.53308],[111.75682,16.53277],[111.75991,16.53052],[111.76505,16.52603],[111.76915,16.5218],[111.77273,16.51783],[111.77706,16.51238],[111.77831,16.50942],[111.77821,16.50405],[111.77681,16.49894],[111.77355,16.4924],[111.76399,16.48376],[111.75824,16.47604],[111.7555,16.46949],[111.75301,16.46196],[111.74943,16.452],[111.74645,16.44619],[111.74473,16.44499]]],[[[111.62606,16.52152],[111.61561,16.52023],[111.60779,16.5217],[111.60498,16.52415],[111.60319,16.52792],[111.6024,16.5318],[111.60346,16.53526],[111.6084,16.53985],[111.6159,16.54426],[111.62223,16.54683],[111.62697,16.54835],[111.63211,16.54813],[111.6365,16.54632],[111.63872,16.54281],[111.63857,16.53467],[111.6381,16.53214],[111.63646,16.52856],[111.63153,16.5241],[111.62606,16.52152]]],[[[111.70099,16.54517],[111.69797,16.54446],[111.69651,16.54479],[111.69427,16.54635],[111.69205,16.54912],[111.69083,16.5534],[111.69095,16.55537],[111.69086,16.55932],[111.69189,16.56235],[111.69356,16.56505],[111.69502,16.56518],[111.69773,16.56209],[111.70084,16.55459],[111.7022,16.54925],[111.70214,16.54621],[111.70099,16.54517]]],[[[111.67095,16.54601],[111.66353,16.54479],[111.65921,16.54486],[111.65577,16.54582],[111.65311,16.54721],[111.64745,16.55058],[111.64476,16.55397],[111.64351,16.55718],[111.64375,16.56113],[111.64494,16.56415],[111.6469,16.56488],[111.65025,16.56627],[111.65324,16.56795],[111.65682,16.56924],[111.66242,16.57031],[111.6678,16.57058],[111.6725,16.57032],[111.67622,16.56864],[111.67971,16.56516],[111.68108,16.56101],[111.68137,16.55588],[111.68044,16.55275],[111.67925,16.55025],[111.67613,16.54797],[111.67095,16.54601]]],[[[112.63704,16.56893],[112.63528,16.56846],[112.63369,16.56863],[112.63181,16.56924],[112.63082,16.57001],[112.63026,16.57109],[112.6304,16.57295],[112.63113,16.57417],[112.63207,16.57474],[112.63366,16.57525],[112.63474,16.5753],[112.63644,16.57519],[112.63788,16.57501],[112.63984,16.57452],[112.64083,16.5739],[112.64151,16.57322],[112.64168,16.5729],[112.64171,16.57224],[112.6413,16.57113],[112.6389,16.56983],[112.63704,16.56893]]],[[[111.73784,16.53851],[111.73474,16.53796],[111.72939,16.53805],[111.72291,16.53892],[111.71857,16.54128],[111.71282,16.54624],[111.70918,16.55162],[111.70678,16.56215],[111.70403,16.57162],[111.70323,16.57681],[111.70331,16.58076],[111.70483,16.58423],[111.70745,16.5854],[111.71445,16.58634],[111.71769,16.58583],[111.72282,16.58239],[111.72805,16.57531],[111.73396,16.56108],[111.73767,16.55113],[111.73899,16.54366],[111.73934,16.54061],[111.73784,16.53851]]],[[[112.73981,16.65839],[112.73731,16.65753],[112.73523,16.65792],[112.7332,16.65944],[112.72926,16.66226],[112.72729,16.66361],[112.72397,16.66545],[112.72216,16.66748],[112.72068,16.66979],[112.72032,16.67202],[112.72051,16.67372],[112.72149,16.67552],[112.7233,16.6769],[112.72499,16.67718],[112.72712,16.67677],[112.72863,16.67566],[112.73211,16.67321],[112.73414,16.67155],[112.73597,16.66962],[112.73764,16.66816],[112.73941,16.66667],[112.74165,16.66374],[112.74213,16.66251],[112.74189,16.66105],[112.74096,16.65984],[112.73981,16.65839]]],[[[111.38788,16.70931],[111.38076,16.70888],[111.37807,16.70928],[111.36963,16.7105],[111.3664,16.71288],[111.36056,16.72035],[111.36043,16.72412],[111.36088,16.72789],[111.36289,16.73325],[111.36542,16.73519],[111.36669,16.74201],[111.37271,16.74515],[111.37947,16.74648],[111.38543,16.74621],[111.39637,16.7446],[111.39786,16.74134],[111.40352,16.73513],[111.40391,16.72416],[111.40324,16.7186],[111.40048,16.71433],[111.39444,16.71029],[111.38788,16.70931]]],[[[112.34487,16.83996],[112.34417,16.83831],[112.34346,16.83672],[112.3426,16.83523],[112.34145,16.83349],[112.33999,16.83192],[112.33852,16.83066],[112.33716,16.82929],[112.3353,16.82853],[112.33312,16.82777],[112.33128,16.82754],[112.32966,16.82751],[112.32822,16.8276],[112.32742,16.82788],[112.32687,16.82854],[112.32677,16.82881],[112.32695,16.82929],[112.32819,16.83001],[112.32872,16.83039],[112.32871,16.83046],[112.32847,16.83108],[112.32834,16.8314],[112.32763,16.8321],[112.32689,16.83273],[112.32624,16.83349],[112.32573,16.83425],[112.32499,16.83526],[112.32371,16.8366],[112.32306,16.83742],[112.32279,16.83804],[112.3228,16.83863],[112.32291,16.8396],[112.32114,16.83829],[112.32052,16.83819],[112.31975,16.83869],[112.31938,16.83955],[112.31941,16.84057],[112.32016,16.84216],[112.3212,16.84396],[112.32213,16.84545],[112.32367,16.8474],[112.32481,16.84855],[112.32574,16.84908],[112.32731,16.84964],[112.32954,16.85002],[112.33255,16.85023],[112.33561,16.85049],[112.33867,16.85043],[112.34109,16.85032],[112.34308,16.8498],[112.34434,16.84897],[112.34488,16.84799],[112.34576,16.84744],[112.34697,16.84704],[112.34813,16.84675],[112.34895,16.84609],[112.34943,16.84512],[112.34931,16.84442],[112.34873,16.84368],[112.34755,16.8428],[112.34636,16.84186],[112.3455,16.84096],[112.34487,16.83996]]],[[[112.32454,16.95904],[112.32745,16.95669],[112.33246,16.95275],[112.33537,16.95039],[112.33749,16.94713],[112.33942,16.94379],[112.3413,16.94035],[112.34303,16.93655],[112.34438,16.93275],[112.34501,16.92906],[112.34465,16.92558],[112.34403,16.92338],[112.34229,16.92213],[112.34062,16.92207],[112.33806,16.92268],[112.33761,16.92406],[112.33805,16.92672],[112.33896,16.92918],[112.33813,16.93058],[112.33675,16.93281],[112.33523,16.93505],[112.33432,16.93718],[112.33303,16.93941],[112.33136,16.94165],[112.33027,16.94397],[112.32799,16.94668],[112.32576,16.94948],[112.32381,16.95164],[112.32222,16.95305],[112.32168,16.95471],[112.32186,16.95627],[112.32082,16.95684],[112.31939,16.95678],[112.31768,16.95709],[112.31627,16.95794],[112.31356,16.96066],[112.31139,16.96199],[112.30884,16.96287],[112.30753,16.964],[112.30459,16.96498],[112.30166,16.96614],[112.29915,16.96711],[112.29726,16.96788],[112.29586,16.96938],[112.29524,16.97123],[112.29622,16.9724],[112.29748,16.97357],[112.29844,16.97388],[112.30053,16.97338],[112.30383,16.97157],[112.30674,16.96968],[112.30939,16.96852],[112.31288,16.96662],[112.31514,16.96547],[112.31852,16.96311],[112.32068,16.96141],[112.32454,16.95904]]],[[[112.28416,16.97898],[112.28162,16.97609],[112.27856,16.97542],[112.27363,16.9768],[112.26792,16.9771],[112.26562,16.97659],[112.26296,16.97701],[112.25967,16.97487],[112.25721,16.97547],[112.25494,16.97644],[112.25187,16.97576],[112.24826,16.97602],[112.2456,16.97662],[112.24424,16.97555],[112.24306,16.97392],[112.24153,16.9734],[112.24023,16.97489],[112.23835,16.97621],[112.23682,16.97606],[112.23639,16.97368],[112.23486,16.97371],[112.22972,16.974],[112.22415,16.97227],[112.21799,16.96927],[112.21031,16.96685],[112.20498,16.96714],[112.20142,16.96856],[112.19705,16.97078],[112.19385,16.97286],[112.19149,16.97766],[112.19256,16.98315],[112.19625,16.98638],[112.20252,16.99195],[112.21112,16.9966],[112.21928,16.99956],[112.23005,17.00279],[112.238,17.00387],[112.24386,17.00234],[112.25043,16.99744],[112.25535,16.99587],[112.26413,16.99481],[112.27126,16.99079],[112.27823,16.9868],[112.28294,16.98395],[112.28574,16.98151],[112.28416,16.97898]]],[[[111.55987,17.10107],[111.55981,17.0978],[111.55851,17.09416],[111.55558,17.0917],[111.54494,17.0859],[111.52164,17.07588],[111.49164,17.06615],[111.48172,17.06516],[111.47676,17.06524],[111.46459,17.06582],[111.45913,17.0661],[111.45421,17.0683],[111.44525,17.07538],[111.44407,17.07848],[111.44398,17.08542],[111.44528,17.08887],[111.45093,17.09359],[111.46145,17.09882],[111.47804,17.10299],[111.48802,17.10668],[111.49384,17.10944],[111.50091,17.11202],[111.50982,17.11399],[111.5276,17.11524],[111.53544,17.11454],[111.54613,17.11186],[111.55454,17.10864],[111.55849,17.10476],[111.55987,17.10107]],[[111.47127,17.0819],[111.48262,17.08171],[111.49151,17.08196],[111.49834,17.083],[111.50323,17.08543],[111.50826,17.08959],[111.50913,17.09227],[111.50897,17.09497],[111.50613,17.09752],[111.5012,17.09914],[111.49562,17.09885],[111.48906,17.09618],[111.48017,17.09467],[111.46998,17.09078],[111.46663,17.08795],[111.46598,17.08622],[111.46697,17.08389],[111.46901,17.08232],[111.47127,17.0819]]]],"type":"MultiPolygon"},"id":"tinh34.15","properties":{"matinh":"21","name":"Đà Nẵng","atlasId":21},"type":"Feature"},{"geometry":{"coordinates":[[[[109.12195,15.3918],[109.14091,15.38851],[109.14264,15.38557],[109.13831,15.3839],[109.13921,15.37852],[109.13073,15.37721],[109.11868,15.37027],[109.09593,15.37571],[109.09189,15.38425],[109.09831,15.39091],[109.12195,15.3918]]],[[[108.81156,15.413],[108.81918,15.41962],[108.8258,15.41831],[108.81985,15.41096],[108.82548,15.39947],[108.8297,15.39856],[108.82529,15.37891],[108.83919,15.35836],[108.84597,15.35152],[108.84803,15.34999],[108.84839,15.34971],[108.85121,15.34917],[108.85654,15.3479],[108.85746,15.34788],[108.86301,15.35252],[108.86857,15.35157],[108.86146,15.34323],[108.86358,15.33541],[108.88047,15.32761],[108.8785,15.31862],[108.86834,15.30435],[108.86769,15.30227],[108.86829,15.29898],[108.88524,15.27198],[108.89666,15.25824],[108.91032,15.24756],[108.91953,15.24483],[108.92469,15.24981],[108.93454,15.24824],[108.93853,15.24304],[108.94029,15.23409],[108.93151,15.21568],[108.928,15.2125],[108.92674,15.21176],[108.92596,15.2115],[108.91979,15.21544],[108.91383,15.21441],[108.92055,15.20488],[108.91603,15.20174],[108.91102,15.20709],[108.90423,15.20589],[108.89678,15.19992],[108.89318,15.19127],[108.90143,15.0794],[108.91933,15.00994],[108.96231,14.89837],[108.99577,14.83103],[108.99826,14.83073],[108.99898,14.81973],[109.03321,14.76436],[109.07499,14.70624],[109.07589,14.70005],[109.07208,14.69285],[109.08053,14.67918],[109.08162,14.67222],[109.08107,14.67033],[109.08013,14.66876],[109.07353,14.66657],[109.07109,14.66817],[109.07314,14.67095],[109.0705,14.67877],[109.06658,14.67835],[109.06894,14.67268],[109.06332,14.65558],[109.07328,14.59538],[109.08078,14.57875],[109.06891,14.58537],[109.06483,14.59174],[109.06359,14.5924],[109.06309,14.59237],[109.05872,14.5921],[109.05409,14.60934],[109.04665,14.6075],[109.04417,14.61017],[109.043,14.61147],[109.04444,14.61961],[109.04071,14.6249],[109.04389,14.62869],[109.04339,14.6314],[109.04236,14.63362],[109.03261,14.6488],[109.02628,14.6485],[109.0144,14.66712],[109.01262,14.66816],[109.01129,14.66895],[109.00747,14.67139],[108.9983,14.66989],[108.99174,14.67496],[108.97518,14.67278],[108.95786,14.6874],[108.94966,14.68551],[108.93773,14.69632],[108.92623,14.69897],[108.92599,14.70367],[108.9206,14.69806],[108.90603,14.69311],[108.9026,14.68807],[108.89128,14.68723],[108.88703,14.68409],[108.86932,14.69158],[108.85319,14.69294],[108.85156,14.69237],[108.85045,14.69166],[108.8502,14.6846],[108.84968,14.68432],[108.8465,14.68347],[108.84546,14.6834],[108.84015,14.6941],[108.8368,14.6953],[108.82597,14.67904],[108.82278,14.67737],[108.81315,14.67297],[108.81069,14.67206],[108.80324,14.67089],[108.79675,14.67012],[108.78495,14.67088],[108.76561,14.67802],[108.75785,14.66794],[108.76393,14.62705],[108.76249,14.6245],[108.76104,14.62165],[108.76022,14.61879],[108.75954,14.61391],[108.75954,14.6129],[108.76091,14.60456],[108.76022,14.60034],[108.75782,14.59659],[108.73417,14.59037],[108.71333,14.60245],[108.70249,14.61564],[108.69689,14.59947],[108.68909,14.59432],[108.67763,14.5953],[108.67543,14.59337],[108.67431,14.59142],[108.67427,14.58915],[108.67499,14.58551],[108.67324,14.58296],[108.63867,14.56688],[108.64043,14.54947],[108.62803,14.55312],[108.6257,14.54526],[108.61628,14.54394],[108.61629,14.53815],[108.61513,14.53701],[108.61328,14.53539],[108.6126,14.53503],[108.60459,14.53547],[108.59482,14.54738],[108.594,14.56455],[108.57273,14.57327],[108.57025,14.57915],[108.55933,14.58644],[108.54775,14.58642],[108.54514,14.59038],[108.54305,14.58912],[108.53812,14.58251],[108.53079,14.58014],[108.52644,14.5577],[108.51195,14.5525],[108.50652,14.54651],[108.49166,14.54496],[108.4777,14.54688],[108.43281,14.56097],[108.42438,14.56772],[108.42395,14.56806],[108.4165,14.57467],[108.39688,14.60366],[108.38749,14.60289],[108.38232,14.59867],[108.3733,14.60165],[108.36525,14.58521],[108.35712,14.58429],[108.35548,14.5759],[108.35643,14.56915],[108.3576,14.56561],[108.365,14.55949],[108.36508,14.55933],[108.36725,14.55627],[108.36988,14.55061],[108.37058,14.54506],[108.37053,14.54162],[108.37221,14.53643],[108.37511,14.53333],[108.3784,14.53061],[108.38109,14.52656],[108.3818,14.52177],[108.38094,14.51682],[108.32477,14.45908],[108.31987,14.44224],[108.29646,14.41891],[108.2937,14.41397],[108.29243,14.41067],[108.29179,14.40676],[108.29452,14.39378],[108.28945,14.39132],[108.27169,14.38825],[108.24192,14.39673],[108.23621,14.39509],[108.22538,14.39283],[108.21148,14.38915],[108.20239,14.38318],[108.19224,14.3731],[108.15907,14.36345],[108.15695,14.36016],[108.15505,14.35645],[108.15228,14.35022],[108.14548,14.34868],[108.14092,14.3544],[108.14713,14.36138],[108.13823,14.36098],[108.13653,14.35743],[108.13365,14.35714],[108.13026,14.35707],[108.11355,14.36461],[108.10679,14.35419],[108.11068,14.34759],[108.10686,14.34223],[108.10161,14.33844],[108.10051,14.3378],[108.09697,14.33614],[108.07833,14.33484],[108.07719,14.33417],[108.07626,14.33258],[108.07904,14.32794],[108.08593,14.32467],[108.08621,14.3234],[108.08625,14.32076],[108.0855,14.31785],[108.07535,14.31096],[108.06216,14.27876],[108.05867,14.26809],[108.05586,14.26727],[108.05097,14.27114],[108.04282,14.27734],[108.03999,14.27809],[108.03637,14.27726],[108.01104,14.24152],[107.99677,14.246],[107.98086,14.24444],[107.95784,14.22931],[107.94629,14.24361],[107.93887,14.24119],[107.92982,14.24385],[107.9102,14.26748],[107.89887,14.27766],[107.8935,14.28153],[107.89026,14.28247],[107.879,14.28346],[107.87554,14.28339],[107.87371,14.2821],[107.87224,14.27865],[107.87018,14.27743],[107.846,14.27635],[107.84396,14.2738],[107.84144,14.27065],[107.83607,14.26253],[107.83692,14.25394],[107.8368,14.24486],[107.83372,14.23741],[107.82654,14.23215],[107.81481,14.21538],[107.80594,14.21409],[107.79469,14.22152],[107.77955,14.22379],[107.77339,14.22158],[107.75919,14.20758],[107.75255,14.20556],[107.72125,14.21559],[107.68555,14.2179],[107.67164,14.18245],[107.6584,14.16654],[107.66176,14.13934],[107.65483,14.1082],[107.64924,14.09855],[107.65398,14.08562],[107.64519,14.06564],[107.62948,14.05526],[107.61535,14.06484],[107.61398,14.06481],[107.61123,14.06478],[107.60837,14.06115],[107.60315,14.05257],[107.60014,14.04909],[107.59838,14.04399],[107.59709,14.03801],[107.59689,14.03113],[107.5957,14.02903],[107.59084,14.02642],[107.53567,14.02474],[107.52989,14.02257],[107.52354,14.01785],[107.51651,13.98966],[107.51133,13.9829],[107.50487,13.97659],[107.46916,13.95494],[107.46733,13.938],[107.45617,13.92352],[107.4536,13.92911],[107.45161,13.93346],[107.45309,13.97651],[107.4435,13.9893],[107.44187,13.99827],[107.42919,13.99488],[107.42553,13.99977],[107.40324,13.99012],[107.39402,13.99321],[107.38164,13.99185],[107.35562,14.02047],[107.35465,14.02715],[107.36394,14.03608],[107.36311,14.06454],[107.36744,14.06759],[107.3781,14.06621],[107.38083,14.07974],[107.35928,14.08605],[107.35368,14.09194],[107.33213,14.10285],[107.33571,14.12757],[107.35122,14.15029],[107.35058,14.15431],[107.35982,14.16132],[107.36053,14.16401],[107.35992,14.16516],[107.35671,14.1712],[107.36376,14.17789],[107.3684,14.18095],[107.37547,14.18088],[107.38656,14.21082],[107.39077,14.21041],[107.39372,14.22396],[107.40436,14.2347],[107.39752,14.25055],[107.40692,14.26465],[107.40712,14.27839],[107.40372,14.28917],[107.40537,14.29838],[107.39154,14.3147],[107.3889,14.31971],[107.38877,14.32594],[107.39867,14.33489],[107.39965,14.33903],[107.39962,14.34076],[107.40439,14.34587],[107.40682,14.34986],[107.40986,14.36239],[107.43159,14.38204],[107.42696,14.39768],[107.42208,14.40155],[107.42431,14.41141],[107.4466,14.42714],[107.45417,14.42165],[107.4549,14.42048],[107.45813,14.40753],[107.46474,14.4057],[107.47411,14.40759],[107.48019,14.4045],[107.48702,14.40885],[107.48785,14.43034],[107.4965,14.44383],[107.5007,14.45718],[107.49781,14.46732],[107.50411,14.48889],[107.50672,14.49333],[107.50983,14.49863],[107.50536,14.50996],[107.51647,14.51615],[107.51681,14.5167],[107.51847,14.51938],[107.51968,14.52133],[107.52985,14.55439],[107.52126,14.56643],[107.51989,14.58175],[107.51835,14.5828],[107.51654,14.58435],[107.51454,14.58634],[107.52029,14.59176],[107.52285,14.59911],[107.53367,14.60144],[107.54259,14.61145],[107.53842,14.62054],[107.53801,14.62562],[107.53748,14.63223],[107.53926,14.63609],[107.54103,14.6399],[107.54469,14.64573],[107.54961,14.64814],[107.54628,14.65958],[107.5513,14.66502],[107.55115,14.66973],[107.54784,14.67692],[107.55607,14.68935],[107.55759,14.70271],[107.55375,14.71115],[107.55446,14.72227],[107.53324,14.72559],[107.52872,14.72427],[107.52423,14.72402],[107.52139,14.72447],[107.52079,14.72706],[107.52105,14.73013],[107.52111,14.73086],[107.53554,14.74169],[107.53615,14.74312],[107.53808,14.74774],[107.53975,14.75193],[107.52331,14.77723],[107.52023,14.77756],[107.51509,14.78084],[107.5145,14.78327],[107.51346,14.78609],[107.50725,14.78489],[107.50374,14.7872],[107.50927,14.7976],[107.52202,14.80594],[107.52078,14.81459],[107.53599,14.81957],[107.53899,14.822],[107.53961,14.82824],[107.559,14.83924],[107.56455,14.85014],[107.58713,14.86474],[107.58871,14.86845],[107.58364,14.89237],[107.57086,14.89293],[107.55944,14.90382],[107.55127,14.90295],[107.54544,14.90538],[107.54222,14.90695],[107.538,14.90939],[107.52912,14.91971],[107.52807,14.92928],[107.50342,14.93155],[107.49654,14.94387],[107.49335,14.94411],[107.48923,14.94467],[107.48649,14.94736],[107.48339,14.9504],[107.48104,14.95282],[107.47691,14.95818],[107.47666,14.95861],[107.47649,14.95911],[107.47921,14.97306],[107.46761,14.98481],[107.46741,14.98795],[107.4709,14.98793],[107.4745,14.98817],[107.47506,14.98867],[107.47624,14.9927],[107.4735,14.99427],[107.46816,14.99939],[107.46659,15.00632],[107.47277,15.02139],[107.48888,15.02477],[107.49422,15.02091],[107.49878,15.02262],[107.53781,15.05047],[107.58082,15.02934],[107.5864,15.03162],[107.58607,15.03389],[107.58591,15.03559],[107.58589,15.0365],[107.59215,15.0465],[107.59113,15.04991],[107.59525,15.05135],[107.61342,15.04661],[107.61896,15.05189],[107.59676,15.09012],[107.61534,15.10539],[107.62091,15.10621],[107.61749,15.11863],[107.60899,15.12675],[107.60597,15.13375],[107.62036,15.13614],[107.62371,15.14199],[107.62173,15.14762],[107.62177,15.14767],[107.62294,15.14867],[107.62451,15.14976],[107.61458,15.15706],[107.60985,15.16897],[107.59455,15.19104],[107.58152,15.1983],[107.58196,15.20106],[107.58238,15.20201],[107.59217,15.2073],[107.59304,15.21219],[107.60051,15.2054],[107.61044,15.21294],[107.61808,15.21289],[107.62004,15.21569],[107.61697,15.22194],[107.61853,15.22732],[107.6317,15.23188],[107.62422,15.23179],[107.61763,15.24672],[107.6187,15.26367],[107.61357,15.28919],[107.6224,15.31134],[107.632,15.31433],[107.63267,15.32057],[107.62498,15.33213],[107.61961,15.33192],[107.61791,15.33153],[107.61564,15.33159],[107.61404,15.33252],[107.60931,15.33527],[107.60826,15.33627],[107.60327,15.35199],[107.60402,15.36384],[107.60465,15.36467],[107.60588,15.36631],[107.60712,15.36789],[107.59497,15.38283],[107.60512,15.39252],[107.60828,15.39358],[107.60851,15.39365],[107.61114,15.39453],[107.61217,15.39787],[107.61264,15.40099],[107.61309,15.40392],[107.62238,15.41448],[107.635,15.41685],[107.65367,15.39617],[107.65865,15.38849],[107.65937,15.384],[107.65837,15.37804],[107.65847,15.37385],[107.66122,15.36038],[107.66282,15.35338],[107.69204,15.31779],[107.70612,15.30402],[107.72841,15.30921],[107.72856,15.30925],[107.72581,15.29016],[107.73632,15.23757],[107.73472,15.23217],[107.74031,15.23155],[107.74577,15.23141],[107.74792,15.23163],[107.75725,15.23846],[107.76993,15.2336],[107.77011,15.22829],[107.77842,15.22012],[107.7951,15.21793],[107.80778,15.21254],[107.81361,15.21244],[107.81685,15.21724],[107.82577,15.21035],[107.83556,15.20826],[107.86949,15.21127],[107.87876,15.19875],[107.88772,15.19494],[107.8986,15.20665],[107.91149,15.20854],[107.91157,15.2106],[107.91213,15.21217],[107.91283,15.21315],[107.92769,15.20998],[107.93377,15.19359],[107.94702,15.18627],[107.94801,15.18464],[107.94829,15.18137],[107.94857,15.17634],[107.98001,15.16747],[107.98584,15.15963],[107.99728,15.15704],[108.00261,15.14327],[107.99658,15.12786],[108.00092,15.12064],[107.9942,15.11568],[107.9857,15.10087],[107.98681,15.0967],[107.97816,15.08726],[107.97427,15.07095],[107.96236,15.06639],[107.95287,15.0586],[107.94814,15.05427],[107.95695,15.04559],[107.95534,15.03791],[107.9679,15.01717],[107.97021,15.01519],[107.97519,15.0113],[107.98088,15.01143],[107.98844,15.00019],[108.00136,15.00333],[108.00904,14.99964],[108.01664,15.00285],[108.04179,14.99463],[108.06163,14.97273],[108.07728,14.96799],[108.08595,14.95639],[108.08962,14.9545],[108.09309,14.9539],[108.09666,14.95329],[108.10035,14.95329],[108.101,14.95329],[108.10707,14.95407],[108.12153,14.96134],[108.14283,14.96076],[108.16,14.97527],[108.15439,14.99705],[108.14947,15.00502],[108.14788,15.02018],[108.14994,15.03444],[108.14565,15.04625],[108.15836,15.06109],[108.17382,15.06153],[108.18725,15.05231],[108.19232,15.04249],[108.20033,15.04347],[108.20403,15.04102],[108.20699,15.03684],[108.21113,15.03381],[108.22002,15.03135],[108.22289,15.03117],[108.23884,15.03468],[108.23979,15.03656],[108.24031,15.03825],[108.24116,15.04185],[108.23576,15.04925],[108.23991,15.0668],[108.23392,15.07932],[108.25456,15.09057],[108.25736,15.09626],[108.25789,15.0979],[108.25613,15.11862],[108.27229,15.13079],[108.29222,15.16833],[108.30455,15.17514],[108.29815,15.18305],[108.30092,15.1933],[108.29175,15.19615],[108.29022,15.19737],[108.28956,15.19922],[108.28954,15.20058],[108.30292,15.21138],[108.30566,15.22481],[108.30237,15.22793],[108.28612,15.22903],[108.28658,15.23422],[108.27966,15.24478],[108.28861,15.24754],[108.28958,15.24887],[108.29083,15.25229],[108.29173,15.25371],[108.30084,15.25977],[108.3028,15.26473],[108.30413,15.26994],[108.30359,15.27421],[108.30239,15.27709],[108.30169,15.27818],[108.30003,15.27908],[108.29797,15.28019],[108.2979,15.2819],[108.29859,15.28585],[108.30877,15.29204],[108.30949,15.29305],[108.31205,15.29703],[108.31534,15.30086],[108.31782,15.30231],[108.32152,15.30256],[108.35895,15.29633],[108.36264,15.29642],[108.36591,15.29861],[108.38,15.30432],[108.38276,15.30373],[108.38633,15.30229],[108.39004,15.29999],[108.39207,15.29989],[108.3979,15.30095],[108.4008,15.30197],[108.40155,15.30321],[108.40371,15.31089],[108.41487,15.30843],[108.42451,15.31673],[108.43055,15.32711],[108.43769,15.31276],[108.48252,15.30918],[108.4937,15.31645],[108.49729,15.32438],[108.49904,15.32526],[108.50161,15.32633],[108.52396,15.32138],[108.54461,15.33606],[108.56021,15.33601],[108.57726,15.3462],[108.58534,15.34411],[108.58845,15.34718],[108.58912,15.34782],[108.59728,15.34621],[108.60346,15.35318],[108.62784,15.35929],[108.64234,15.36848],[108.64634,15.3686],[108.65682,15.3694],[108.66028,15.36927],[108.66917,15.3666],[108.6995,15.37335],[108.71357,15.37224],[108.7162,15.37336],[108.71784,15.37434],[108.71937,15.37571],[108.73699,15.39866],[108.75408,15.38994],[108.76966,15.38946],[108.77006,15.38752],[108.77614,15.39259],[108.79318,15.39522],[108.79314,15.40086],[108.79569,15.40088],[108.79754,15.40222],[108.8011,15.39762],[108.80633,15.40855],[108.80109,15.40972],[108.79428,15.41661],[108.79652,15.42601],[108.80319,15.41636],[108.81156,15.413]]],[[[109.07871,15.42695],[109.0759,15.42809],[109.07691,15.43174],[109.08492,15.43229],[109.08412,15.42832],[109.07871,15.42695]]]],"type":"MultiPolygon"},"id":"tinh34.13","properties":{"matinh":"22","name":"Quảng Ngãi","atlasId":22},"type":"Feature"},{"geometry":{"coordinates":[[[[109.21717,11.78428],[109.2206,11.78408],[109.21976,11.77299],[109.21445,11.77592],[109.21081,11.78625],[109.21717,11.78428]]],[[[109.23593,11.84243],[109.23769,11.84274],[109.2393,11.84381],[109.23999,11.8448],[109.24102,11.8512],[109.24277,11.85135],[109.24492,11.85144],[109.24602,11.8509],[109.2491,11.83585],[109.23524,11.82999],[109.22728,11.83283],[109.21915,11.85228],[109.23593,11.84243]]],[[[109.32059,12.00399],[109.31852,12.00446],[109.31754,12.00595],[109.31797,12.00758],[109.31978,12.00869],[109.31978,12.00869],[109.32156,12.0087],[109.32192,12.00858],[109.32301,12.00823],[109.32417,12.00741],[109.32442,12.00602],[109.32327,12.00478],[109.32219,12.0042],[109.3218,12.004],[109.3218,12.004],[109.32059,12.00399]]],[[[109.32394,12.03485],[109.31966,12.0404],[109.32557,12.04747],[109.32394,12.03485]]],[[[109.3067,12.17029],[109.30974,12.17055],[109.31548,12.16473],[109.31242,12.16267],[109.30745,12.16678],[109.29941,12.16456],[109.29508,12.16784],[109.29722,12.17239],[109.3067,12.17029]]],[[[109.24863,12.17014],[109.23304,12.17918],[109.24566,12.17951],[109.24863,12.17014]]],[[[109.27235,12.17455],[109.269,12.17729],[109.27108,12.18316],[109.27586,12.18123],[109.27614,12.17741],[109.27235,12.17455]]],[[[109.22715,12.19538],[109.23242,12.1956],[109.22459,12.18823],[109.22337,12.18355],[109.21731,12.19236],[109.22124,12.19855],[109.22715,12.19538]]],[[[109.27826,12.22871],[109.2945,12.23149],[109.30494,12.214],[109.3093,12.21621],[109.31499,12.22861],[109.31961,12.22237],[109.32719,12.22242],[109.32968,12.21532],[109.32566,12.21043],[109.32622,12.20259],[109.33051,12.2009],[109.33391,12.195],[109.32451,12.19187],[109.32251,12.18635],[109.31594,12.18662],[109.31489,12.18897],[109.32204,12.19477],[109.3096,12.19116],[109.29609,12.19454],[109.30186,12.20244],[109.29943,12.20739],[109.28797,12.19475],[109.2877,12.19238],[109.28771,12.19085],[109.29355,12.18618],[109.29375,12.1828],[109.28093,12.18214],[109.27272,12.18757],[109.26752,12.19743],[109.25674,12.20042],[109.23718,12.2147],[109.23836,12.22384],[109.22859,12.22749],[109.23187,12.23322],[109.24172,12.23284],[109.24381,12.2243],[109.24986,12.22568],[109.25395,12.22039],[109.25562,12.21961],[109.25687,12.2195],[109.25805,12.21982],[109.25905,12.22917],[109.2642,12.23747],[109.27826,12.22871]]],[[[109.35914,12.26749],[109.35484,12.27134],[109.35795,12.27532],[109.3627,12.27173],[109.35914,12.26749]]],[[[109.36793,12.28016],[109.36518,12.28399],[109.36753,12.28716],[109.37021,12.28259],[109.36793,12.28016]]],[[[109.21358,12.35864],[109.20887,12.3618],[109.21587,12.36245],[109.21358,12.35864]]],[[[109.37753,12.35748],[109.37072,12.36177],[109.36664,12.36882],[109.36994,12.37071],[109.3705,12.37054],[109.37071,12.37047],[109.37244,12.3689],[109.37753,12.35748]]],[[[109.23336,12.38231],[109.22042,12.38869],[109.22702,12.39975],[109.23504,12.39529],[109.23832,12.38955],[109.23336,12.38231]]],[[[109.35818,12.4837],[109.35724,12.47974],[109.35085,12.4792],[109.34942,12.48326],[109.34513,12.48501],[109.34467,12.48993],[109.35818,12.4837]]],[[[109.29698,12.48673],[109.29083,12.48761],[109.29321,12.49523],[109.29675,12.49718],[109.30603,12.49981],[109.31148,12.49894],[109.29698,12.48673]]],[[[109.29689,12.6343],[109.29606,12.63747],[109.30232,12.63758],[109.29689,12.6343]]],[[[109.34557,12.6273],[109.35365,12.62727],[109.36228,12.63289],[109.38206,12.62417],[109.38462,12.606],[109.394,12.5942],[109.39332,12.58608],[109.39801,12.57844],[109.3983,12.57211],[109.41046,12.55869],[109.40625,12.55157],[109.39683,12.55039],[109.38278,12.567],[109.37114,12.56893],[109.35857,12.58146],[109.33704,12.59176],[109.33742,12.6037],[109.33055,12.60955],[109.32377,12.61004],[109.3158,12.60451],[109.30133,12.62001],[109.30304,12.63121],[109.31599,12.64011],[109.34005,12.63401],[109.34557,12.6273]]],[[[109.34819,12.65169],[109.34501,12.64317],[109.34146,12.64294],[109.33706,12.64841],[109.33886,12.65211],[109.34819,12.65169]]],[[[109.40166,12.65108],[109.4025,12.64886],[109.3974,12.64905],[109.40071,12.644],[109.38934,12.65282],[109.39548,12.65529],[109.40166,12.65108]]],[[[109.29652,12.71289],[109.29297,12.71538],[109.2952,12.72022],[109.30879,12.72391],[109.30786,12.72041],[109.29652,12.71289]]],[[[109.32916,12.73685],[109.32621,12.74141],[109.33151,12.74471],[109.3346,12.73994],[109.32916,12.73685]]],[[[109.3905,12.82778],[109.391,12.83483],[109.39575,12.8334],[109.3905,12.82778]]],[[[109.37848,12.84895],[109.38707,12.84358],[109.3753,12.83725],[109.36292,12.83734],[109.35493,12.82208],[109.3549,12.81926],[109.35986,12.81728],[109.35675,12.81022],[109.35703,12.80092],[109.358,12.79443],[109.36815,12.76488],[109.38363,12.73205],[109.40045,12.70471],[109.40593,12.70097],[109.41541,12.70503],[109.4091,12.69295],[109.42228,12.67275],[109.42796,12.6689],[109.43735,12.67084],[109.4416,12.66582],[109.45076,12.66833],[109.45628,12.65916],[109.45628,12.65804],[109.45541,12.65492],[109.45553,12.65372],[109.45949,12.65058],[109.45731,12.64849],[109.4369,12.64872],[109.43347,12.64319],[109.43267,12.63925],[109.43205,12.63613],[109.43218,12.63499],[109.4353,12.63238],[109.43212,12.62495],[109.43607,12.61404],[109.43165,12.61133],[109.42755,12.59972],[109.42855,12.59671],[109.43431,12.59462],[109.43359,12.58644],[109.43842,12.57877],[109.43813,12.56921],[109.43111,12.56354],[109.42636,12.57376],[109.4142,12.5783],[109.41336,12.57992],[109.41332,12.58002],[109.41067,12.58526],[109.41299,12.60372],[109.41,12.60605],[109.40536,12.60359],[109.40049,12.60866],[109.39569,12.60815],[109.39405,12.61946],[109.38825,12.63061],[109.40758,12.63497],[109.41168,12.65363],[109.40757,12.65723],[109.40498,12.67157],[109.40025,12.67127],[109.39457,12.68582],[109.38918,12.67874],[109.39231,12.67389],[109.39106,12.6697],[109.36702,12.67383],[109.36429,12.66729],[109.36883,12.65897],[109.36278,12.65423],[109.36613,12.64786],[109.36248,12.6437],[109.35294,12.65401],[109.34927,12.66325],[109.34206,12.66056],[109.33723,12.65369],[109.33049,12.66203],[109.34207,12.66923],[109.3518,12.69326],[109.35429,12.69391],[109.35892,12.68892],[109.36448,12.69048],[109.37814,12.71247],[109.35187,12.76387],[109.35115,12.79522],[109.34811,12.79989],[109.33628,12.79815],[109.32882,12.79189],[109.32794,12.77881],[109.32262,12.76515],[109.31351,12.76615],[109.31084,12.76275],[109.30335,12.76143],[109.28308,12.73596],[109.27386,12.73137],[109.25414,12.70371],[109.24282,12.7043],[109.23118,12.69788],[109.20853,12.66733],[109.21376,12.65496],[109.21373,12.65403],[109.21367,12.6522],[109.2131,12.64982],[109.21177,12.64801],[109.20986,12.64763],[109.20139,12.65067],[109.19064,12.6382],[109.18856,12.63102],[109.19052,12.62531],[109.2014,12.62121],[109.20367,12.61663],[109.19819,12.60568],[109.202,12.5947],[109.19448,12.57777],[109.19679,12.57082],[109.20913,12.57],[109.21705,12.57774],[109.22086,12.57277],[109.22845,12.57523],[109.22811,12.57991],[109.22771,12.5766],[109.22165,12.57397],[109.21823,12.58066],[109.22973,12.59407],[109.23232,12.5902],[109.24228,12.58636],[109.24171,12.57527],[109.23523,12.57488],[109.23017,12.56156],[109.22845,12.53493],[109.23573,12.52129],[109.23779,12.50957],[109.2447,12.50947],[109.25607,12.5041],[109.27531,12.48658],[109.28245,12.49003],[109.29378,12.47835],[109.29125,12.4626],[109.28617,12.45752],[109.28795,12.44996],[109.28355,12.4447],[109.2889,12.42718],[109.29235,12.42346],[109.29681,12.42563],[109.30596,12.41683],[109.31853,12.41835],[109.3287,12.4077],[109.33521,12.40913],[109.3393,12.39694],[109.33817,12.39486],[109.33774,12.39406],[109.33542,12.38997],[109.32388,12.38566],[109.32864,12.37869],[109.32614,12.37364],[109.31917,12.37759],[109.31284,12.38871],[109.30689,12.38983],[109.30045,12.38161],[109.29793,12.35467],[109.28866,12.34714],[109.27939,12.35065],[109.27593,12.35918],[109.26121,12.36195],[109.25884,12.3687],[109.26275,12.37664],[109.23946,12.40536],[109.20802,12.43581],[109.19253,12.44325],[109.17742,12.45548],[109.16819,12.44384],[109.15785,12.45272],[109.15824,12.44263],[109.16081,12.44075],[109.16425,12.44248],[109.16454,12.43894],[109.14924,12.42704],[109.15591,12.42346],[109.15813,12.41362],[109.16397,12.40469],[109.16747,12.40382],[109.1717,12.40833],[109.19108,12.39875],[109.19818,12.39867],[109.19503,12.36063],[109.19661,12.35937],[109.19821,12.35617],[109.19823,12.35267],[109.19778,12.35031],[109.19809,12.34854],[109.20043,12.34648],[109.20196,12.34512],[109.20232,12.34397],[109.19985,12.33793],[109.20697,12.33293],[109.20989,12.3252],[109.2194,12.32222],[109.24058,12.30645],[109.23117,12.29537],[109.21769,12.29673],[109.20465,12.29067],[109.2006,12.27681],[109.20427,12.26914],[109.19841,12.26497],[109.19509,12.25508],[109.19498,12.2543],[109.19447,12.25052],[109.19491,12.23993],[109.19694,12.23127],[109.19955,12.22543],[109.21531,12.21031],[109.21398,12.19863],[109.20704,12.18722],[109.20627,12.17783],[109.2036,12.17275],[109.19828,12.17292],[109.19907,12.16454],[109.2186,12.15561],[109.22299,12.14299],[109.21338,12.13934],[109.21014,12.12414],[109.20481,12.1191],[109.19446,12.11847],[109.19288,12.09124],[109.20235,12.05846],[109.22253,12.01842],[109.24875,11.98399],[109.2685,11.97564],[109.26935,11.95478],[109.27575,11.95163],[109.28123,11.95307],[109.28022,11.94774],[109.27494,11.94659],[109.26973,11.93751],[109.26116,11.93501],[109.25738,11.92169],[109.25795,11.91455],[109.25976,11.90726],[109.27273,11.88746],[109.27073,11.88359],[109.27598,11.88315],[109.2789,11.87838],[109.26887,11.86412],[109.25395,11.86541],[109.2472,11.85907],[109.23786,11.87576],[109.22996,11.88191],[109.20262,11.88397],[109.20436,11.90959],[109.21016,11.92282],[109.20518,11.92827],[109.21138,11.93178],[109.21358,11.94082],[109.20529,11.95282],[109.21215,11.9575],[109.21237,11.97832],[109.20215,11.9832],[109.19591,11.9752],[109.1946,11.96466],[109.18559,11.94885],[109.18571,11.94065],[109.17724,11.9287],[109.1655,11.9173],[109.16178,11.91892],[109.16018,11.91791],[109.15867,11.91503],[109.16437,11.91183],[109.1654,11.91026],[109.16505,11.90868],[109.16433,11.90732],[109.16244,11.90644],[109.16157,11.90651],[109.15578,11.91106],[109.14962,11.90571],[109.14966,11.90542],[109.1497,11.90507],[109.15292,11.90315],[109.1533,11.901],[109.15295,11.89892],[109.15085,11.89682],[109.14707,11.89601],[109.14328,11.89641],[109.14035,11.89841],[109.13735,11.91144],[109.12957,11.90859],[109.12058,11.87915],[109.11372,11.8697],[109.11372,11.8697],[109.11208,11.8546],[109.11946,11.83244],[109.12338,11.82757],[109.12741,11.82413],[109.13279,11.82241],[109.13723,11.82194],[109.13788,11.82186],[109.14237,11.82163],[109.14237,11.82163],[109.14673,11.82421],[109.16165,11.85394],[109.18783,11.87629],[109.1879,11.87062],[109.17837,11.85837],[109.1757,11.84489],[109.18137,11.83297],[109.18039,11.81646],[109.18356,11.81385],[109.18364,11.8137],[109.18417,11.81266],[109.18443,11.81075],[109.18306,11.80729],[109.18599,11.79751],[109.18719,11.79439],[109.18983,11.78959],[109.20912,11.77182],[109.21296,11.75903],[109.22102,11.75301],[109.22043,11.74799],[109.22878,11.74686],[109.23021,11.72642],[109.22569,11.72211],[109.20614,11.71851],[109.19686,11.72243],[109.1992,11.70886],[109.18019,11.67783],[109.17142,11.65726],[109.16474,11.62583],[109.15356,11.62166],[109.139,11.5888],[109.13014,11.5808],[109.12734,11.56368],[109.12157,11.57357],[109.08519,11.58717],[109.06476,11.58153],[109.04371,11.58986],[109.0343,11.58704],[109.03157,11.58514],[109.02767,11.58152],[109.02408,11.56296],[109.03216,11.54779],[109.02598,11.53633],[109.01496,11.52985],[109.01436,11.5286],[109.01263,11.5242],[109.01139,11.52085],[109.00939,11.5041],[109.01232,11.46645],[109.01032,11.45245],[109.00596,11.44408],[109.01017,11.43846],[109.01152,11.42498],[109.00436,11.41022],[109.00606,11.38465],[109.01002,11.37484],[109.01859,11.36966],[109.01848,11.36327],[109.01258,11.35761],[108.99242,11.35023],[108.98481,11.3353],[108.95957,11.31706],[108.93309,11.30781],[108.92005,11.31029],[108.88679,11.3371],[108.88222,11.3379],[108.87945,11.33715],[108.86713,11.33053],[108.86633,11.33346],[108.86638,11.33474],[108.86962,11.33387],[108.87334,11.33535],[108.87589,11.33955],[108.87663,11.35438],[108.87471,11.3535],[108.87009,11.35493],[108.86776,11.35288],[108.86617,11.35181],[108.86301,11.35324],[108.85846,11.35542],[108.85571,11.35691],[108.84543,11.3666],[108.8445,11.37512],[108.84304,11.37753],[108.79631,11.38518],[108.76342,11.4058],[108.76016,11.40915],[108.75605,11.41519],[108.758,11.46695],[108.73556,11.4713],[108.70747,11.46531],[108.67792,11.47451],[108.65523,11.51483],[108.64169,11.55128],[108.58126,11.55621],[108.57052,11.57865],[108.56854,11.58043],[108.56417,11.58273],[108.54938,11.60263],[108.55107,11.63395],[108.55876,11.63718],[108.56025,11.64202],[108.57317,11.64089],[108.59469,11.65003],[108.62172,11.65167],[108.65794,11.66882],[108.66933,11.66561],[108.6724,11.6677],[108.67713,11.67215],[108.68296,11.68047],[108.69136,11.69888],[108.69961,11.70266],[108.68825,11.73553],[108.66696,11.74749],[108.66454,11.75174],[108.66365,11.75766],[108.66193,11.76192],[108.66148,11.76564],[108.67047,11.78047],[108.67101,11.78351],[108.67057,11.78516],[108.66845,11.78762],[108.66661,11.7894],[108.63864,11.79427],[108.61693,11.80526],[108.62386,11.81579],[108.62565,11.81981],[108.62781,11.82948],[108.64264,11.83443],[108.64584,11.83762],[108.64945,11.84303],[108.65124,11.84746],[108.64913,11.86399],[108.65328,11.88801],[108.65297,11.89063],[108.65181,11.89462],[108.66227,11.91549],[108.66139,11.91983],[108.6605,11.9252],[108.65984,11.92912],[108.66148,11.93431],[108.66313,11.93845],[108.66329,11.94383],[108.65855,11.95703],[108.66122,11.96429],[108.67978,11.98637],[108.68201,12.00249],[108.67796,12.01171],[108.68455,12.02727],[108.69249,12.0412],[108.70195,12.04322],[108.70348,12.0447],[108.70523,12.04684],[108.70677,12.04937],[108.70778,12.05186],[108.70937,12.05787],[108.70018,12.09438],[108.69137,12.10578],[108.67162,12.12276],[108.69145,12.13255],[108.69254,12.13433],[108.69351,12.13681],[108.69425,12.13894],[108.69191,12.14697],[108.69206,12.14745],[108.69393,12.14903],[108.69512,12.14957],[108.70159,12.15282],[108.70676,12.15568],[108.7225,12.1578],[108.72468,12.15887],[108.72583,12.16026],[108.7266,12.16175],[108.70888,12.19235],[108.7188,12.22075],[108.71252,12.22905],[108.70895,12.23084],[108.70636,12.23226],[108.70333,12.23481],[108.70097,12.23757],[108.70008,12.23947],[108.69937,12.24286],[108.70314,12.26747],[108.70034,12.28815],[108.70397,12.3031],[108.7029,12.30521],[108.70072,12.30806],[108.69733,12.31108],[108.67768,12.31848],[108.68294,12.32611],[108.68354,12.32834],[108.6837,12.33078],[108.68361,12.33275],[108.6754,12.34975],[108.67831,12.35906],[108.68566,12.36504],[108.68709,12.36889],[108.68736,12.37115],[108.68744,12.37377],[108.68703,12.37592],[108.68624,12.37789],[108.68063,12.38082],[108.6845,12.38877],[108.67567,12.39354],[108.67165,12.40215],[108.67802,12.41615],[108.67088,12.41968],[108.66753,12.42636],[108.68476,12.45078],[108.69692,12.46197],[108.69951,12.47425],[108.7112,12.48439],[108.73638,12.476],[108.74644,12.48158],[108.75111,12.5006],[108.76129,12.49906],[108.7666,12.50437],[108.76942,12.50439],[108.77292,12.50499],[108.77594,12.50526],[108.79014,12.50069],[108.79742,12.48549],[108.81132,12.48277],[108.84088,12.46208],[108.86722,12.45459],[108.86861,12.47012],[108.87518,12.47361],[108.87599,12.47746],[108.87615,12.47975],[108.86445,12.48866],[108.85825,12.49734],[108.87055,12.50755],[108.87074,12.52842],[108.87108,12.53063],[108.8721,12.53297],[108.87372,12.53609],[108.89004,12.54973],[108.89311,12.56863],[108.89003,12.57965],[108.90105,12.58578],[108.91621,12.60091],[108.90544,12.62005],[108.89666,12.62846],[108.90849,12.6404],[108.91697,12.63918],[108.93162,12.64627],[108.94131,12.67184],[108.95313,12.68729],[108.97415,12.68386],[108.98655,12.69148],[108.98421,12.70435],[109.01174,12.72042],[109.01389,12.72997],[109.01592,12.73165],[109.02092,12.7357],[109.03452,12.7381],[109.0417,12.74722],[109.05808,12.74596],[109.06418,12.75474],[109.07662,12.74495],[109.08416,12.74558],[109.08949,12.75222],[109.08864,12.76392],[109.10295,12.77424],[109.10862,12.78249],[109.11046,12.78649],[109.11092,12.7875],[109.11341,12.79928],[109.12049,12.79893],[109.12729,12.78882],[109.14207,12.78198],[109.14532,12.78533],[109.15395,12.813],[109.16083,12.8247],[109.16636,12.82807],[109.19511,12.83222],[109.20763,12.83133],[109.21328,12.82701],[109.21862,12.81608],[109.22026,12.815],[109.22302,12.81433],[109.225,12.81429],[109.25367,12.83888],[109.28102,12.83464],[109.29133,12.83738],[109.29419,12.83905],[109.29631,12.84146],[109.29705,12.84215],[109.31224,12.84429],[109.31515,12.83803],[109.31869,12.83674],[109.32523,12.84249],[109.32792,12.85076],[109.33855,12.851],[109.35089,12.86053],[109.35734,12.86178],[109.36261,12.86899],[109.36836,12.86525],[109.37848,12.84895]]],[[[113.59087,6.95462],[113.58326,6.95331],[113.57937,6.9568],[113.57854,6.96068],[113.5797,6.96514],[113.58076,6.96849],[113.58736,6.96831],[113.59155,6.96548],[113.59336,6.96028],[113.59087,6.95462]]],[[[113.86706,7.40918],[113.86732,7.40632],[113.8645,7.4017],[113.85562,7.39657],[113.84511,7.39318],[113.83386,7.39316],[113.82269,7.39632],[113.81616,7.39718],[113.80648,7.3993],[113.80282,7.40041],[113.80232,7.40072],[113.80487,7.40471],[113.8108,7.40673],[113.81956,7.40749],[113.82373,7.40654],[113.82952,7.40923],[113.83661,7.41054],[113.84485,7.41366],[113.85744,7.41348],[113.86497,7.41243],[113.86706,7.40918]]],[[[111.54142,7.51187],[111.53712,7.51123],[111.53173,7.51336],[111.52957,7.51564],[111.52942,7.52064],[111.53199,7.53177],[111.53474,7.53934],[111.53726,7.54738],[111.53883,7.55568],[111.54021,7.56503],[111.54406,7.57224],[111.54773,7.57535],[111.55266,7.57611],[111.55909,7.57617],[111.56396,7.57423],[111.56698,7.57215],[111.57029,7.56786],[111.57166,7.56412],[111.57112,7.56179],[111.56946,7.55925],[111.56703,7.5554],[111.56404,7.55216],[111.56031,7.54858],[111.55653,7.54515],[111.55324,7.54126],[111.54863,7.5339],[111.54817,7.53031],[111.54851,7.5268],[111.548,7.52281],[111.54665,7.5181],[111.54479,7.51372],[111.54142,7.51187]]],[[[111.61778,7.57446],[111.61124,7.56833],[111.60798,7.56619],[111.60487,7.56746],[111.60051,7.5694],[111.59597,7.5715],[111.59669,7.57386],[111.60159,7.57327],[111.60378,7.57289],[111.607,7.57267],[111.60837,7.57383],[111.6118,7.5763],[111.61525,7.57996],[111.61969,7.58225],[111.62241,7.58305],[111.6228,7.58558],[111.62294,7.58913],[111.62547,7.58841],[111.62609,7.5853],[111.62552,7.58142],[111.61778,7.57446]]],[[[114.04812,7.6035],[114.04497,7.60211],[114.04299,7.6029],[114.04021,7.6046],[114.03789,7.60548],[114.03995,7.60687],[114.04262,7.60697],[114.04447,7.6082],[114.04675,7.60746],[114.0483,7.60525],[114.04812,7.6035]]],[[[114.02461,7.61491],[114.02272,7.61361],[114.02174,7.61482],[114.01973,7.61598],[114.02356,7.61659],[114.02561,7.6172],[114.02674,7.61565],[114.02461,7.61491]]],[[[114.11576,7.61441],[114.11534,7.61423],[114.1144,7.61678],[114.11583,7.61944],[114.11844,7.61923],[114.11921,7.61684],[114.11695,7.61472],[114.11576,7.61441]]],[[[114.07735,7.60714],[114.0676,7.60287],[114.06219,7.60235],[114.05881,7.60412],[114.05928,7.60682],[114.06199,7.60725],[114.06502,7.60699],[114.0708,7.61051],[114.07916,7.61364],[114.08694,7.61461],[114.09293,7.61747],[114.09636,7.61906],[114.1008,7.61986],[114.09783,7.61446],[114.09522,7.61201],[114.08909,7.61017],[114.07735,7.60714]]],[[[114.12911,7.61453],[114.12605,7.61377],[114.12489,7.61465],[114.12474,7.61516],[114.12583,7.61783],[114.12676,7.62084],[114.12926,7.61975],[114.12952,7.61688],[114.12911,7.61453]]],[[[114.14502,7.59951],[114.14248,7.59907],[114.14014,7.60016],[114.13498,7.60241],[114.13575,7.60585],[114.13677,7.60869],[114.14024,7.61196],[114.14465,7.61267],[114.15046,7.61486],[114.15401,7.6178],[114.15794,7.61937],[114.15966,7.62033],[114.16196,7.62397],[114.16418,7.62492],[114.16566,7.62336],[114.16586,7.61896],[114.16225,7.61654],[114.15789,7.61195],[114.15488,7.60748],[114.15154,7.60286],[114.14929,7.60107],[114.14502,7.59951]]],[[[114.00994,7.62211],[114.00905,7.6215],[114.00855,7.62153],[114.00718,7.62129],[114.0072,7.62399],[114.00721,7.62652],[114.00917,7.62554],[114.00994,7.62211]]],[[[114.17839,7.62653],[114.17623,7.62646],[114.17464,7.62759],[114.17331,7.63059],[114.17421,7.63367],[114.1767,7.63535],[114.17901,7.63582],[114.1811,7.6359],[114.18316,7.63692],[114.18508,7.63767],[114.18668,7.63695],[114.18675,7.63478],[114.18638,7.63169],[114.18455,7.62918],[114.18193,7.62737],[114.17839,7.62653]]],[[[114.1969,7.64454],[114.19468,7.64377],[114.19301,7.64415],[114.19205,7.64604],[114.19279,7.64821],[114.19465,7.64815],[114.19646,7.64658],[114.19711,7.64572],[114.1969,7.64454]]],[[[111.70339,7.65019],[111.70266,7.64758],[111.70011,7.64418],[111.69478,7.64033],[111.6854,7.63479],[111.67905,7.63],[111.67324,7.62576],[111.66498,7.62052],[111.65786,7.61706],[111.653,7.61621],[111.64805,7.61723],[111.64616,7.62002],[111.64639,7.62499],[111.6501,7.63137],[111.65539,7.63732],[111.6598,7.64062],[111.66621,7.6417],[111.67365,7.64106],[111.67723,7.64235],[111.68259,7.64834],[111.68722,7.65215],[111.69043,7.65235],[111.69359,7.65106],[111.69594,7.64879],[111.6978,7.64859],[111.70025,7.65218],[111.70137,7.65271],[111.7026,7.65228],[111.70339,7.65019]]],[[[113.84739,7.65151],[113.84352,7.64653],[113.83854,7.64275],[113.82769,7.63936],[113.82345,7.63785],[113.81353,7.63579],[113.80081,7.63445],[113.78976,7.63234],[113.78027,7.63032],[113.77642,7.63543],[113.77553,7.64146],[113.79002,7.64226],[113.79363,7.6454],[113.79682,7.64617],[113.80692,7.64913],[113.81239,7.65141],[113.81811,7.65233],[113.8279,7.65395],[113.83498,7.65537],[113.84128,7.65817],[113.84589,7.65858],[113.84843,7.65722],[113.84739,7.65151]],[[113.78297,7.63837],[113.78182,7.63333],[113.7876,7.63452],[113.78827,7.63464],[113.79427,7.63566],[113.8029,7.63714],[113.81004,7.63829],[113.81378,7.63832],[113.81535,7.63862],[113.82617,7.63926],[113.82836,7.63981],[113.83384,7.64236],[113.83872,7.64729],[113.83982,7.6503],[113.83782,7.65137],[113.83444,7.65146],[113.83069,7.65056],[113.82183,7.64844],[113.81505,7.64795],[113.80724,7.64682],[113.79703,7.64474],[113.78882,7.64159],[113.78675,7.64029],[113.78606,7.63963],[113.78297,7.63837]]],[[[114.20343,7.655],[114.20088,7.65424],[114.19981,7.65511],[114.19862,7.65785],[114.19803,7.66073],[114.19946,7.66339],[114.20234,7.66347],[114.2048,7.66104],[114.20593,7.65932],[114.20534,7.65647],[114.20343,7.655]]],[[[111.54889,7.64221],[111.5441,7.63942],[111.54174,7.6403],[111.54096,7.64403],[111.54134,7.64673],[111.54376,7.64922],[111.54348,7.65278],[111.5395,7.66156],[111.54115,7.66515],[111.54506,7.66576],[111.55008,7.6623],[111.55371,7.65666],[111.55716,7.65068],[111.55779,7.64763],[111.55553,7.64446],[111.54889,7.64221]]],[[[111.72455,7.66454],[111.72635,7.66095],[111.7228,7.66136],[111.71981,7.66445],[111.71832,7.66617],[111.71903,7.66836],[111.72124,7.66849],[111.72326,7.66794],[111.72455,7.66454]]],[[[114.20698,7.67185],[114.20522,7.67177],[114.20476,7.67191],[114.20198,7.67416],[114.20213,7.67672],[114.20407,7.67828],[114.20625,7.67902],[114.20811,7.67802],[114.20927,7.67596],[114.20923,7.67462],[114.20864,7.67315],[114.20698,7.67185]]],[[[111.71261,7.66907],[111.71021,7.66708],[111.7075,7.6673],[111.70347,7.66889],[111.70218,7.6728],[111.70056,7.67689],[111.69943,7.67979],[111.70218,7.68194],[111.70334,7.68056],[111.70601,7.67832],[111.7085,7.6759],[111.71084,7.674],[111.71215,7.67161],[111.71261,7.66907]]],[[[114.22489,7.68901],[114.22481,7.68645],[114.22355,7.68486],[114.22109,7.68399],[114.21768,7.68315],[114.21608,7.68387],[114.21506,7.68593],[114.21619,7.68751],[114.21796,7.688],[114.21929,7.69041],[114.22093,7.68778],[114.22085,7.68967],[114.22142,7.69073],[114.22373,7.69093],[114.22489,7.68901]]],[[[114.24275,7.6896],[114.24069,7.68865],[114.23799,7.68873],[114.23619,7.69047],[114.23612,7.69098],[114.23562,7.69403],[114.23654,7.6967],[114.23875,7.69714],[114.2416,7.69638],[114.24323,7.69431],[114.24315,7.69178],[114.24275,7.6896]]],[[[111.74182,7.67611],[111.73939,7.67549],[111.73748,7.6769],[111.73739,7.67939],[111.73857,7.68268],[111.74207,7.68905],[111.74301,7.69461],[111.74491,7.69733],[111.74648,7.69878],[111.75024,7.70151],[111.753,7.70132],[111.75421,7.69923],[111.75442,7.69449],[111.75349,7.69028],[111.75275,7.68767],[111.7516,7.68534],[111.7463,7.67928],[111.74182,7.67611]]],[[[114.26917,7.68739],[114.26417,7.68681],[114.26171,7.69094],[114.26194,7.69166],[114.26259,7.69555],[114.26457,7.69819],[114.26802,7.70052],[114.27356,7.70291],[114.27688,7.70538],[114.27951,7.70746],[114.28196,7.70793],[114.28393,7.70598],[114.2832,7.70438],[114.28027,7.70136],[114.27664,7.69729],[114.27436,7.69344],[114.27345,7.69036],[114.27164,7.68853],[114.26917,7.68739]]],[[[114.31546,7.71929],[114.31572,7.71675],[114.31511,7.7134],[114.31252,7.71162],[114.30931,7.71172],[114.30665,7.71298],[114.30313,7.7141],[114.29937,7.71269],[114.29613,7.71178],[114.29312,7.71255],[114.28852,7.71295],[114.28823,7.71573],[114.28844,7.71707],[114.29033,7.7182],[114.29313,7.71862],[114.29699,7.71783],[114.30042,7.71924],[114.30606,7.72144],[114.30948,7.72268],[114.31182,7.72194],[114.31546,7.71929]]],[[[111.75283,7.73145],[111.75136,7.7308],[111.74978,7.73083],[111.74788,7.73132],[111.74666,7.73219],[111.74534,7.73417],[111.74522,7.73661],[111.74541,7.73781],[111.746,7.73926],[111.74733,7.74097],[111.74792,7.74125],[111.74897,7.74162],[111.75081,7.74187],[111.75212,7.74168],[111.75317,7.74116],[111.75406,7.74007],[111.75454,7.73872],[111.75485,7.7372],[111.75482,7.73536],[111.75411,7.73335],[111.75283,7.73145]]],[[[114.36728,7.71044],[114.36641,7.70412],[114.36445,7.69973],[114.36354,7.69638],[114.36219,7.6921],[114.36171,7.68969],[114.35939,7.68881],[114.35664,7.68944],[114.35326,7.69399],[114.35205,7.69862],[114.35186,7.70106],[114.34806,7.70509],[114.34287,7.70984],[114.33789,7.71512],[114.33648,7.71759],[114.3363,7.71827],[114.33605,7.72125],[114.3373,7.72229],[114.34085,7.7234],[114.34592,7.72122],[114.34708,7.71929],[114.34604,7.71622],[114.34532,7.71489],[114.34527,7.71327],[114.34667,7.71053],[114.35012,7.70826],[114.35166,7.70552],[114.35434,7.7049],[114.35547,7.70662],[114.35615,7.71092],[114.35639,7.71428],[114.35903,7.71663],[114.36397,7.71932],[114.36683,7.72206],[114.36929,7.72739],[114.36906,7.73306],[114.368,7.73809],[114.36722,7.74122],[114.36971,7.74317],[114.37256,7.74349],[114.3761,7.74],[114.37718,7.73565],[114.37712,7.72904],[114.37819,7.72428],[114.37811,7.72172],[114.37715,7.71918],[114.37355,7.71632],[114.37023,7.71386],[114.36728,7.71044]]],[[[114.15469,7.75399],[114.161,7.74756],[114.1636,7.74428],[114.16416,7.74039],[114.16712,7.73777],[114.17138,7.73764],[114.17168,7.73669],[114.17394,7.73342],[114.17453,7.73054],[114.17714,7.72759],[114.17881,7.72687],[114.18026,7.72447],[114.17981,7.72077],[114.18069,7.71939],[114.17667,7.72019],[114.1738,7.72011],[114.17091,7.71952],[114.16893,7.72092],[114.16532,7.72457],[114.16247,7.72533],[114.15794,7.72631],[114.15552,7.72992],[114.15641,7.73731],[114.15639,7.7422],[114.15272,7.74653],[114.14775,7.74971],[114.1442,7.74948],[114.13924,7.74743],[114.13465,7.74622],[114.12969,7.73861],[114.12647,7.73246],[114.12281,7.72853],[114.11755,7.7248],[114.10986,7.72166],[114.10426,7.72064],[114.0983,7.71879],[114.09186,7.71797],[114.08612,7.71814],[114.07918,7.71463],[114.07669,7.71032],[114.07555,7.7058],[114.07202,7.70085],[114.06817,7.69607],[114.06268,7.68999],[114.05822,7.6876],[114.05324,7.68487],[114.04978,7.68177],[114.0451,7.67786],[114.04049,7.67294],[114.0357,7.67072],[114.03156,7.6678],[114.02615,7.66729],[114.02079,7.66306],[114.01776,7.65758],[114.01533,7.65243],[114.01372,7.6491],[114.00806,7.64607],[113.99966,7.64142],[113.99606,7.63967],[113.98678,7.63766],[113.98206,7.6383],[113.97649,7.64136],[113.97057,7.63934],[113.9673,7.63685],[113.964,7.63345],[113.95389,7.63131],[113.94623,7.62956],[113.94212,7.62967],[113.94085,7.6332],[113.94199,7.64092],[113.94073,7.64475],[113.93681,7.6514],[113.93674,7.65444],[113.93802,7.65653],[113.9411,7.65766],[113.9522,7.65094],[113.96278,7.64821],[113.96943,7.64528],[113.9745,7.6488],[113.97656,7.64661],[113.97785,7.6458],[113.98407,7.64588],[113.98578,7.64562],[113.99271,7.64509],[113.99647,7.6465],[113.99945,7.65002],[114.00333,7.65271],[114.00412,7.65943],[114.00462,7.66498],[114.00622,7.66796],[114.00982,7.66972],[114.0134,7.67113],[114.01666,7.66985],[114.01985,7.66926],[114.02389,7.66897],[114.0297,7.6715],[114.03489,7.6759],[114.04104,7.68415],[114.04443,7.69046],[114.04644,7.69276],[114.05223,7.69445],[114.05982,7.69996],[114.06472,7.70588],[114.06971,7.70928],[114.07407,7.71691],[114.07634,7.71937],[114.08381,7.721],[114.08879,7.72372],[114.09518,7.72876],[114.10627,7.74108],[114.11058,7.74416],[114.11432,7.74506],[114.11761,7.74766],[114.12428,7.75337],[114.13079,7.75672],[114.13687,7.75671],[114.14714,7.75573],[114.15469,7.75399]]],[[[114.19301,7.74023],[114.19063,7.74009],[114.18892,7.74068],[114.18596,7.74271],[114.18477,7.74631],[114.18332,7.74861],[114.18425,7.75085],[114.18646,7.7523],[114.18918,7.75308],[114.1918,7.75376],[114.19443,7.75508],[114.19634,7.75567],[114.19681,7.75706],[114.19804,7.75843],[114.19967,7.7587],[114.20154,7.75698],[114.20326,7.75568],[114.2046,7.7537],[114.2051,7.75228],[114.20572,7.75129],[114.20427,7.75004],[114.20091,7.74949],[114.1981,7.74591],[114.19748,7.74312],[114.19596,7.74133],[114.19301,7.74023]]],[[[114.21554,7.7682],[114.21375,7.76731],[114.21121,7.76793],[114.20725,7.77101],[114.20353,7.77341],[114.20335,7.77625],[114.20573,7.77914],[114.20874,7.78026],[114.21132,7.78059],[114.21469,7.78049],[114.21669,7.77962],[114.21838,7.77728],[114.21881,7.77654],[114.21838,7.77283],[114.21748,7.77003],[114.21554,7.7682]]],[[[114.36936,7.76031],[114.36701,7.75876],[114.36367,7.76021],[114.36171,7.76243],[114.36157,7.76675],[114.36152,7.76945],[114.36067,7.77258],[114.36024,7.77624],[114.36129,7.77958],[114.3631,7.78081],[114.36481,7.77914],[114.36635,7.77686],[114.3664,7.7743],[114.36599,7.76972],[114.36712,7.76685],[114.36921,7.76423],[114.36983,7.76245],[114.36936,7.76031]]],[[[111.74588,7.75886],[111.74406,7.75792],[111.74157,7.75797],[111.73938,7.75911],[111.73761,7.7608],[111.73476,7.76375],[111.73342,7.76626],[111.73238,7.77],[111.73235,7.77415],[111.73245,7.77956],[111.73276,7.78297],[111.73407,7.78695],[111.73679,7.79159],[111.73861,7.79308],[111.74048,7.79328],[111.74206,7.7926],[111.74368,7.79023],[111.74543,7.78495],[111.74644,7.7819],[111.747,7.77833],[111.74791,7.77179],[111.74808,7.76544],[111.7476,7.76228],[111.74743,7.76035],[111.74588,7.75886]]],[[[114.36912,7.7894],[114.36722,7.78932],[114.36664,7.79218],[114.36552,7.79545],[114.36449,7.79724],[114.36402,7.79942],[114.36581,7.80058],[114.36742,7.80012],[114.37032,7.79747],[114.37162,7.79581],[114.37169,7.79391],[114.3708,7.7911],[114.36912,7.7894]]],[[[114.39573,7.81316],[114.39689,7.8111],[114.39657,7.80955],[114.39459,7.8069],[114.39316,7.80592],[114.38986,7.80536],[114.38376,7.80354],[114.38027,7.80411],[114.37736,7.80751],[114.37665,7.81091],[114.37768,7.81279],[114.38415,7.81266],[114.38646,7.81292],[114.3923,7.81368],[114.39573,7.81316]]],[[[111.68946,7.82777],[111.68624,7.82749],[111.6851,7.83005],[111.68515,7.83292],[111.68672,7.83526],[111.68894,7.83721],[111.69097,7.8362],[111.69209,7.83263],[111.6917,7.82993],[111.68946,7.82777]]],[[[109.13,7.81411],[109.12978,7.81411],[109.12956,7.81411],[109.12934,7.81412],[109.12913,7.81413],[109.1289,7.81414],[109.12868,7.81415],[109.12846,7.81417],[109.12824,7.81419],[109.12802,7.81421],[109.1278,7.81423],[109.12758,7.81426],[109.12736,7.81429],[109.12714,7.81432],[109.12692,7.81435],[109.1267,7.81439],[109.12649,7.81443],[109.12626,7.81448],[109.12605,7.81452],[109.12584,7.81457],[109.12563,7.81462],[109.12541,7.81467],[109.1252,7.81473],[109.12498,7.81479],[109.12477,7.81485],[109.12456,7.81491],[109.12435,7.81498],[109.12413,7.81505],[109.12393,7.81512],[109.12372,7.81519],[109.12351,7.81527],[109.1233,7.81535],[109.1231,7.81543],[109.12289,7.81552],[109.12269,7.8156],[109.12249,7.81569],[109.12229,7.81578],[109.12209,7.81588],[109.12189,7.81597],[109.12169,7.81607],[109.1215,7.81617],[109.1213,7.81628],[109.12111,7.81638],[109.12091,7.81649],[109.12073,7.8166],[109.12053,7.81672],[109.12035,7.81683],[109.12015,7.81695],[109.11997,7.81707],[109.11978,7.81719],[109.11961,7.81732],[109.11943,7.81744],[109.11925,7.81757],[109.11907,7.8177],[109.1189,7.81783],[109.11872,7.81797],[109.11855,7.81811],[109.11837,7.81825],[109.11821,7.81839],[109.11804,7.81854],[109.11787,7.81868],[109.1177,7.81883],[109.11755,7.81898],[109.11738,7.81913],[109.11723,7.81928],[109.11707,7.81944],[109.11691,7.8196],[109.11676,7.81976],[109.11662,7.81991],[109.11646,7.82008],[109.11632,7.82024],[109.11617,7.82041],[109.11603,7.82058],[109.11589,7.82075],[109.11575,7.82092],[109.11561,7.8211],[109.11548,7.82127],[109.11535,7.82145],[109.11522,7.82163],[109.11509,7.82181],[109.11497,7.82199],[109.11484,7.82218],[109.11472,7.82236],[109.11461,7.82254],[109.11449,7.82273],[109.11437,7.82292],[109.11426,7.82311],[109.11415,7.8233],[109.11405,7.82349],[109.11394,7.82369],[109.11384,7.82388],[109.11374,7.82409],[109.11364,7.82428],[109.11355,7.82448],[109.11346,7.82468],[109.11336,7.82489],[109.11328,7.82509],[109.11319,7.82529],[109.11311,7.8255],[109.11303,7.8257],[109.11296,7.8259],[109.11288,7.82611],[109.11281,7.82632],[109.11274,7.82653],[109.11267,7.82674],[109.11261,7.82695],[109.11255,7.82716],[109.11248,7.82738],[109.11243,7.82759],[109.11237,7.82781],[109.11232,7.82802],[109.11227,7.82824],[109.11223,7.82845],[109.11218,7.82867],[109.11214,7.82888],[109.11211,7.8291],[109.11207,7.82931],[109.11204,7.82953],[109.11201,7.82975],[109.11198,7.82997],[109.11196,7.83019],[109.11193,7.83041],[109.11192,7.83063],[109.1119,7.83085],[109.11189,7.83107],[109.11187,7.83129],[109.11187,7.83151],[109.11186,7.83174],[109.11186,7.83195],[109.11186,7.83218],[109.11186,7.8324],[109.11186,7.83262],[109.11187,7.83284],[109.11188,7.83306],[109.1119,7.83328],[109.11191,7.8335],[109.11193,7.83372],[109.11195,7.83394],[109.11198,7.83416],[109.11201,7.83438],[109.11203,7.8346],[109.11207,7.83482],[109.1121,7.83504],[109.11214,7.83526],[109.11218,7.83547],[109.11222,7.83569],[109.11227,7.8359],[109.11232,7.83611],[109.11237,7.83633],[109.11242,7.83654],[109.11248,7.83675],[109.11254,7.83697],[109.1126,7.83718],[109.11266,7.8374],[109.11273,7.8376],[109.1128,7.83782],[109.11287,7.83802],[109.11295,7.83823],[109.11302,7.83844],[109.1131,7.83865],[109.11318,7.83885],[109.11327,7.83906],[109.11335,7.83926],[109.11344,7.83945],[109.11353,7.83965],[109.11363,7.83985],[109.11372,7.84005],[109.11383,7.84025],[109.11393,7.84044],[109.11403,7.84064],[109.11414,7.84083],[109.11425,7.84103],[109.11436,7.84122],[109.11447,7.84141],[109.11459,7.84159],[109.11471,7.84178],[109.11483,7.84197],[109.11495,7.84215],[109.11508,7.84233],[109.1152,7.84251],[109.11533,7.84268],[109.11546,7.84287],[109.11559,7.84304],[109.11573,7.84322],[109.11587,7.84339],[109.11601,7.84356],[109.11615,7.84373],[109.1163,7.8439],[109.11644,7.84406],[109.11659,7.84423],[109.11674,7.84439],[109.1169,7.84455],[109.11705,7.8447],[109.11721,7.84486],[109.11737,7.84502],[109.11752,7.84516],[109.11768,7.84531],[109.11785,7.84546],[109.11801,7.84561],[109.11818,7.84575],[109.11835,7.84589],[109.11852,7.84604],[109.11869,7.84617],[109.11887,7.84631],[109.11904,7.84644],[109.11923,7.84658],[109.1194,7.8467],[109.11959,7.84683],[109.11977,7.84696],[109.11995,7.84708],[109.12014,7.8472],[109.12032,7.84732],[109.1205,7.84743],[109.1207,7.84755],[109.12089,7.84766],[109.12108,7.84777],[109.12127,7.84787],[109.12147,7.84798],[109.12166,7.84808],[109.12187,7.84818],[109.12206,7.84827],[109.12227,7.84837],[109.12246,7.84846],[109.12267,7.84855],[109.12287,7.84864],[109.12308,7.84873],[109.12328,7.84881],[109.12348,7.84888],[109.12369,7.84896],[109.1239,7.84904],[109.1241,7.84911],[109.12432,7.84918],[109.12453,7.84924],[109.12474,7.84931],[109.12495,7.84937],[109.12517,7.84943],[109.12538,7.84948],[109.1256,7.84954],[109.12581,7.84959],[109.12603,7.84964],[109.12624,7.84968],[109.12647,7.84973],[109.12668,7.84977],[109.12689,7.8498],[109.12711,7.84984],[109.12733,7.84987],[109.12755,7.8499],[109.12777,7.84993],[109.12799,7.84995],[109.12821,7.84998],[109.12843,7.84999],[109.12865,7.85001],[109.12887,7.85003],[109.1291,7.85004],[109.12931,7.85004],[109.12954,7.85005],[109.12976,7.85005],[109.12998,7.85005],[109.1302,7.85005],[109.13042,7.85005],[109.13063,7.85004],[109.13086,7.85003],[109.13108,7.85001],[109.1313,7.85],[109.13152,7.84998],[109.13174,7.84996],[109.13196,7.84993],[109.13218,7.84991],[109.1324,7.84988],[109.13262,7.84984],[109.13284,7.84981],[109.13306,7.84977],[109.13327,7.84973],[109.1335,7.84969],[109.13371,7.84964],[109.13392,7.8496],[109.13413,7.84955],[109.13435,7.84949],[109.13456,7.84944],[109.13478,7.84938],[109.13499,7.84932],[109.13521,7.84925],[109.13541,7.84918],[109.13563,7.84911],[109.13583,7.84904],[109.13605,7.84897],[109.13625,7.84889],[109.13646,7.84881],[109.13666,7.84873],[109.13687,7.84864],[109.13707,7.84856],[109.13727,7.84847],[109.13747,7.84838],[109.13767,7.84829],[109.13787,7.84819],[109.13807,7.84809],[109.13826,7.84799],[109.13846,7.84788],[109.13865,7.84778],[109.13885,7.84767],[109.13904,7.84756],[109.13923,7.84744],[109.13942,7.84733],[109.13961,7.84721],[109.13979,7.84709],[109.13998,7.84697],[109.14016,7.84684],[109.14033,7.84672],[109.14051,7.84659],[109.14069,7.84646],[109.14086,7.84633],[109.14104,7.84619],[109.14121,7.84605],[109.14139,7.84591],[109.14155,7.84577],[109.14173,7.84562],[109.14189,7.84548],[109.14206,7.84533],[109.14222,7.84518],[109.14238,7.84503],[109.14253,7.84488],[109.1427,7.84472],[109.14285,7.84456],[109.143,7.8444],[109.14314,7.84425],[109.1433,7.84408],[109.14344,7.84392],[109.14359,7.84375],[109.14373,7.84358],[109.14387,7.84341],[109.14401,7.84324],[109.14415,7.84306],[109.14428,7.84289],[109.14441,7.84271],[109.14454,7.84253],[109.14467,7.84235],[109.14479,7.84217],[109.14492,7.84198],[109.14504,7.8418],[109.14515,7.84162],[109.14527,7.84143],[109.14539,7.84124],[109.14549,7.84105],[109.14561,7.84085],[109.14571,7.84066],[109.14582,7.84047],[109.14592,7.84027],[109.14602,7.84007],[109.14612,7.83988],[109.14621,7.83967],[109.1463,7.83948],[109.1464,7.83927],[109.14648,7.83907],[109.14657,7.83886],[109.14665,7.83866],[109.14673,7.83846],[109.1468,7.83826],[109.14688,7.83804],[109.14695,7.83784],[109.14702,7.83763],[109.14709,7.83742],[109.14715,7.8372],[109.14721,7.837],[109.14727,7.83678],[109.14733,7.83657],[109.14738,7.83635],[109.14743,7.83614],[109.14748,7.83592],[109.14753,7.83571],[109.14757,7.83549],[109.14761,7.83527],[109.14765,7.83506],[109.14768,7.83485],[109.14772,7.83462],[109.14775,7.83441],[109.14778,7.83418],[109.1478,7.83397],[109.14782,7.83374],[109.14784,7.83353],[109.14786,7.8333],[109.14787,7.83309],[109.14788,7.83286],[109.14789,7.83265],[109.1479,7.83242],[109.1479,7.8322],[109.1479,7.83198],[109.1479,7.83176],[109.14789,7.83155],[109.14788,7.83133],[109.14787,7.8311],[109.14786,7.83089],[109.14784,7.83066],[109.14782,7.83045],[109.1478,7.83022],[109.14778,7.83001],[109.14775,7.82978],[109.14772,7.82957],[109.14769,7.82935],[109.14765,7.82913],[109.14762,7.82891],[109.14758,7.8287],[109.14753,7.82847],[109.14749,7.82826],[109.14744,7.82805],[109.14739,7.82784],[109.14734,7.82762],[109.14728,7.82741],[109.14722,7.8272],[109.14716,7.82699],[109.14709,7.82677],[109.14703,7.82656],[109.14696,7.82635],[109.14689,7.82615],[109.14681,7.82593],[109.14674,7.82573],[109.14665,7.82552],[109.14657,7.82532],[109.14649,7.82511],[109.1464,7.82491],[109.14631,7.82471],[109.14622,7.82452],[109.14613,7.82431],[109.14603,7.82412],[109.14593,7.82392],[109.14583,7.82372],[109.14572,7.82352],[109.14562,7.82333],[109.14551,7.82314],[109.1454,7.82295],[109.14528,7.82276],[109.14517,7.82257],[109.14505,7.82238],[109.14493,7.8222],[109.1448,7.82201],[109.14468,7.82183],[109.14456,7.82166],[109.14443,7.82148],[109.1443,7.8213],[109.14416,7.82113],[109.14403,7.82095],[109.14389,7.82078],[109.14375,7.82061],[109.14361,7.82044],[109.14346,7.82027],[109.14332,7.82011],[109.14316,7.81994],[109.14302,7.81978],[109.14286,7.81962],[109.14271,7.81946],[109.14255,7.8193],[109.14239,7.81915],[109.14224,7.819],[109.14208,7.81885],[109.14191,7.8187],[109.14175,7.81856],[109.14158,7.81841],[109.14141,7.81827],[109.14123,7.81813],[109.14107,7.81799],[109.14089,7.81785],[109.14071,7.81772],[109.14053,7.81759],[109.14036,7.81746],[109.14017,7.81733],[109.13999,7.81721],[109.1398,7.81708],[109.13962,7.81697],[109.13944,7.81685],[109.13926,7.81674],[109.13906,7.81662],[109.13887,7.81651],[109.13868,7.8164],[109.13849,7.81629],[109.13829,7.81619],[109.13809,7.81609],[109.13789,7.81599],[109.1377,7.81589],[109.13749,7.81579],[109.1373,7.8157],[109.13709,7.81561],[109.13689,7.81553],[109.13668,7.81544],[109.13648,7.81536],[109.13628,7.81528],[109.13607,7.81521],[109.13586,7.81513],[109.13566,7.81506],[109.13544,7.81499],[109.13523,7.81492],[109.13502,7.81486],[109.13481,7.8148],[109.13459,7.81474],[109.13438,7.81468],[109.13416,7.81463],[109.13395,7.81458],[109.13373,7.81453],[109.13352,7.81448],[109.13329,7.81444],[109.13308,7.8144],[109.13287,7.81436],[109.13265,7.81433],[109.13243,7.81429],[109.13221,7.81426],[109.13199,7.81423],[109.13177,7.81421],[109.13155,7.81419],[109.13133,7.81417],[109.13111,7.81415],[109.13089,7.81414],[109.13066,7.81413],[109.13045,7.81412],[109.13022,7.81411],[109.13,7.81411]]],[[[110.45338,7.80279],[110.45005,7.80268],[110.44877,7.80385],[110.44828,7.80598],[110.45102,7.81117],[110.45556,7.81559],[110.45981,7.82073],[110.46655,7.82843],[110.4771,7.84002],[110.48294,7.84539],[110.48674,7.8488],[110.4911,7.85062],[110.49843,7.85206],[110.505,7.85229],[110.5093,7.85165],[110.51187,7.84929],[110.5123,7.84705],[110.5118,7.84441],[110.50871,7.83668],[110.50619,7.83171],[110.50266,7.82641],[110.49724,7.82071],[110.4885,7.81505],[110.48065,7.81097],[110.47411,7.80845],[110.4657,7.80596],[110.45739,7.80348],[110.45338,7.80279]]],[[[114.40595,7.82051],[114.40538,7.82028],[114.40455,7.82393],[114.40568,7.82778],[114.40987,7.83458],[114.41323,7.83937],[114.41522,7.84353],[114.42208,7.84653],[114.42998,7.85287],[114.43677,7.85925],[114.4432,7.8648],[114.44752,7.87024],[114.44853,7.87148],[114.44952,7.86713],[114.44855,7.86328],[114.44293,7.85669],[114.4398,7.85375],[114.43563,7.85033],[114.43284,7.84755],[114.4262,7.84353],[114.42308,7.84109],[114.41946,7.83884],[114.41648,7.83572],[114.41382,7.83175],[114.41061,7.82628],[114.40595,7.82051]]],[[[111.74054,7.83838],[111.73846,7.83821],[111.73612,7.83888],[111.73303,7.84052],[111.73023,7.84257],[111.72868,7.84495],[111.72674,7.84836],[111.7256,7.85066],[111.72521,7.85198],[111.72489,7.8535],[111.72464,7.85468],[111.72465,7.85577],[111.72467,7.85654],[111.72496,7.85723],[111.7256,7.85825],[111.72633,7.8593],[111.72682,7.85985],[111.72729,7.86049],[111.72785,7.86107],[111.72814,7.86162],[111.7285,7.86223],[111.72906,7.86305],[111.72935,7.86377],[111.72961,7.86453],[111.72983,7.86518],[111.73016,7.86593],[111.7302,7.86656],[111.73035,7.86717],[111.73051,7.86804],[111.73069,7.86858],[111.73084,7.86907],[111.73098,7.86958],[111.73116,7.87003],[111.73145,7.87068],[111.73164,7.87112],[111.73178,7.87161],[111.73203,7.87215],[111.73225,7.8727],[111.73257,7.87311],[111.73293,7.87369],[111.73335,7.87413],[111.73477,7.87577],[111.73523,7.87617],[111.73561,7.87644],[111.7361,7.8765],[111.73651,7.87636],[111.73675,7.87618],[111.73705,7.87566],[111.73722,7.87517],[111.73735,7.87465],[111.73737,7.87403],[111.73739,7.8733],[111.73748,7.87247],[111.7375,7.87171],[111.73749,7.87105],[111.73751,7.87029],[111.73753,7.86977],[111.73772,7.86832],[111.73784,7.86759],[111.73821,7.86662],[111.73958,7.8602],[111.73985,7.85816],[111.73998,7.8574],[111.74007,7.85671],[111.74023,7.85594],[111.74042,7.85521],[111.7413,7.85212],[111.74169,7.85063],[111.74175,7.84991],[111.74177,7.84935],[111.74174,7.84738],[111.74158,7.84656],[111.7415,7.84548],[111.74154,7.8443],[111.74193,7.84243],[111.74188,7.83981],[111.74054,7.83838]]],[[[114.2517,7.82977],[114.25386,7.82853],[114.2564,7.82862],[114.2568,7.82541],[114.25815,7.81694],[114.25873,7.81355],[114.25932,7.81083],[114.26144,7.80841],[114.25919,7.80645],[114.25315,7.80512],[114.24887,7.80305],[114.24629,7.80145],[114.23823,7.80287],[114.23293,7.80657],[114.23132,7.80898],[114.22759,7.80858],[114.22579,7.80493],[114.22631,7.79968],[114.23151,7.79582],[114.23428,7.79253],[114.23468,7.78881],[114.23366,7.78294],[114.23307,7.78026],[114.22958,7.77936],[114.22635,7.78401],[114.22384,7.79066],[114.22294,7.79979],[114.22198,7.80437],[114.22347,7.80904],[114.22643,7.81216],[114.2342,7.81782],[114.24103,7.82032],[114.24594,7.82354],[114.2485,7.83004],[114.24681,7.83565],[114.25052,7.84111],[114.25631,7.84548],[114.25859,7.85385],[114.26051,7.86137],[114.26321,7.86956],[114.26995,7.87735],[114.27217,7.86996],[114.27315,7.86319],[114.27027,7.85467],[114.26951,7.852],[114.27076,7.84859],[114.26882,7.84595],[114.26491,7.84489],[114.2604,7.83811],[114.25679,7.8362],[114.25349,7.83309],[114.2517,7.82977]]],[[[112.9231,7.90046],[112.92403,7.89943],[112.9235,7.89982],[112.92248,7.896],[112.92101,7.89502],[112.9194,7.89449],[112.91879,7.89429],[112.91648,7.89362],[112.91114,7.89208],[112.91522,7.8954],[112.91629,7.89628],[112.91615,7.89747],[112.91607,7.89818],[112.91187,7.89566],[112.91916,7.90147],[112.92054,7.9019],[112.9231,7.90046]]],[[[114.48775,7.90219],[114.48374,7.89859],[114.4769,7.89511],[114.46893,7.89146],[114.46528,7.88853],[114.46048,7.88413],[114.46024,7.88907],[114.46346,7.89454],[114.46534,7.9004],[114.46439,7.90055],[114.47191,7.90028],[114.47488,7.90885],[114.47893,7.91379],[114.48059,7.91607],[114.4841,7.91888],[114.48024,7.92476],[114.4811,7.92911],[114.48271,7.93176],[114.48946,7.93104],[114.49878,7.92619],[114.50259,7.92354],[114.50412,7.91825],[114.50214,7.91459],[114.49888,7.9133],[114.49063,7.90624],[114.48775,7.90219]]],[[[111.72186,7.92383],[111.71725,7.92156],[111.71407,7.92189],[111.70847,7.92525],[111.70328,7.92822],[111.70029,7.93165],[111.69868,7.93597],[111.69832,7.93997],[111.69911,7.94467],[111.70142,7.94735],[111.70901,7.94808],[111.71901,7.94705],[111.7253,7.9453],[111.72899,7.94289],[111.73181,7.93917],[111.73356,7.93494],[111.73374,7.92969],[111.73286,7.9268],[111.72935,7.92452],[111.72454,7.92446],[111.72186,7.92383]]],[[[114.46937,7.9641],[114.46861,7.96144],[114.4727,7.9571],[114.47603,7.95564],[114.47869,7.95134],[114.47973,7.94676],[114.48031,7.9437],[114.48038,7.94067],[114.47537,7.93711],[114.4722,7.93586],[114.46952,7.93662],[114.46861,7.93968],[114.47172,7.94195],[114.47283,7.94495],[114.47155,7.94752],[114.4714,7.94993],[114.46915,7.95329],[114.4651,7.95986],[114.462,7.95793],[114.45743,7.95774],[114.45157,7.95944],[114.44588,7.9613],[114.44051,7.96248],[114.43658,7.96108],[114.43238,7.95649],[114.42892,7.95103],[114.42733,7.94349],[114.42893,7.94058],[114.42926,7.935],[114.42872,7.93114],[114.42728,7.92832],[114.42394,7.92943],[114.4208,7.93189],[114.41669,7.92999],[114.4099,7.92885],[114.40318,7.93024],[114.39856,7.92836],[114.39292,7.92617],[114.38728,7.92685],[114.38366,7.9246],[114.37774,7.92444],[114.37092,7.92769],[114.36188,7.93049],[114.35368,7.93311],[114.35162,7.93469],[114.3457,7.93436],[114.33943,7.93388],[114.33505,7.93418],[114.33186,7.93495],[114.32944,7.93317],[114.32453,7.92742],[114.32182,7.9216],[114.32066,7.91691],[114.31769,7.91076],[114.31367,7.90469],[114.30979,7.89942],[114.30503,7.89485],[114.30151,7.89023],[114.29628,7.88713],[114.28947,7.88565],[114.28802,7.88215],[114.28509,7.88022],[114.27797,7.88248],[114.28029,7.88603],[114.28538,7.89133],[114.29293,7.89912],[114.30116,7.90605],[114.30607,7.91236],[114.31029,7.91887],[114.31047,7.92477],[114.31586,7.9316],[114.32046,7.93641],[114.33164,7.9444],[114.34286,7.94951],[114.34755,7.94961],[114.35445,7.94833],[114.36361,7.94381],[114.36909,7.93871],[114.37402,7.93501],[114.377,7.93307],[114.38384,7.93572],[114.38948,7.93791],[114.39789,7.93934],[114.4051,7.943],[114.40892,7.94642],[114.40973,7.95078],[114.40774,7.95742],[114.40899,7.96227],[114.41406,7.96785],[114.42046,7.97254],[114.42394,7.9743],[114.43202,7.97677],[114.43697,7.97869],[114.44646,7.97872],[114.45322,7.97747],[114.45837,7.97444],[114.46368,7.97137],[114.46937,7.9641]]],[[[113.91899,8.01816],[113.92748,8.01621],[113.93187,8.01438],[113.93342,8.00887],[113.93492,8.00133],[113.93592,7.98933],[113.94194,7.98054],[113.94934,7.97256],[113.95895,7.96501],[113.9642,7.95895],[113.96525,7.95715],[113.9607,7.95212],[113.95321,7.95098],[113.94826,7.9492],[113.94391,7.95101],[113.94391,7.95767],[113.9428,7.96615],[113.93793,7.97373],[113.92361,7.98292],[113.91371,7.99233],[113.90125,8.00177],[113.89501,8.00485],[113.89208,8.01005],[113.89568,8.01643],[113.90061,8.02141],[113.9078,8.02155],[113.91899,8.01816]],[[113.92213,7.99013],[113.93304,7.98825],[113.93033,7.99655],[113.92919,8.00324],[113.92712,8.00885],[113.9241,8.01205],[113.91952,8.01529],[113.9149,8.01719],[113.9098,8.018],[113.90533,8.01724],[113.90188,8.01334],[113.90018,8.00851],[113.90796,8.0003],[113.92213,7.99013]]],[[[110.50178,8.07001],[110.49653,8.0699],[110.49229,8.07012],[110.49197,8.07114],[110.49573,8.07379],[110.49947,8.07527],[110.50199,8.07321],[110.50366,8.07133],[110.50178,8.07001]]],[[[110.63514,8.06141],[110.63809,8.05343],[110.63812,8.04279],[110.6347,8.03379],[110.63173,8.02656],[110.62923,8.01611],[110.62397,8.00849],[110.61799,8.00468],[110.61023,8.00663],[110.60468,8.00991],[110.60469,8.01039],[110.59709,8.01905],[110.59177,8.02689],[110.58866,8.03572],[110.58751,8.04494],[110.59041,8.06012],[110.59467,8.06911],[110.59948,8.07479],[110.60443,8.07727],[110.61307,8.07783],[110.621,8.07503],[110.624,8.07094],[110.62929,8.06724],[110.63514,8.06141]],[[110.59544,8.03614],[110.59931,8.03423],[110.60272,8.03622],[110.60841,8.03674],[110.61176,8.03399],[110.61205,8.02993],[110.6098,8.02641],[110.60742,8.02543],[110.60551,8.02241],[110.60718,8.01985],[110.61242,8.01928],[110.61276,8.01928],[110.61511,8.01806],[110.62216,8.01958],[110.62574,8.02156],[110.62528,8.02546],[110.62638,8.03186],[110.62637,8.03803],[110.62474,8.04312],[110.61888,8.04844],[110.61489,8.05406],[110.61086,8.05699],[110.60444,8.05825],[110.5991,8.0579],[110.59482,8.05389],[110.59304,8.04749],[110.59398,8.0414],[110.59544,8.03614]]],[[[110.46477,8.07771],[110.46154,8.07707],[110.45851,8.07846],[110.45921,8.08064],[110.46159,8.08112],[110.46566,8.08192],[110.46803,8.08138],[110.46834,8.07885],[110.46545,8.07804],[110.46477,8.07771]]],[[[114.13769,8.08005],[114.13295,8.07928],[114.12857,8.08017],[114.12564,8.08405],[114.1259,8.08753],[114.1274,8.09203],[114.13229,8.09781],[114.13784,8.10052],[114.14262,8.10008],[114.14802,8.09749],[114.14951,8.09437],[114.15007,8.09398],[114.15056,8.09153],[114.15032,8.08985],[114.14994,8.08967],[114.14802,8.08823],[114.14327,8.08649],[114.1385,8.08176],[114.13769,8.08005]]],[[[110.53778,8.1072],[110.53499,8.10633],[110.53414,8.10707],[110.53437,8.10854],[110.53585,8.10934],[110.53906,8.10947],[110.5415,8.10996],[110.54518,8.11312],[110.54688,8.11461],[110.54959,8.11639],[110.55253,8.1192],[110.55511,8.12124],[110.55568,8.12154],[110.55637,8.12153],[110.55645,8.12058],[110.556,8.11955],[110.55429,8.11723],[110.55078,8.11439],[110.54768,8.11275],[110.54526,8.10975],[110.54204,8.10757],[110.53778,8.1072]]],[[[110.45194,8.14446],[110.44702,8.14401],[110.44204,8.14415],[110.43936,8.14483],[110.43826,8.14662],[110.43873,8.14829],[110.44164,8.15046],[110.44572,8.15115],[110.44919,8.15094],[110.45234,8.14969],[110.45466,8.14794],[110.45507,8.14629],[110.45423,8.14486],[110.45194,8.14446]]],[[[110.48688,8.16217],[110.48153,8.16195],[110.47815,8.16216],[110.47732,8.16386],[110.47787,8.16774],[110.4806,8.16889],[110.48636,8.16882],[110.48992,8.16861],[110.49109,8.16724],[110.49115,8.16483],[110.48688,8.16217]]],[[[114.7308,8.16862],[114.74106,8.16344],[114.75576,8.16643],[114.7683,8.16741],[114.77647,8.16229],[114.77602,8.14845],[114.78345,8.14197],[114.80341,8.13534],[114.80923,8.12199],[114.81029,8.11268],[114.80791,8.10375],[114.80016,8.10054],[114.78794,8.10925],[114.7787,8.1241],[114.76434,8.1315],[114.74358,8.13425],[114.72352,8.13698],[114.70061,8.13772],[114.68298,8.12997],[114.67257,8.1303],[114.66504,8.13401],[114.64623,8.13253],[114.6314,8.12538],[114.62563,8.11864],[114.62476,8.11312],[114.62595,8.10685],[114.64084,8.09459],[114.65143,8.07707],[114.65934,8.07547],[114.66545,8.07595],[114.67531,8.07715],[114.68417,8.07872],[114.69381,8.08099],[114.70398,8.08117],[114.70958,8.08132],[114.7118,8.08193],[114.71816,8.07953],[114.72377,8.07782],[114.72694,8.0762],[114.73098,8.07539],[114.73645,8.07708],[114.73905,8.07868],[114.7428,8.07941],[114.74858,8.08023],[114.75239,8.08264],[114.76192,8.08656],[114.76656,8.08861],[114.77039,8.09203],[114.77615,8.09726],[114.77913,8.10003],[114.78321,8.09804],[114.7874,8.09672],[114.78581,8.09457],[114.77937,8.08954],[114.77279,8.08502],[114.76658,8.08168],[114.75415,8.07701],[114.74488,8.07325],[114.73844,8.07295],[114.73564,8.07034],[114.72735,8.07044],[114.71632,8.07266],[114.70929,8.07508],[114.70323,8.07629],[114.6993,8.07506],[114.6903,8.07451],[114.68272,8.07323],[114.67438,8.07198],[114.66608,8.0719],[114.66095,8.07038],[114.65874,8.07011],[114.65441,8.06955],[114.65036,8.07001],[114.64851,8.07058],[114.63436,8.09084],[114.62979,8.09622],[114.62479,8.10382],[114.62063,8.10615],[114.6184,8.10573],[114.59768,8.10509],[114.58596,8.10664],[114.57389,8.105],[114.56521,8.10375],[114.55718,8.10417],[114.54828,8.10107],[114.53853,8.098],[114.53137,8.0967],[114.5238,8.09559],[114.51716,8.09445],[114.51175,8.09461],[114.50928,8.09689],[114.51175,8.09985],[114.51791,8.10743],[114.52357,8.11486],[114.52595,8.11783],[114.5323,8.12067],[114.53943,8.12112],[114.54569,8.1211],[114.55329,8.12035],[114.55925,8.12134],[114.56641,8.12568],[114.56975,8.12685],[114.57353,8.12842],[114.57625,8.12885],[114.57995,8.12805],[114.58367,8.12777],[114.5887,8.13133],[114.59612,8.13565],[114.60057,8.1372],[114.60742,8.13682],[114.61404,8.13745],[114.61728,8.13769],[114.63704,8.14946],[114.66564,8.1527],[114.694,8.16981],[114.70874,8.17419],[114.7308,8.16862]]],[[[116.60481,8.20729],[116.60062,8.20692],[116.59541,8.20828],[116.59171,8.21025],[116.58858,8.21431],[116.58822,8.21745],[116.58852,8.22071],[116.59012,8.2236],[116.59372,8.2269],[116.60006,8.2291],[116.60322,8.22995],[116.60633,8.22949],[116.61036,8.22736],[116.61352,8.22427],[116.61533,8.22043],[116.61488,8.21749],[116.61256,8.21316],[116.60918,8.20941],[116.60481,8.20729]]],[[[113.35147,8.22078],[113.34254,8.20315],[113.33682,8.19407],[113.32223,8.16975],[113.30821,8.15396],[113.30486,8.15012],[113.28829,8.13525],[113.2797,8.12743],[113.2639,8.10879],[113.2491,8.09575],[113.241,8.0869],[113.22946,8.08078],[113.22494,8.08165],[113.22524,8.08644],[113.22827,8.09132],[113.23305,8.09735],[113.24185,8.1037],[113.24742,8.10715],[113.25106,8.10877],[113.25429,8.11484],[113.25861,8.12276],[113.26535,8.12882],[113.27045,8.13399],[113.2753,8.14292],[113.28256,8.1623],[113.29031,8.18047],[113.29247,8.18486],[113.29947,8.19382],[113.30841,8.20163],[113.31489,8.20727],[113.32823,8.21624],[113.33592,8.2222],[113.34105,8.22856],[113.34795,8.24026],[113.35025,8.2496],[113.35036,8.25703],[113.34932,8.26491],[113.35046,8.27289],[113.35114,8.27744],[113.35646,8.28414],[113.35939,8.29141],[113.36142,8.29401],[113.36366,8.29412],[113.36457,8.28965],[113.36414,8.27958],[113.36267,8.26919],[113.36011,8.25311],[113.35853,8.24512],[113.35235,8.22827],[113.35147,8.22078]],[[113.27616,8.13438],[113.27765,8.13157],[113.28948,8.14148],[113.30638,8.15771],[113.32635,8.18074],[113.3346,8.19841],[113.34441,8.2157],[113.33821,8.21752],[113.32773,8.20824],[113.31156,8.19466],[113.29992,8.18386],[113.29005,8.16368],[113.27616,8.13438]]],[[[115.19961,8.38345],[115.20662,8.37561],[115.21043,8.37092],[115.21319,8.36762],[115.21685,8.3658],[115.22362,8.36574],[115.23254,8.36425],[115.23928,8.36351],[115.2447,8.36095],[115.24911,8.36148],[115.25394,8.36401],[115.26282,8.36606],[115.27004,8.36446],[115.27503,8.36192],[115.28121,8.35715],[115.28007,8.35364],[115.27735,8.34851],[115.27279,8.34394],[115.2667,8.34179],[115.26146,8.3418],[115.25531,8.34522],[115.25186,8.34805],[115.24566,8.34995],[115.24105,8.34859],[115.22899,8.34749],[115.21642,8.3486],[115.20507,8.34815],[115.1978,8.34857],[115.19466,8.35054],[115.18919,8.35646],[115.18019,8.36521],[115.17139,8.37514],[115.16983,8.3789],[115.17159,8.38087],[115.17775,8.38285],[115.18442,8.38482],[115.19262,8.3869],[115.19633,8.38643],[115.19961,8.38345]],[[115.19907,8.35325],[115.20498,8.35288],[115.21025,8.35354],[115.21685,8.35365],[115.22009,8.35421],[115.22116,8.35586],[115.21736,8.35853],[115.20973,8.36284],[115.20433,8.36826],[115.1993,8.37451],[115.19542,8.37735],[115.18903,8.37841],[115.18645,8.37732],[115.18449,8.37452],[115.18459,8.37266],[115.18468,8.37012],[115.19029,8.36605],[115.19412,8.35933],[115.19653,8.3557],[115.19907,8.35325]]],[[[114.59254,8.48432],[114.58173,8.47316],[114.57484,8.48077],[114.57272,8.48251],[114.57467,8.48735],[114.5856,8.49246],[114.58883,8.49663],[114.59254,8.48432]]],[[[111.91627,8.63997],[111.91565,8.6399],[111.91407,8.64121],[111.91411,8.6435],[111.91578,8.64603],[111.91727,8.64762],[111.91889,8.6475],[111.92119,8.64695],[111.92228,8.64582],[111.92201,8.64489],[111.92035,8.64347],[111.918,8.64105],[111.91627,8.63997]]],[[[111.6941,8.68457],[111.69207,8.68077],[111.68853,8.67679],[111.68084,8.67232],[111.67172,8.6695],[111.66841,8.66875],[111.66133,8.66989],[111.65373,8.67079],[111.64932,8.67066],[111.64392,8.67016],[111.6407,8.67175],[111.64089,8.67277],[111.64123,8.67745],[111.64377,8.67855],[111.64937,8.6805],[111.65725,8.68147],[111.66052,8.68227],[111.66467,8.68224],[111.66915,8.68403],[111.67452,8.68777],[111.67902,8.69068],[111.68131,8.69179],[111.68554,8.69368],[111.68896,8.69361],[111.69158,8.69178],[111.69409,8.68858],[111.6941,8.68457]]],[[[114.19112,8.73761],[114.19365,8.7363],[114.19433,8.73318],[114.19784,8.72953],[114.19749,8.72357],[114.19626,8.71781],[114.19545,8.71337],[114.19544,8.70597],[114.19597,8.70117],[114.19742,8.69751],[114.19993,8.69399],[114.20461,8.68964],[114.2067,8.68731],[114.20714,8.68537],[114.20414,8.68369],[114.19833,8.68117],[114.19271,8.67926],[114.18865,8.67213],[114.1829,8.66902],[114.17896,8.66703],[114.17631,8.66753],[114.17475,8.6717],[114.17175,8.67843],[114.16996,8.68496],[114.16794,8.69073],[114.16872,8.6987],[114.16921,8.70373],[114.17051,8.70898],[114.17123,8.71333],[114.16921,8.71793],[114.16509,8.72403],[114.16341,8.72845],[114.16293,8.73225],[114.16039,8.73484],[114.1572,8.73981],[114.15799,8.74357],[114.16097,8.74719],[114.16239,8.74824],[114.16487,8.74923],[114.16822,8.74812],[114.17336,8.7452],[114.18061,8.74212],[114.18595,8.74003],[114.19112,8.73761]],[[114.17781,8.67816],[114.18202,8.67403],[114.18868,8.67907],[114.19938,8.68852],[114.19639,8.69449],[114.19121,8.71199],[114.19376,8.72456],[114.19089,8.73235],[114.18173,8.73663],[114.17424,8.7347],[114.17187,8.72798],[114.17573,8.71214],[114.17757,8.70129],[114.17702,8.69329],[114.17587,8.68562],[114.17781,8.67816]]],[[[112.21715,8.82674],[112.21465,8.82585],[112.21244,8.82666],[112.2112,8.82873],[112.21095,8.83022],[112.21364,8.83089],[112.21673,8.8316],[112.21917,8.83351],[112.22106,8.83389],[112.22336,8.83342],[112.22392,8.83137],[112.22217,8.8297],[112.21973,8.82762],[112.21715,8.82674]]],[[[113.94297,8.83505],[113.946,8.83292],[113.95014,8.83383],[113.95807,8.83496],[113.96769,8.83571],[113.97863,8.83438],[113.98519,8.83555],[113.99471,8.83255],[113.99776,8.83144],[114.00728,8.82978],[114.01595,8.82524],[114.021,8.82098],[114.02515,8.8212],[114.03037,8.8226],[114.03379,8.82164],[114.0359,8.81677],[114.03756,8.80865],[114.0403,8.80222],[114.04365,8.79869],[114.04862,8.79752],[114.05324,8.79601],[114.05694,8.79274],[114.05965,8.78527],[114.05941,8.77703],[114.06082,8.77235],[114.06245,8.76886],[114.06165,8.76528],[114.05454,8.76411],[114.04746,8.76363],[114.04051,8.76795],[114.03151,8.77302],[114.02476,8.77236],[114.01768,8.77222],[114.00988,8.7709],[114.00297,8.77058],[113.99852,8.77477],[113.99044,8.78012],[113.97928,8.78556],[113.964,8.79111],[113.95187,8.79863],[113.93869,8.80549],[113.92923,8.81053],[113.92415,8.81272],[113.91937,8.81354],[113.91397,8.81677],[113.90824,8.82034],[113.90142,8.8219],[113.8981,8.82575],[113.90131,8.83009],[113.90452,8.8341],[113.90844,8.83945],[113.91128,8.84278],[113.91644,8.84297],[113.92978,8.84157],[113.93858,8.83757],[113.94297,8.83505]],[[114.00725,8.77658],[114.01808,8.77611],[114.03084,8.7779],[114.04086,8.7692],[114.05074,8.76993],[114.05366,8.7721],[114.04943,8.77798],[114.04282,8.78496],[114.03475,8.79506],[114.02513,8.80552],[114.00812,8.81711],[114.00175,8.82192],[113.98941,8.82382],[113.97615,8.82605],[113.94862,8.82776],[113.931,8.82934],[113.92321,8.82802],[113.92129,8.82561],[113.92206,8.82034],[113.93507,8.80918],[113.9852,8.78554],[114.00725,8.77658]]],[[[112.57915,8.84256],[112.57932,8.84256],[112.59121,8.84336],[112.59859,8.84302],[112.60943,8.84238],[112.6156,8.84139],[112.62735,8.83732],[112.63693,8.83488],[112.64698,8.83172],[112.65473,8.83113],[112.66252,8.82826],[112.66726,8.82631],[112.67101,8.82469],[112.67232,8.82157],[112.66763,8.81962],[112.65518,8.81682],[112.64605,8.81675],[112.63266,8.81739],[112.62444,8.81708],[112.61151,8.81548],[112.59169,8.80784],[112.58299,8.80625],[112.57204,8.80826],[112.56367,8.80709],[112.55887,8.81143],[112.55592,8.81537],[112.55529,8.81766],[112.5514,8.82545],[112.54781,8.82912],[112.54597,8.83507],[112.54588,8.83918],[112.54614,8.84311],[112.54894,8.84511],[112.55477,8.84429],[112.56162,8.84329],[112.57193,8.84289],[112.57915,8.84256]]],[[[114.66032,8.84645],[114.66047,8.84704],[114.66247,8.84802],[114.66032,8.84645]]],[[[112.8568,8.8601],[112.86002,8.8601],[112.85563,8.8591],[112.8568,8.8601]]],[[[114.66247,8.84802],[114.66584,8.85048],[114.6722,8.85466],[114.67438,8.85644],[114.67329,8.85935],[114.67053,8.86188],[114.66579,8.86195],[114.65555,8.85949],[114.64977,8.85731],[114.64615,8.85541],[114.64291,8.85222],[114.64071,8.84942],[114.63977,8.84515],[114.63895,8.84088],[114.64013,8.83679],[114.64125,8.83482],[114.64267,8.83401],[114.64548,8.83451],[114.64973,8.83775],[114.6552,8.84196],[114.6603,8.84644],[114.66032,8.84645],[114.65945,8.84313],[114.65609,8.84009],[114.65177,8.83423],[114.64579,8.82995],[114.6411,8.82732],[114.63889,8.8268],[114.63396,8.82796],[114.63217,8.83021],[114.63323,8.83405],[114.63442,8.83696],[114.63427,8.84008],[114.63414,8.84786],[114.63347,8.85336],[114.63534,8.8576],[114.64048,8.86225],[114.64782,8.8653],[114.65938,8.86915],[114.66513,8.87032],[114.67114,8.87021],[114.67878,8.87081],[114.68356,8.87082],[114.68581,8.87245],[114.68515,8.86766],[114.68144,8.86263],[114.67676,8.8578],[114.67077,8.85208],[114.66247,8.84802]]],[[[112.8568,8.8601],[112.85262,8.8601],[112.83897,8.86028],[112.83023,8.86186],[112.82432,8.86206],[112.81829,8.8663],[112.81423,8.86913],[112.81156,8.87296],[112.8106,8.87573],[112.81304,8.87738],[112.81649,8.87748],[112.82417,8.87473],[112.82915,8.87444],[112.83457,8.87089],[112.84004,8.86939],[112.84606,8.86943],[112.84984,8.86882],[112.85635,8.86782],[112.85955,8.865],[112.85932,8.86226],[112.8568,8.8601]]],[[[112.23327,8.87944],[112.23091,8.87499],[112.22781,8.87282],[112.22659,8.87188],[112.2237,8.8749],[112.21809,8.87796],[112.21029,8.87684],[112.19797,8.87351],[112.18745,8.86439],[112.1821,8.86092],[112.1817,8.85327],[112.18539,8.84579],[112.19032,8.83995],[112.19001,8.83661],[112.18231,8.83569],[112.17186,8.84164],[112.17407,8.85618],[112.19685,8.87771],[112.21303,8.88205],[112.21763,8.88363],[112.23205,8.88381],[112.23327,8.87944]]],[[[112.25519,8.888],[112.25839,8.8853],[112.26099,8.88269],[112.26272,8.87951],[112.26321,8.87422],[112.26194,8.87084],[112.25995,8.86762],[112.25767,8.86469],[112.25567,8.86228],[112.25503,8.8615],[112.25479,8.86127],[112.2522,8.85879],[112.24987,8.85782],[112.24869,8.85895],[112.24865,8.86108],[112.25024,8.8636],[112.25261,8.86645],[112.25519,8.86725],[112.25754,8.86908],[112.25829,8.87205],[112.26026,8.87426],[112.26016,8.87759],[112.25861,8.88128],[112.25643,8.88346],[112.25377,8.88509],[112.24864,8.8857],[112.2435,8.8853],[112.2405,8.88493],[112.23973,8.88512],[112.23836,8.8868],[112.24288,8.8886],[112.24761,8.88944],[112.2517,8.88884],[112.25519,8.888]]],[[[116.30751,8.91308],[116.31125,8.91073],[116.31043,8.90737],[116.30474,8.90132],[116.29878,8.89291],[116.29315,8.87787],[116.28955,8.8731],[116.28127,8.86834],[116.27137,8.86771],[116.26471,8.87079],[116.26688,8.8789],[116.27023,8.89012],[116.27169,8.90107],[116.27366,8.90561],[116.27618,8.90907],[116.28004,8.9118],[116.28429,8.91163],[116.28938,8.91109],[116.29571,8.91203],[116.30142,8.91417],[116.30434,8.91474],[116.30751,8.91308]],[[116.27646,8.87463],[116.2805,8.87447],[116.28502,8.87684],[116.28875,8.88059],[116.29319,8.88957],[116.29777,8.89753],[116.3006,8.90216],[116.3011,8.90621],[116.2952,8.90764],[116.28803,8.90724],[116.28047,8.90568],[116.27825,8.90119],[116.27736,8.89596],[116.27608,8.88957],[116.27427,8.88269],[116.27371,8.87729],[116.27646,8.87463]]],[[[112.35042,8.92919],[112.3475,8.92857],[112.346,8.92863],[112.34493,8.92934],[112.34391,8.93099],[112.34383,8.93227],[112.34461,8.93367],[112.34621,8.93491],[112.34808,8.93555],[112.34881,8.9356],[112.3507,8.93573],[112.35215,8.93551],[112.35303,8.93478],[112.35345,8.93337],[112.35346,8.93331],[112.35322,8.93223],[112.35201,8.93039],[112.35102,8.92965],[112.35042,8.92919]]],[[[113.70369,8.96737],[113.69913,8.96492],[113.69638,8.95882],[113.693,8.95513],[113.6872,8.95134],[113.68039,8.94826],[113.67357,8.94785],[113.66531,8.94859],[113.6561,8.94626],[113.64928,8.94284],[113.64371,8.9411],[113.64063,8.9387],[113.6379,8.93963],[113.63695,8.94292],[113.63725,8.94737],[113.63851,8.9494],[113.63911,8.94946],[113.64304,8.95432],[113.64731,8.95901],[113.65572,8.96393],[113.66269,8.96631],[113.66682,8.96586],[113.67025,8.96542],[113.67529,8.96665],[113.6836,8.9678],[113.68811,8.96854],[113.69185,8.96976],[113.6987,8.97421],[113.70312,8.97804],[113.70819,8.98047],[113.71355,8.98101],[113.72016,8.97964],[113.7169,8.97749],[113.7135,8.97277],[113.70942,8.96876],[113.70369,8.96737]]],[[[116.68273,9.02242],[116.67904,9.02173],[116.67439,9.02192],[116.66455,9.02598],[116.6589,9.02902],[116.65448,9.03622],[116.65236,9.04613],[116.65276,9.05061],[116.65454,9.05278],[116.65744,9.05462],[116.66201,9.05598],[116.66619,9.05493],[116.67297,9.05019],[116.67921,9.04418],[116.68436,9.03919],[116.68586,9.03557],[116.68677,9.03148],[116.68569,9.02566],[116.68273,9.02242]]],[[[116.49734,9.17618],[116.49566,9.1748],[116.4919,9.17399],[116.48687,9.17387],[116.48287,9.175],[116.4814,9.1749],[116.48005,9.17737],[116.48182,9.181],[116.48412,9.18187],[116.48928,9.18134],[116.49346,9.18037],[116.49663,9.17863],[116.49734,9.17618]]],[[[113.668,9.205],[113.66602,9.2042],[113.66428,9.20569],[113.66292,9.20894],[113.66237,9.21048],[113.6622,9.21073],[113.66195,9.21387],[113.6625,9.21521],[113.66362,9.21602],[113.66473,9.21599],[113.66716,9.21449],[113.66884,9.21368],[113.66974,9.21248],[113.6702,9.21069],[113.66924,9.20665],[113.668,9.205]]],[[[115.93014,9.32495],[115.93279,9.32401],[115.93506,9.3243],[115.93971,9.32398],[115.9425,9.32317],[115.9453,9.3225],[115.94844,9.32323],[115.95198,9.32351],[115.95486,9.32481],[115.95724,9.3243],[115.96031,9.32334],[115.96274,9.3203],[115.9629,9.31706],[115.96083,9.31476],[115.95523,9.31244],[115.9497,9.31195],[115.94413,9.31048],[115.93712,9.31187],[115.9315,9.3125],[115.92479,9.31093],[115.91855,9.31019],[115.91187,9.30932],[115.90787,9.30978],[115.90422,9.31048],[115.90155,9.311],[115.89967,9.31332],[115.90073,9.31539],[115.90263,9.317],[115.90504,9.31705],[115.90828,9.31679],[115.91294,9.31689],[115.91636,9.31747],[115.91944,9.32044],[115.92306,9.32269],[115.92568,9.32484],[115.93014,9.32495]]],[[[115.44655,9.41619],[115.44969,9.40777],[115.45149,9.4014],[115.45319,9.39118],[115.45426,9.3788],[115.45477,9.37128],[115.45835,9.36603],[115.46053,9.36384],[115.46146,9.36171],[115.46036,9.35928],[115.4548,9.35554],[115.44988,9.3505],[115.4462,9.34807],[115.44195,9.34758],[115.43683,9.3485],[115.43179,9.35032],[115.42864,9.35227],[115.426,9.35794],[115.42445,9.36348],[115.421,9.37376],[115.41989,9.37993],[115.42257,9.38541],[115.42651,9.39396],[115.4283,9.39765],[115.43305,9.40297],[115.4373,9.40858],[115.43864,9.41393],[115.44089,9.41751],[115.44249,9.41846],[115.44535,9.41735],[115.44655,9.41619]],[[115.43765,9.35285],[115.44319,9.35203],[115.44847,9.35438],[115.45451,9.35993],[115.45481,9.36303],[115.45241,9.36796],[115.45199,9.37017],[115.44992,9.374],[115.44976,9.37739],[115.45095,9.38347],[115.4501,9.38799],[115.44793,9.39529],[115.4469,9.3999],[115.44599,9.40524],[115.44412,9.40842],[115.44063,9.40735],[115.43874,9.40321],[115.43365,9.39617],[115.43044,9.39134],[115.42679,9.38315],[115.42546,9.37944],[115.42655,9.37263],[115.42925,9.36339],[115.43287,9.35796],[115.43765,9.35285]]],[[[116.92753,9.44074],[116.92603,9.44052],[116.92446,9.442],[116.92176,9.44416],[116.91969,9.44714],[116.91871,9.45063],[116.91985,9.45333],[116.9229,9.45658],[116.92544,9.45964],[116.92857,9.46233],[116.93138,9.4634],[116.93423,9.46215],[116.93642,9.46037],[116.93757,9.45898],[116.93759,9.45875],[116.9373,9.45603],[116.93639,9.45311],[116.93597,9.44996],[116.93591,9.44778],[116.93385,9.44611],[116.93122,9.44411],[116.92936,9.44214],[116.92753,9.44074]]],[[[114.02046,9.54074],[114.02224,9.54001],[114.02332,9.53913],[114.02372,9.5381],[114.02368,9.53657],[114.02243,9.5349],[114.0204,9.53284],[114.01908,9.5316],[114.01752,9.53088],[114.01662,9.53218],[114.01551,9.53527],[114.01497,9.53733],[114.01468,9.53912],[114.01617,9.54035],[114.01754,9.54031],[114.01935,9.54085],[114.02046,9.54074]]],[[[116.16923,9.59527],[116.16649,9.59425],[116.16366,9.59436],[116.16142,9.59501],[116.15981,9.59732],[116.16051,9.60081],[116.16165,9.60457],[116.16461,9.60769],[116.16854,9.61021],[116.17206,9.61137],[116.17316,9.60863],[116.17259,9.60485],[116.17198,9.60037],[116.17099,9.59675],[116.16923,9.59527]]],[[[113.05622,9.68393],[113.05263,9.67929],[113.04491,9.67433],[113.0353,9.66841],[113.02751,9.66235],[113.02009,9.65894],[113.01145,9.64953],[113.00316,9.64219],[112.9986,9.63639],[112.98826,9.62847],[112.97945,9.62227],[112.96891,9.61695],[112.95669,9.60905],[112.94827,9.6047],[112.9447,9.60344],[112.93976,9.60298],[112.93364,9.60353],[112.92905,9.60324],[112.92434,9.60138],[112.91732,9.59705],[112.91237,9.59337],[112.90546,9.5883],[112.90096,9.58479],[112.9003,9.58427],[112.89416,9.57626],[112.88919,9.57359],[112.88097,9.57371],[112.87905,9.57508],[112.87897,9.57781],[112.88158,9.58251],[112.88741,9.58804],[112.8933,9.59313],[112.89675,9.59629],[112.89857,9.59679],[112.90037,9.59844],[112.90291,9.60192],[112.90519,9.60506],[112.90805,9.60945],[112.91166,9.61525],[112.91421,9.61879],[112.91661,9.62247],[112.91962,9.62714],[112.9216,9.63102],[112.92354,9.63434],[112.92611,9.63832],[112.92933,9.64559],[112.93206,9.65099],[112.93631,9.65894],[112.9426,9.6677],[112.94824,9.67331],[112.95795,9.67941],[112.96282,9.68393],[112.97419,9.69261],[112.97754,9.68429],[112.96106,9.6687],[112.92243,9.61651],[112.92855,9.6078],[112.94123,9.60922],[112.96336,9.62068],[112.99912,9.64895],[113.02841,9.67108],[113.02632,9.6797],[113.02654,9.68883],[113.02887,9.68992],[113.03615,9.68175],[113.04139,9.68448],[113.04903,9.69114],[113.0542,9.71443],[113.05246,9.71699],[113.0556,9.7208],[113.05932,9.72366],[113.06139,9.72496],[113.06403,9.72498],[113.06655,9.7247],[113.06701,9.7239],[113.06808,9.7189],[113.06811,9.71325],[113.06723,9.70669],[113.06633,9.70114],[113.06205,9.69458],[113.05844,9.68925],[113.05622,9.68393]]],[[[114.28251,9.71977],[114.28494,9.71851],[114.28805,9.72027],[114.28933,9.72302],[114.29054,9.72375],[114.29166,9.72152],[114.28994,9.71532],[114.2878,9.70922],[114.28427,9.70358],[114.27991,9.70008],[114.27566,9.69869],[114.27156,9.70092],[114.27039,9.70417],[114.27079,9.70905],[114.27072,9.71235],[114.27057,9.71717],[114.27077,9.72113],[114.27133,9.72551],[114.27147,9.72863],[114.27276,9.7318],[114.27575,9.73517],[114.27818,9.73687],[114.27992,9.738],[114.28258,9.73784],[114.28167,9.73555],[114.2803,9.7323],[114.27841,9.72907],[114.27901,9.72635],[114.28101,9.72207],[114.28251,9.71977]]],[[[114.31096,9.73495],[114.30907,9.73441],[114.30809,9.73571],[114.30894,9.7383],[114.3097,9.74106],[114.31157,9.74362],[114.31258,9.74604],[114.31342,9.74665],[114.31505,9.7463],[114.31728,9.74387],[114.31773,9.742],[114.31689,9.7395],[114.31463,9.73813],[114.31253,9.73608],[114.31096,9.73495]]],[[[116.53906,9.74178],[116.54641,9.74106],[116.55332,9.74176],[116.56032,9.74289],[116.56682,9.74234],[116.57369,9.74375],[116.57776,9.74443],[116.58126,9.7433],[116.58487,9.74146],[116.58976,9.73618],[116.5928,9.73409],[116.59674,9.7335],[116.60066,9.73221],[116.60342,9.72858],[116.60667,9.72492],[116.60991,9.72098],[116.61197,9.71582],[116.61193,9.71315],[116.61055,9.71081],[116.60721,9.70883],[116.60374,9.70728],[116.60035,9.70785],[116.59508,9.7106],[116.58886,9.71452],[116.5848,9.71595],[116.57821,9.71594],[116.57234,9.71477],[116.56974,9.71361],[116.56571,9.71561],[116.56315,9.71895],[116.56154,9.72128],[116.55835,9.72282],[116.55411,9.72327],[116.55084,9.72495],[116.54864,9.72659],[116.54476,9.72873],[116.53943,9.73021],[116.53648,9.73104],[116.53378,9.73087],[116.53011,9.73144],[116.52668,9.73073],[116.52359,9.72973],[116.52148,9.73024],[116.51968,9.7313],[116.51828,9.73164],[116.51746,9.72899],[116.51531,9.72514],[116.5128,9.72284],[116.51114,9.72037],[116.50819,9.71768],[116.50673,9.71323],[116.5058,9.7096],[116.5041,9.70615],[116.50133,9.70443],[116.49657,9.70251],[116.49386,9.70205],[116.49135,9.70328],[116.4838,9.70584],[116.48066,9.70893],[116.47684,9.71247],[116.47352,9.71641],[116.4679,9.72114],[116.46612,9.72615],[116.46235,9.73109],[116.45879,9.73603],[116.4571,9.73976],[116.4562,9.74205],[116.45144,9.74689],[116.44699,9.74904],[116.44631,9.75077],[116.44678,9.75199],[116.44806,9.75276],[116.44991,9.75248],[116.45205,9.75127],[116.45513,9.75044],[116.45602,9.74787],[116.45984,9.74405],[116.46221,9.74297],[116.46428,9.73993],[116.46533,9.73453],[116.46695,9.73235],[116.46811,9.72962],[116.47038,9.72615],[116.47149,9.72551],[116.47414,9.72286],[116.47967,9.71573],[116.48464,9.71243],[116.48887,9.70831],[116.49555,9.70861],[116.49888,9.71044],[116.50288,9.7162],[116.50854,9.72259],[116.51496,9.73206],[116.51616,9.73708],[116.51673,9.74058],[116.51427,9.74632],[116.51311,9.75131],[116.51368,9.755],[116.51504,9.75783],[116.51914,9.75642],[116.52436,9.75013],[116.52889,9.74628],[116.53389,9.74368],[116.53906,9.74178]]],[[[114.32703,9.74992],[114.32574,9.74954],[114.32431,9.75191],[114.32471,9.75472],[114.32453,9.75701],[114.32528,9.75927],[114.32616,9.76034],[114.32769,9.76038],[114.32866,9.75858],[114.32904,9.75721],[114.33001,9.75541],[114.33029,9.75346],[114.32794,9.75167],[114.32703,9.74992]]],[[[116.44135,9.749],[116.43943,9.7485],[116.43829,9.7489],[116.43579,9.75041],[116.43462,9.75285],[116.42978,9.75939],[116.42955,9.76019],[116.42981,9.76141],[116.43088,9.76219],[116.43336,9.76622],[116.43504,9.76556],[116.43605,9.7627],[116.44001,9.75873],[116.44332,9.75832],[116.44697,9.75582],[116.44449,9.75179],[116.44328,9.75057],[116.44135,9.749]]],[[[114.34045,9.75889],[114.33923,9.75792],[114.33672,9.75909],[114.33544,9.76192],[114.33478,9.7638],[114.33437,9.76584],[114.33524,9.76632],[114.33681,9.76509],[114.33848,9.76377],[114.34082,9.76252],[114.34162,9.76089],[114.34045,9.75889]]],[[[116.51058,9.76048],[116.50957,9.75599],[116.50487,9.75741],[116.50203,9.76091],[116.49715,9.76646],[116.49441,9.77038],[116.49401,9.77145],[116.4965,9.77135],[116.50033,9.76788],[116.50798,9.76405],[116.51058,9.76048]]],[[[114.3477,9.76493],[114.34673,9.76369],[114.34538,9.76415],[114.34445,9.76705],[114.34401,9.76926],[114.34339,9.77131],[114.34417,9.77188],[114.34603,9.77157],[114.34752,9.77026],[114.34816,9.76872],[114.34809,9.76669],[114.3477,9.76493]]],[[[114.25822,9.75974],[114.25669,9.75962],[114.25486,9.76119],[114.25315,9.76361],[114.25159,9.76534],[114.24926,9.7671],[114.24814,9.76941],[114.24895,9.7737],[114.25016,9.77577],[114.25152,9.77835],[114.25233,9.77904],[114.25448,9.77789],[114.25569,9.77583],[114.25728,9.77232],[114.25932,9.76939],[114.26113,9.7674],[114.262,9.76526],[114.26211,9.76332],[114.26032,9.76162],[114.25822,9.75974]]],[[[116.49119,9.77363],[116.49028,9.7735],[116.48697,9.77575],[116.48284,9.77888],[116.48277,9.78097],[116.48655,9.78205],[116.49085,9.77697],[116.49247,9.77508],[116.49119,9.77363]]],[[[114.38445,9.78225],[114.38191,9.77987],[114.37929,9.77792],[114.37611,9.77675],[114.37377,9.77556],[114.36899,9.77503],[114.36233,9.77447],[114.36089,9.7746],[114.36044,9.77647],[114.36093,9.77865],[114.36105,9.77966],[114.36286,9.78179],[114.36454,9.78393],[114.36558,9.78466],[114.36648,9.78337],[114.36788,9.78172],[114.3694,9.78142],[114.37117,9.78077],[114.37535,9.78115],[114.37919,9.78283],[114.38162,9.78428],[114.38351,9.78481],[114.38475,9.78393],[114.38445,9.78225]]],[[[116.42855,9.7977],[116.43263,9.79684],[116.43566,9.79688],[116.43929,9.7977],[116.43995,9.79355],[116.43822,9.79052],[116.43542,9.78795],[116.43244,9.78455],[116.42872,9.78047],[116.42449,9.77754],[116.42417,9.77488],[116.42589,9.77185],[116.42954,9.77085],[116.42992,9.76904],[116.42839,9.76724],[116.4266,9.76579],[116.42056,9.76914],[116.41813,9.77219],[116.41755,9.77532],[116.41782,9.77841],[116.4184,9.78205],[116.41696,9.7869],[116.41528,9.79091],[116.41602,9.79511],[116.41764,9.79659],[116.42023,9.79748],[116.42472,9.79786],[116.42855,9.7977]]],[[[114.39645,9.78915],[114.39432,9.78913],[114.3927,9.79028],[114.39164,9.79318],[114.39103,9.79565],[114.38955,9.7973],[114.38991,9.80059],[114.39164,9.80274],[114.39363,9.80403],[114.39669,9.80385],[114.40038,9.80188],[114.40237,9.80021],[114.40446,9.79905],[114.40585,9.79714],[114.40554,9.79529],[114.40335,9.79342],[114.40132,9.79103],[114.39813,9.78977],[114.39645,9.78915]]],[[[115.892,9.79768],[115.89288,9.79404],[115.89272,9.79059],[115.89177,9.78669],[115.89128,9.7844],[115.88874,9.77584],[115.88616,9.77049],[115.88449,9.76511],[115.88236,9.7572],[115.87988,9.74967],[115.87811,9.74449],[115.87711,9.73455],[115.87456,9.72946],[115.87188,9.72325],[115.87031,9.71956],[115.86907,9.71562],[115.86657,9.71134],[115.86467,9.70598],[115.86259,9.69917],[115.85966,9.69572],[115.85772,9.68926],[115.85469,9.68386],[115.84695,9.66736],[115.84571,9.66763],[115.84913,9.68822],[115.85015,9.69438],[115.84976,9.70194],[115.85026,9.70598],[115.85226,9.71233],[115.85254,9.71987],[115.85361,9.72557],[115.85459,9.72922],[115.85476,9.73152],[115.8536,9.73833],[115.85355,9.74631],[115.8517,9.75269],[115.85263,9.7547],[115.85195,9.75788],[115.85177,9.76341],[115.84984,9.76575],[115.8472,9.7681],[115.84655,9.77092],[115.84619,9.7733],[115.84824,9.77818],[115.85174,9.78357],[115.85451,9.78786],[115.85683,9.79116],[115.85812,9.7954],[115.86132,9.80011],[115.8649,9.80267],[115.86862,9.8049],[115.87088,9.80657],[115.87612,9.80704],[115.88401,9.80495],[115.88778,9.80311],[115.88942,9.80149],[115.892,9.79768]],[[115.85538,9.70556],[115.85583,9.7025],[115.8573,9.70256],[115.85982,9.70449],[115.8615,9.70691],[115.86287,9.71012],[115.86443,9.71536],[115.86519,9.71894],[115.86637,9.72318],[115.86904,9.7277],[115.87187,9.73187],[115.87329,9.73633],[115.87433,9.73989],[115.87481,9.74495],[115.87524,9.75045],[115.87692,9.75557],[115.8787,9.76215],[115.88056,9.76625],[115.88224,9.77171],[115.88328,9.77652],[115.88535,9.78016],[115.88582,9.78375],[115.88503,9.78682],[115.88308,9.79061],[115.87991,9.79366],[115.87588,9.79528],[115.87132,9.79624],[115.86866,9.79476],[115.86531,9.79185],[115.86265,9.78755],[115.85982,9.78484],[115.85682,9.77898],[115.85382,9.77481],[115.85207,9.77048],[115.85311,9.76819],[115.85683,9.76309],[115.85745,9.75845],[115.85798,9.75448],[115.85776,9.75009],[115.85635,9.74598],[115.85644,9.74226],[115.85767,9.73883],[115.85881,9.73462],[115.86027,9.72814],[115.85978,9.72128],[115.85825,9.71852],[115.8564,9.71454],[115.85582,9.71129],[115.85538,9.70556]]],[[[116.47951,9.79798],[116.48107,9.7901],[116.47924,9.78606],[116.47515,9.78694],[116.47056,9.78909],[116.46516,9.79242],[116.45673,9.79459],[116.45122,9.7951],[116.44762,9.79475],[116.44349,9.79533],[116.44273,9.79701],[116.44571,9.80096],[116.44969,9.8046],[116.45356,9.80727],[116.4586,9.80889],[116.46314,9.80899],[116.46736,9.80812],[116.47135,9.80676],[116.47631,9.80304],[116.47951,9.79798]]],[[[114.43149,9.81116],[114.43043,9.81009],[114.42924,9.81021],[114.42852,9.81123],[114.42896,9.81359],[114.42912,9.81578],[114.4315,9.81716],[114.43439,9.81682],[114.43483,9.81477],[114.43333,9.81305],[114.43149,9.81116]]],[[[114.45328,9.82918],[114.45132,9.82894],[114.4474,9.83159],[114.44684,9.83524],[114.4473,9.83928],[114.44813,9.84111],[114.4508,9.8435],[114.45146,9.84528],[114.45559,9.84411],[114.4576,9.84295],[114.46052,9.841],[114.46196,9.83933],[114.46231,9.83639],[114.46152,9.83354],[114.45739,9.83219],[114.45328,9.82918]]],[[[114.49036,9.84545],[114.48873,9.84525],[114.48732,9.84656],[114.48575,9.84796],[114.48367,9.84963],[114.48285,9.85059],[114.48214,9.8523],[114.48364,9.85403],[114.48517,9.8539],[114.4866,9.85326],[114.48825,9.85152],[114.49058,9.84984],[114.49139,9.84846],[114.49125,9.84686],[114.49036,9.84545]]],[[[114.28347,9.85942],[114.27685,9.8441],[114.27483,9.85582],[114.2775,9.86257],[114.2856,9.86545],[114.28347,9.85942]]],[[[114.50871,9.86255],[114.50716,9.862],[114.50599,9.86288],[114.50454,9.86547],[114.50361,9.86837],[114.50409,9.87013],[114.50548,9.87093],[114.50712,9.87172],[114.50865,9.87159],[114.51041,9.87044],[114.51199,9.86921],[114.51281,9.86825],[114.51319,9.86672],[114.51254,9.86505],[114.51123,9.86407],[114.50871,9.86255]]],[[[114.33281,9.87433],[114.33529,9.87218],[114.33649,9.86988],[114.3366,9.86726],[114.33653,9.86518],[114.33469,9.86027],[114.32537,9.86068],[114.31994,9.86295],[114.31412,9.87315],[114.30966,9.87153],[114.3003,9.87882],[114.30042,9.88282],[114.30766,9.88294],[114.31431,9.8804],[114.3237,9.87928],[114.32734,9.87712],[114.33013,9.87631],[114.33281,9.87433]]],[[[114.33059,9.87962],[114.32921,9.87942],[114.32883,9.87952],[114.32878,9.87952],[114.32866,9.87957],[114.32683,9.88006],[114.32677,9.88008],[114.32664,9.88019],[114.32462,9.88192],[114.32228,9.88351],[114.32357,9.88668],[114.32651,9.88811],[114.32908,9.88872],[114.33253,9.88646],[114.33459,9.88438],[114.33487,9.88243],[114.33336,9.88003],[114.33105,9.87969],[114.33059,9.87962]]],[[[114.53144,9.88213],[114.52973,9.88167],[114.52784,9.88283],[114.52703,9.88413],[114.52745,9.88657],[114.52731,9.88749],[114.52643,9.88921],[114.52445,9.89147],[114.52406,9.8937],[114.5242,9.89572],[114.52603,9.89668],[114.5278,9.89612],[114.53063,9.89417],[114.532,9.89159],[114.53319,9.88876],[114.53294,9.88623],[114.53268,9.88344],[114.53144,9.88213]]],[[[114.34626,9.88916],[114.34481,9.88904],[114.34152,9.8899],[114.33962,9.89156],[114.33936,9.89418],[114.34004,9.89703],[114.3412,9.89876],[114.34293,9.89998],[114.34384,9.90172],[114.34568,9.90217],[114.34754,9.90039],[114.34862,9.89834],[114.3487,9.89548],[114.34922,9.89285],[114.34872,9.89067],[114.34626,9.88916]]],[[[114.42768,9.88023],[114.42558,9.87844],[114.4231,9.88062],[114.42136,9.88211],[114.41928,9.88487],[114.41605,9.88733],[114.4146,9.8899],[114.41495,9.8931],[114.41845,9.89484],[114.42411,9.89669],[114.42911,9.89907],[114.43171,9.90006],[114.43507,9.90224],[114.43937,9.90247],[114.44196,9.90095],[114.4429,9.89856],[114.44308,9.89611],[114.44049,9.89214],[114.43572,9.89044],[114.43035,9.88967],[114.42759,9.88849],[114.4264,9.88549],[114.42706,9.88235],[114.42768,9.88023]]],[[[114.36601,9.90404],[114.37066,9.90323],[114.37654,9.90381],[114.37899,9.90314],[114.38222,9.90321],[114.38667,9.90282],[114.39053,9.90136],[114.39455,9.89955],[114.39463,9.89947],[114.39474,9.89937],[114.39509,9.89828],[114.39791,9.88931],[114.4005,9.88412],[114.40024,9.88174],[114.39976,9.87982],[114.39802,9.87852],[114.39614,9.87824],[114.39515,9.8792],[114.39497,9.88174],[114.39554,9.88341],[114.39515,9.88477],[114.39167,9.8874],[114.38651,9.89102],[114.38404,9.89337],[114.38244,9.89545],[114.37816,9.89693],[114.37207,9.89787],[114.36495,9.89842],[114.36101,9.8988],[114.35792,9.89796],[114.35561,9.89997],[114.35628,9.90248],[114.35929,9.90366],[114.36601,9.90404]]],[[[114.56511,9.89673],[114.56297,9.89645],[114.56071,9.89779],[114.55993,9.9001],[114.55977,9.90307],[114.55976,9.90543],[114.56159,9.90673],[114.56294,9.90618],[114.56416,9.90445],[114.56481,9.9023],[114.56501,9.90163],[114.56503,9.90147],[114.56529,9.89943],[114.56535,9.89892],[114.56534,9.89878],[114.56511,9.89673]]],[[[114.46309,9.89238],[114.45909,9.89225],[114.45585,9.89454],[114.45456,9.89796],[114.45492,9.9014],[114.454,9.90455],[114.45391,9.90843],[114.45551,9.91065],[114.45808,9.91125],[114.46263,9.91027],[114.46605,9.90839],[114.46974,9.90693],[114.47259,9.90429],[114.47352,9.90156],[114.4727,9.89974],[114.4706,9.89628],[114.46722,9.89428],[114.46309,9.89238]]],[[[114.59317,9.89768],[114.59076,9.89699],[114.58857,9.89808],[114.58717,9.89947],[114.58632,9.90221],[114.58645,9.90618],[114.58645,9.90888],[114.58774,9.91197],[114.58977,9.9141],[114.59233,9.91419],[114.59503,9.91326],[114.59537,9.91317],[114.59781,9.91224],[114.60008,9.91133],[114.60065,9.91038],[114.59894,9.90764],[114.59805,9.90378],[114.59633,9.90079],[114.59317,9.89768]]],[[[114.60724,9.91639],[114.60594,9.9155],[114.60492,9.91832],[114.60379,9.92039],[114.60488,9.92141],[114.60636,9.92073],[114.60779,9.92018],[114.60852,9.91897],[114.60882,9.91769],[114.60724,9.91639]]],[[[114.49777,9.90451],[114.49451,9.90343],[114.49146,9.9037],[114.48709,9.90493],[114.48555,9.90725],[114.48438,9.91074],[114.48755,9.91427],[114.49002,9.91714],[114.49096,9.92015],[114.49323,9.92202],[114.49676,9.92233],[114.50003,9.92079],[114.50212,9.91871],[114.5022,9.91575],[114.50127,9.91325],[114.50177,9.9102],[114.50161,9.90785],[114.49777,9.90451]]],[[[114.52278,9.91269],[114.51951,9.91127],[114.5176,9.9115],[114.51509,9.90981],[114.5124,9.90812],[114.51036,9.90793],[114.50857,9.90765],[114.50656,9.90873],[114.50671,9.91058],[114.50854,9.91212],[114.51113,9.91364],[114.51289,9.91552],[114.5134,9.91804],[114.51199,9.91935],[114.50915,9.92078],[114.50793,9.92242],[114.51045,9.92276],[114.51323,9.92234],[114.51565,9.92083],[114.5171,9.91843],[114.51924,9.91625],[114.5213,9.91425],[114.52278,9.91269]]],[[[115.54713,9.93017],[115.55067,9.93004],[115.55495,9.93073],[115.55916,9.92945],[115.56783,9.9259],[115.57286,9.92389],[115.57692,9.92053],[115.57896,9.91412],[115.58057,9.90787],[115.58035,9.90393],[115.57769,9.90079],[115.57443,9.89711],[115.56936,9.89039],[115.56221,9.88319],[115.55755,9.87969],[115.55275,9.87663],[115.54772,9.8747],[115.53921,9.87669],[115.53204,9.87836],[115.52183,9.87845],[115.5166,9.87906],[115.5109,9.88011],[115.50521,9.88369],[115.50202,9.88944],[115.49922,9.89433],[115.4983,9.8998],[115.4972,9.90653],[115.49742,9.91282],[115.49838,9.91794],[115.50083,9.92167],[115.50306,9.92484],[115.50644,9.92777],[115.50981,9.93032],[115.51467,9.93149],[115.51931,9.93189],[115.52529,9.93225],[115.5303,9.93226],[115.53452,9.93192],[115.53949,9.93079],[115.54374,9.93057],[115.54713,9.93017]],[[115.51262,9.88481],[115.51696,9.88325],[115.5214,9.88435],[115.52838,9.88312],[115.53499,9.88147],[115.54908,9.87885],[115.55554,9.8827],[115.5611,9.88743],[115.5683,9.89407],[115.57349,9.90205],[115.57476,9.90567],[115.57365,9.91036],[115.5714,9.91481],[115.56729,9.91876],[115.56333,9.92101],[115.55644,9.92267],[115.54784,9.92439],[115.54147,9.92462],[115.53492,9.92598],[115.52831,9.92763],[115.5197,9.92893],[115.51368,9.92731],[115.50875,9.92439],[115.5046,9.91961],[115.50219,9.91195],[115.50157,9.90662],[115.50343,9.90317],[115.5042,9.89511],[115.50769,9.88964],[115.51262,9.88481]]],[[[114.61784,9.92545],[114.6161,9.9244],[114.61476,9.92487],[114.61479,9.92601],[114.61704,9.92818],[114.61915,9.9304],[114.62133,9.93313],[114.62247,9.93419],[114.62462,9.93463],[114.62629,9.93348],[114.62768,9.93182],[114.62782,9.93063],[114.62511,9.92869],[114.62198,9.92684],[114.61784,9.92545]]],[[[114.52928,9.92436],[114.52804,9.92296],[114.52578,9.92396],[114.52457,9.92585],[114.52204,9.92652],[114.51941,9.92905],[114.51568,9.93211],[114.51486,9.93559],[114.51489,9.93787],[114.51684,9.9405],[114.5195,9.94135],[114.52409,9.94171],[114.52582,9.94107],[114.5282,9.9399],[114.53023,9.93688],[114.53129,9.93314],[114.53163,9.93027],[114.5319,9.92689],[114.52928,9.92436]]],[[[114.54725,9.93872],[114.54644,9.93748],[114.54559,9.93862],[114.54436,9.94001],[114.54228,9.94151],[114.54266,9.94259],[114.54368,9.9431],[114.54556,9.9418],[114.54679,9.94033],[114.54725,9.93872]]],[[[114.52941,9.94794],[114.52772,9.94791],[114.52793,9.94934],[114.52935,9.95115],[114.53158,9.95201],[114.53279,9.95264],[114.53325,9.95254],[114.53426,9.95066],[114.53454,9.94905],[114.53367,9.94815],[114.53205,9.94811],[114.52941,9.94794]]],[[[114.54777,9.94891],[114.54554,9.94805],[114.54348,9.95005],[114.54153,9.95281],[114.54316,9.95351],[114.54652,9.95223],[114.54872,9.95191],[114.54957,9.95067],[114.54777,9.94891]]],[[[114.57345,9.9686],[114.57463,9.96664],[114.57472,9.96428],[114.57474,9.96225],[114.57614,9.96086],[114.57474,9.95947],[114.57092,9.95706],[114.56497,9.95793],[114.56107,9.95822],[114.55701,9.9586],[114.55502,9.95748],[114.55291,9.95797],[114.549,9.95902],[114.54572,9.96013],[114.54622,9.9623],[114.54966,9.96388],[114.55287,9.96606],[114.55716,9.96752],[114.5608,9.96825],[114.56249,9.96811],[114.56526,9.96702],[114.56799,9.96744],[114.57071,9.96752],[114.57345,9.9686]]],[[[114.59068,9.97085],[114.58898,9.96964],[114.58729,9.96986],[114.58615,9.97142],[114.58554,9.97354],[114.5833,9.97496],[114.58198,9.97643],[114.58238,9.97819],[114.58541,9.97987],[114.59024,9.98249],[114.59333,9.98484],[114.59511,9.98714],[114.59735,9.98842],[114.59899,9.98905],[114.6006,9.98756],[114.60047,9.98622],[114.59864,9.98467],[114.59516,9.98217],[114.59307,9.97937],[114.59254,9.9761],[114.59185,9.97309],[114.59068,9.97085]]],[[[114.66647,9.99828],[114.66528,9.9956],[114.66414,9.99304],[114.66301,9.99053],[114.66254,9.98841],[114.66138,9.98515],[114.66041,9.98224],[114.6592,9.97915],[114.65845,9.97554],[114.65774,9.97175],[114.65691,9.96688],[114.65649,9.95843],[114.65513,9.95469],[114.65393,9.95019],[114.65172,9.94648],[114.64856,9.94309],[114.64428,9.94026],[114.64317,9.93608],[114.64272,9.93272],[114.64146,9.9304],[114.63984,9.92877],[114.63856,9.92881],[114.63725,9.93012],[114.63781,9.93178],[114.63896,9.93335],[114.63991,9.93635],[114.64017,9.93912],[114.64109,9.94128],[114.6431,9.94434],[114.64545,9.94629],[114.64854,9.94998],[114.64951,9.95113],[114.65088,9.95277],[114.65209,9.95585],[114.65174,9.961],[114.65021,9.96492],[114.64733,9.96754],[114.64437,9.97059],[114.64131,9.97448],[114.63995,9.97705],[114.63954,9.98009],[114.64124,9.98139],[114.64434,9.98297],[114.64517,9.98497],[114.64489,9.98666],[114.64265,9.98825],[114.63783,9.98891],[114.63197,9.98893],[114.62779,9.99108],[114.62229,9.99286],[114.61865,9.99323],[114.61365,9.99355],[114.61031,9.99273],[114.60828,9.99414],[114.60706,9.99595],[114.6067,9.99799],[114.60869,9.99902],[114.61102,10.00012],[114.61304,9.99972],[114.61421,9.99901],[114.61578,9.99761],[114.61959,9.99782],[114.62076,9.99817],[114.62341,9.99884],[114.62586,9.99893],[114.63058,9.99896],[114.63351,9.99933],[114.6376,9.99966],[114.6425,9.99991],[114.64462,10.00048],[114.64669,10.00134],[114.64816,10.00175],[114.65116,10.00258],[114.65338,10.00286],[114.65683,10.00315],[114.6594,10.0033],[114.66233,10.00373],[114.66538,10.00415],[114.66742,10.00432],[114.66852,10.00411],[114.66892,10.00364],[114.66882,10.00248],[114.66795,10.00072],[114.66647,9.99828]]],[[[116.16446,10.11316],[116.15633,10.11126],[116.14486,10.1157],[116.14026,10.12387],[116.14627,10.12852],[116.15247,10.12694],[116.16029,10.12087],[116.16446,10.11316]]],[[[113.8473,10.00636],[113.84029,10.00557],[113.8437,10.02032],[113.8479,10.02762],[113.84863,10.03552],[113.84295,10.13413],[113.84649,10.13601],[113.85291,10.13336],[113.86268,10.12616],[113.86352,10.12069],[113.85288,10.00967],[113.8473,10.00636]]],[[[114.30811,10.16569],[114.30757,10.1656],[114.30729,10.16585],[114.307,10.16642],[114.3069,10.16691],[114.30693,10.16774],[114.30699,10.16798],[114.30717,10.16919],[114.30741,10.17008],[114.30828,10.17158],[114.30878,10.17205],[114.30928,10.1724],[114.30973,10.17264],[114.31026,10.17223],[114.31052,10.17149],[114.31052,10.17068],[114.31057,10.16956],[114.3105,10.16867],[114.31037,10.16758],[114.31021,10.16716],[114.31007,10.16689],[114.30952,10.16646],[114.30876,10.16603],[114.30811,10.16569]]],[[[114.2607,10.16499],[114.25949,10.16471],[114.2586,10.16486],[114.25729,10.16534],[114.25676,10.16593],[114.25624,10.16643],[114.2552,10.16766],[114.25495,10.16809],[114.25456,10.16878],[114.25394,10.17042],[114.25361,10.17184],[114.25403,10.17245],[114.25468,10.17297],[114.25583,10.17414],[114.25626,10.17427],[114.25852,10.17332],[114.25989,10.17259],[114.26181,10.17147],[114.26298,10.17029],[114.26417,10.16975],[114.26559,10.16906],[114.26778,10.1682],[114.26638,10.16778],[114.26519,10.16739],[114.26428,10.16694],[114.26233,10.16574],[114.2607,10.16499]]],[[[114.32283,10.17165],[114.32131,10.1715],[114.3202,10.17201],[114.31881,10.17298],[114.31915,10.17485],[114.32034,10.17687],[114.32161,10.17795],[114.32293,10.1781],[114.32369,10.17815],[114.3248,10.1772],[114.32503,10.1757],[114.32471,10.17449],[114.32362,10.17293],[114.32283,10.17165]]],[[[114.25324,10.17639],[114.25196,10.17562],[114.25067,10.17632],[114.249,10.17789],[114.24715,10.17979],[114.24616,10.18074],[114.24523,10.18215],[114.24506,10.18275],[114.24578,10.18395],[114.24695,10.18353],[114.24859,10.18302],[114.24957,10.18211],[114.25025,10.18176],[114.2508,10.18162],[114.25232,10.18151],[114.25299,10.18122],[114.2539,10.18052],[114.25519,10.17955],[114.25547,10.1789],[114.25544,10.17842],[114.25509,10.1778],[114.25428,10.17733],[114.25324,10.17639]]],[[[114.36584,10.18368],[114.36864,10.18243],[114.37073,10.18143],[114.37141,10.18047],[114.37041,10.17851],[114.36929,10.17753],[114.36881,10.17712],[114.36847,10.17681],[114.36698,10.17475],[114.36591,10.17432],[114.36369,10.1752],[114.36193,10.17561],[114.36009,10.17695],[114.35846,10.1777],[114.35658,10.17823],[114.35446,10.17841],[114.35283,10.17904],[114.34893,10.17916],[114.34551,10.17903],[114.34351,10.17944],[114.34177,10.18032],[114.34121,10.1815],[114.34326,10.18296],[114.34555,10.18441],[114.34732,10.18436],[114.35063,10.18438],[114.35261,10.18338],[114.35474,10.18355],[114.35666,10.18454],[114.35867,10.1846],[114.36184,10.18392],[114.36584,10.18368]]],[[[114.3784,10.18904],[114.3771,10.18885],[114.37622,10.18899],[114.37548,10.18995],[114.37459,10.19161],[114.37446,10.19332],[114.37415,10.19455],[114.37431,10.1959],[114.37551,10.19662],[114.37747,10.19709],[114.37847,10.19694],[114.38017,10.19645],[114.38128,10.19527],[114.3813,10.19393],[114.38097,10.19271],[114.3804,10.1915],[114.37985,10.19005],[114.37954,10.18942],[114.3784,10.18904]]],[[[114.38984,10.19979],[114.388,10.19955],[114.38671,10.19982],[114.38609,10.20054],[114.38607,10.20177],[114.38652,10.20299],[114.38737,10.20372],[114.38858,10.20462],[114.38977,10.20506],[114.39045,10.20497],[114.3917,10.20371],[114.39214,10.20247],[114.39228,10.20147],[114.39172,10.20031],[114.38984,10.19979]]],[[[114.40217,10.20089],[114.40153,10.20086],[114.40076,10.20093],[114.39998,10.20111],[114.39952,10.20135],[114.39927,10.2018],[114.39918,10.20248],[114.39922,10.20374],[114.39905,10.20475],[114.39912,10.2052],[114.39947,10.20569],[114.40004,10.20611],[114.4008,10.20646],[114.40159,10.20662],[114.40276,10.20674],[114.40387,10.20702],[114.40565,10.20719],[114.40647,10.20713],[114.40749,10.20699],[114.4081,10.20688],[114.40945,10.20632],[114.41034,10.20606],[114.41085,10.20582],[114.41108,10.20557],[114.4112,10.20527],[114.41122,10.20492],[114.41112,10.20452],[114.41091,10.20413],[114.41061,10.20372],[114.41008,10.20327],[114.40939,10.20275],[114.40849,10.20224],[114.40775,10.20185],[114.40675,10.20152],[114.40591,10.20129],[114.40476,10.20107],[114.40421,10.20106],[114.40217,10.20089]]],[[[115.31235,10.1981],[115.31503,10.19791],[115.32017,10.1997],[115.32422,10.20133],[115.32889,10.20393],[115.33111,10.20484],[115.33217,10.20372],[115.33236,10.20065],[115.32841,10.19616],[115.32355,10.1911],[115.31932,10.1869],[115.31692,10.18393],[115.31063,10.17912],[115.30475,10.17636],[115.30193,10.17528],[115.29871,10.1744],[115.29527,10.17295],[115.29026,10.17194],[115.28914,10.17415],[115.29075,10.18021],[115.28876,10.1858],[115.28437,10.19128],[115.28199,10.19708],[115.28195,10.20162],[115.28251,10.20634],[115.28327,10.21085],[115.28615,10.21332],[115.28964,10.21063],[115.29488,10.2069],[115.30113,10.20332],[115.30881,10.1995],[115.31235,10.1981]]],[[[114.22605,10.20348],[114.22472,10.20235],[114.2225,10.20336],[114.22114,10.20539],[114.21946,10.20824],[114.21859,10.21061],[114.21905,10.21434],[114.22114,10.21686],[114.22307,10.21809],[114.22591,10.21835],[114.22603,10.21835],[114.2272,10.2182],[114.22776,10.21689],[114.22743,10.21398],[114.22732,10.21035],[114.22758,10.20707],[114.22739,10.20485],[114.22605,10.20348]]],[[[114.41545,10.21278],[114.41456,10.21274],[114.41395,10.21387],[114.41381,10.21517],[114.41304,10.21689],[114.41219,10.21791],[114.41223,10.21931],[114.41385,10.2202],[114.41559,10.22003],[114.41685,10.21882],[114.41782,10.21768],[114.41866,10.21625],[114.41881,10.21542],[114.41819,10.21451],[114.41751,10.21347],[114.41662,10.21327],[114.41545,10.21278]]],[[[114.42935,10.22261],[114.42792,10.22207],[114.4268,10.22239],[114.42557,10.22344],[114.42516,10.22544],[114.42569,10.22742],[114.42715,10.22883],[114.4285,10.22955],[114.42943,10.229],[114.43035,10.22815],[114.43088,10.22613],[114.43095,10.22484],[114.4305,10.22363],[114.42935,10.22261]]],[[[114.43968,10.22311],[114.43781,10.2227],[114.43659,10.22333],[114.4358,10.22434],[114.43584,10.22569],[114.43757,10.22833],[114.43851,10.23005],[114.44114,10.23202],[114.44391,10.23392],[114.44619,10.23497],[114.44904,10.23575],[114.45161,10.23661],[114.45303,10.23704],[114.45398,10.23607],[114.45483,10.23482],[114.45412,10.23302],[114.45284,10.23154],[114.45149,10.23],[114.44833,10.22788],[114.44686,10.2264],[114.44436,10.22549],[114.44225,10.22426],[114.43968,10.22311]]],[[[114.53239,10.23664],[114.53183,10.23573],[114.53083,10.23581],[114.52942,10.23621],[114.52863,10.23723],[114.52843,10.23823],[114.52946,10.23919],[114.53052,10.23922],[114.53154,10.23866],[114.53275,10.23804],[114.53282,10.23721],[114.53239,10.23664]]],[[[114.49442,10.24447],[114.49727,10.24309],[114.50029,10.2416],[114.50358,10.24032],[114.50708,10.23893],[114.5097,10.23797],[114.51246,10.23765],[114.51627,10.23765],[114.51791,10.23748],[114.51908,10.23704],[114.51921,10.23574],[114.51895,10.23482],[114.5181,10.23402],[114.51542,10.23335],[114.51257,10.23262],[114.50686,10.23315],[114.50286,10.23321],[114.50031,10.23382],[114.49897,10.23433],[114.49725,10.23596],[114.49397,10.23676],[114.48933,10.2372],[114.48313,10.23803],[114.47689,10.23829],[114.47438,10.23836],[114.47176,10.23926],[114.46834,10.23954],[114.46517,10.23976],[114.46374,10.24039],[114.46353,10.24127],[114.46499,10.24269],[114.46661,10.24357],[114.46857,10.24386],[114.47275,10.24379],[114.47719,10.24418],[114.48053,10.24437],[114.4843,10.24437],[114.48668,10.24494],[114.48888,10.24546],[114.49103,10.24522],[114.49442,10.24447]]],[[[115.37412,10.25827],[115.37703,10.25816],[115.37884,10.2583],[115.38014,10.25795],[115.38081,10.25713],[115.38035,10.25566],[115.37803,10.25256],[115.37492,10.24988],[115.37121,10.24722],[115.36823,10.24534],[115.36601,10.24492],[115.36372,10.2455],[115.36287,10.24712],[115.36338,10.25009],[115.3645,10.25343],[115.36561,10.25638],[115.36658,10.25823],[115.36871,10.25866],[115.37201,10.25834],[115.37412,10.25827]]],[[[114.54955,10.24285],[114.54749,10.24216],[114.54533,10.24281],[114.54377,10.24379],[114.54331,10.24609],[114.54417,10.2491],[114.54549,10.25152],[114.54763,10.25297],[114.54917,10.25497],[114.5515,10.25618],[114.55299,10.25824],[114.55648,10.26135],[114.56012,10.2648],[114.56369,10.26668],[114.56646,10.26659],[114.56903,10.26569],[114.57091,10.26386],[114.57116,10.26215],[114.57047,10.26101],[114.56789,10.25963],[114.56284,10.25669],[114.55938,10.25459],[114.55759,10.25184],[114.55641,10.24995],[114.555,10.24742],[114.55387,10.24535],[114.55172,10.2443],[114.54955,10.24285]]],[[[114.25746,10.25744],[114.25543,10.25668],[114.25428,10.25777],[114.25468,10.25916],[114.25746,10.26107],[114.26048,10.26344],[114.26234,10.26607],[114.26357,10.26779],[114.26507,10.26797],[114.2665,10.26688],[114.2668,10.26524],[114.26578,10.26293],[114.26322,10.26019],[114.26044,10.25817],[114.25746,10.25744]]],[[[113.61669,10.2538],[113.61351,10.24776],[113.60955,10.24786],[113.60302,10.25065],[113.60448,10.25568],[113.60574,10.26632],[113.62067,10.26849],[113.61951,10.26026],[113.61669,10.2538]]],[[[114.60883,10.26589],[114.60664,10.26549],[114.60573,10.26658],[114.60599,10.2689],[114.60664,10.2701],[114.60784,10.27065],[114.60878,10.27068],[114.60961,10.26973],[114.61001,10.26773],[114.60962,10.26645],[114.60883,10.26589]]],[[[114.5935,10.2629],[114.5887,10.26206],[114.58612,10.26255],[114.58368,10.26274],[114.58212,10.26373],[114.58071,10.26582],[114.58176,10.26894],[114.58206,10.27097],[114.58277,10.27286],[114.58462,10.27452],[114.58665,10.27545],[114.59066,10.27532],[114.59268,10.27409],[114.59494,10.27186],[114.59653,10.27023],[114.59847,10.26806],[114.59896,10.26676],[114.59887,10.26495],[114.59843,10.26421],[114.59663,10.26327],[114.5935,10.2629]]],[[[114.64678,10.28977],[114.6472,10.28812],[114.64471,10.28761],[114.64162,10.28678],[114.63673,10.28494],[114.63274,10.2818],[114.62775,10.27717],[114.62647,10.27405],[114.62554,10.27256],[114.62431,10.27085],[114.62273,10.26926],[114.62071,10.26897],[114.62008,10.27122],[114.61948,10.27474],[114.62075,10.2775],[114.62403,10.28032],[114.62715,10.28233],[114.63128,10.28591],[114.63335,10.28818],[114.63574,10.28904],[114.63902,10.28847],[114.64219,10.28991],[114.64516,10.29064],[114.64678,10.28977]]],[[[114.28302,10.27388],[114.28158,10.27322],[114.2804,10.27337],[114.27975,10.27515],[114.28005,10.27725],[114.28271,10.27927],[114.28735,10.28232],[114.29065,10.28574],[114.29395,10.28927],[114.29745,10.29163],[114.30007,10.29225],[114.30106,10.29176],[114.30149,10.29034],[114.29927,10.28736],[114.29597,10.28371],[114.29314,10.28004],[114.29022,10.27755],[114.2856,10.27511],[114.28302,10.27388]]],[[[116.55067,10.31168],[116.54968,10.31158],[116.54902,10.31266],[116.54896,10.31287],[116.55029,10.31442],[116.55168,10.31542],[116.55216,10.31687],[116.55299,10.3181],[116.55387,10.31729],[116.55429,10.31538],[116.55526,10.31485],[116.55591,10.31357],[116.55567,10.31301],[116.55403,10.31245],[116.5523,10.31182],[116.55067,10.31168]]],[[[114.3507,10.3135],[114.3494,10.31343],[114.34761,10.31483],[114.34617,10.3161],[114.34408,10.31728],[114.34291,10.31766],[114.34155,10.31776],[114.34129,10.31888],[114.34234,10.32014],[114.34387,10.31998],[114.34651,10.31931],[114.34894,10.31766],[114.35008,10.31633],[114.35122,10.31489],[114.3512,10.31419],[114.3507,10.3135]]],[[[114.61707,10.315],[114.61128,10.3146],[114.608,10.31505],[114.60346,10.31683],[114.59879,10.31814],[114.59624,10.31939],[114.59392,10.32063],[114.59291,10.32218],[114.59578,10.32361],[114.59961,10.32524],[114.60199,10.32598],[114.60422,10.32579],[114.60617,10.32421],[114.61034,10.32198],[114.61498,10.31973],[114.61764,10.31813],[114.61892,10.31739],[114.61877,10.31646],[114.61707,10.315]]],[[[116.56701,10.31471],[116.56381,10.31421],[116.56283,10.31432],[116.56188,10.31534],[116.56094,10.31831],[116.55994,10.31975],[116.55827,10.32206],[116.55861,10.32338],[116.56005,10.32402],[116.56053,10.32417],[116.56154,10.32591],[116.56284,10.32663],[116.56489,10.32662],[116.5661,10.32517],[116.56767,10.32217],[116.56955,10.31803],[116.56936,10.31692],[116.56881,10.31554],[116.56701,10.31471]]],[[[114.58327,10.3135],[114.58198,10.31318],[114.58052,10.31359],[114.57736,10.31477],[114.57278,10.31746],[114.56964,10.31946],[114.5676,10.32134],[114.56487,10.32197],[114.56187,10.32233],[114.56015,10.32284],[114.55977,10.32557],[114.56112,10.32744],[114.56203,10.32815],[114.5653,10.32957],[114.56787,10.32967],[114.57049,10.32868],[114.57338,10.3276],[114.57516,10.32618],[114.57739,10.32421],[114.57969,10.32168],[114.58153,10.31918],[114.58318,10.31641],[114.58376,10.31466],[114.58327,10.3135]]],[[[116.60347,10.32881],[116.60225,10.32823],[116.6004,10.32796],[116.59851,10.32825],[116.59645,10.32812],[116.59432,10.32772],[116.59306,10.32791],[116.59214,10.32963],[116.59214,10.33145],[116.59347,10.33279],[116.59525,10.33321],[116.59767,10.3336],[116.59972,10.33352],[116.60133,10.33338],[116.60301,10.33296],[116.60371,10.3324],[116.60392,10.33103],[116.60386,10.32964],[116.60347,10.32881]]],[[[114.36121,10.32929],[114.36013,10.32873],[114.35861,10.32913],[114.35818,10.33067],[114.35796,10.33102],[114.3574,10.33221],[114.35817,10.3343],[114.35959,10.33402],[114.36096,10.33269],[114.36209,10.33078],[114.36121,10.32929]]],[[[116.62292,10.33529],[116.62203,10.33421],[116.6212,10.33466],[116.62072,10.33678],[116.62065,10.33847],[116.62158,10.34032],[116.62279,10.34055],[116.62386,10.33996],[116.62391,10.33791],[116.62357,10.33646],[116.62292,10.33529]]],[[[116.50068,10.28666],[116.49873,10.28571],[116.48794,10.28615],[116.48376,10.28842],[116.48023,10.29171],[116.477,10.2957],[116.47217,10.29932],[116.46833,10.30564],[116.46807,10.30874],[116.46941,10.31218],[116.47184,10.3144],[116.47576,10.3197],[116.47648,10.32332],[116.47915,10.32909],[116.4814,10.33222],[116.48481,10.33678],[116.48847,10.33985],[116.49325,10.34197],[116.49513,10.34294],[116.49657,10.34176],[116.49886,10.3374],[116.5011,10.33353],[116.50406,10.3299],[116.50513,10.32769],[116.50723,10.32529],[116.51006,10.32216],[116.51116,10.31953],[116.51417,10.31632],[116.51707,10.31466],[116.52047,10.31211],[116.52188,10.30985],[116.52305,10.30735],[116.52323,10.30496],[116.52324,10.30335],[116.52204,10.30087],[116.51886,10.29757],[116.51595,10.29545],[116.51405,10.29314],[116.50915,10.29075],[116.50406,10.28886],[116.50248,10.28829],[116.50164,10.28737],[116.50068,10.28666]]],[[[116.63746,10.33589],[116.6363,10.33523],[116.63501,10.33564],[116.63505,10.33823],[116.63494,10.34082],[116.6351,10.34277],[116.63571,10.3438],[116.6366,10.34397],[116.63737,10.34348],[116.63801,10.3423],[116.63873,10.34087],[116.63914,10.33904],[116.63918,10.33826],[116.63885,10.33716],[116.63746,10.33589]]],[[[116.70008,10.34337],[116.7022,10.3416],[116.70325,10.33974],[116.70404,10.33844],[116.70314,10.33722],[116.70125,10.3359],[116.69743,10.33564],[116.69187,10.33447],[116.68857,10.33321],[116.68432,10.33282],[116.68148,10.33252],[116.67861,10.33152],[116.6747,10.33238],[116.67136,10.33364],[116.6707,10.33633],[116.67149,10.33825],[116.67466,10.33994],[116.67922,10.34073],[116.68189,10.34048],[116.68547,10.34173],[116.69016,10.34252],[116.69496,10.34232],[116.69628,10.34366],[116.69861,10.34511],[116.70008,10.34337]]],[[[116.65686,10.34139],[116.65607,10.34107],[116.65503,10.34139],[116.6533,10.34244],[116.65293,10.34365],[116.65298,10.3447],[116.65322,10.34553],[116.65449,10.34533],[116.65584,10.3447],[116.65703,10.34465],[116.65786,10.3442],[116.65807,10.3433],[116.65726,10.34242],[116.65686,10.34139]]],[[[116.73519,10.34863],[116.73115,10.34669],[116.72736,10.34713],[116.72179,10.34568],[116.71823,10.34513],[116.71596,10.34467],[116.71434,10.34655],[116.71402,10.34895],[116.71428,10.35174],[116.71702,10.35316],[116.71985,10.35332],[116.72383,10.35386],[116.72657,10.35514],[116.72857,10.35576],[116.73167,10.35563],[116.73468,10.35327],[116.73619,10.35222],[116.73624,10.35026],[116.73519,10.34863]]],[[[114.5311,10.34262],[114.5282,10.34071],[114.52632,10.34112],[114.5231,10.3404],[114.51964,10.33957],[114.51753,10.34023],[114.51416,10.34221],[114.51117,10.34511],[114.50886,10.34671],[114.50553,10.35021],[114.50333,10.35157],[114.50057,10.35423],[114.4985,10.35617],[114.4974,10.35902],[114.49713,10.36161],[114.49771,10.36499],[114.49912,10.36638],[114.50128,10.36749],[114.50391,10.36823],[114.5065,10.3678],[114.50908,10.36701],[114.51152,10.36553],[114.51368,10.36264],[114.51524,10.35954],[114.51717,10.35702],[114.52057,10.35574],[114.52518,10.35372],[114.52716,10.3526],[114.52947,10.35077],[114.53116,10.34825],[114.53132,10.34566],[114.5311,10.34262]]],[[[114.35344,10.35905],[114.35166,10.35887],[114.34982,10.36056],[114.34838,10.36354],[114.34786,10.3659],[114.3477,10.36837],[114.34947,10.36831],[114.35144,10.36696],[114.35441,10.36519],[114.35583,10.36366],[114.35589,10.36179],[114.35501,10.36017],[114.35344,10.35905]]],[[[116.76316,10.35712],[116.76089,10.35707],[116.75864,10.35717],[116.7564,10.35768],[116.7543,10.35805],[116.75419,10.36211],[116.75652,10.36705],[116.75721,10.36996],[116.75872,10.37242],[116.76146,10.37371],[116.76533,10.3721],[116.76797,10.36895],[116.76955,10.36637],[116.7704,10.36465],[116.77086,10.36225],[116.76955,10.36133],[116.76741,10.36086],[116.76534,10.3587],[116.76316,10.35712]]],[[[114.70103,10.33309],[114.70312,10.32859],[114.70496,10.32537],[114.70487,10.32257],[114.70255,10.32008],[114.69813,10.31812],[114.69659,10.31431],[114.69474,10.30993],[114.69289,10.30753],[114.69023,10.3054],[114.68606,10.30401],[114.68544,10.30368],[114.68153,10.30318],[114.67829,10.3013],[114.67551,10.29753],[114.6739,10.29513],[114.67159,10.29298],[114.66877,10.29319],[114.66534,10.29283],[114.66092,10.29098],[114.65852,10.28954],[114.65588,10.28799],[114.65443,10.28862],[114.65375,10.28958],[114.65596,10.29231],[114.66065,10.2952],[114.66424,10.29684],[114.66749,10.29919],[114.66945,10.30134],[114.67023,10.30529],[114.66997,10.30822],[114.66764,10.31273],[114.66589,10.317],[114.66097,10.32334],[114.65687,10.32768],[114.65175,10.32983],[114.64565,10.33072],[114.63769,10.33028],[114.62898,10.33067],[114.62109,10.3308],[114.61433,10.33161],[114.61818,10.33325],[114.62125,10.3335],[114.62596,10.33347],[114.63628,10.33363],[114.64277,10.33401],[114.65044,10.33423],[114.65813,10.33341],[114.66412,10.33275],[114.67117,10.33206],[114.67449,10.33277],[114.67996,10.33587],[114.68305,10.34021],[114.68515,10.34306],[114.68682,10.34745],[114.68883,10.35299],[114.69057,10.35563],[114.6929,10.35836],[114.6964,10.36093],[114.70257,10.36389],[114.707,10.3662],[114.71062,10.36877],[114.71281,10.37069],[114.71443,10.37356],[114.71706,10.37639],[114.71826,10.37694],[114.71952,10.37596],[114.71968,10.37374],[114.71746,10.37054],[114.71329,10.36553],[114.70888,10.36042],[114.70621,10.35641],[114.70217,10.35175],[114.70028,10.34796],[114.69928,10.34273],[114.69894,10.33772],[114.70103,10.33309]]],[[[114.36556,10.37427],[114.36221,10.37285],[114.35996,10.3728],[114.35834,10.37402],[114.35503,10.37401],[114.35305,10.37512],[114.35311,10.37688],[114.35433,10.37813],[114.35852,10.38],[114.36188,10.38142],[114.365,10.38285],[114.36776,10.38405],[114.37026,10.3848],[114.37262,10.38437],[114.3734,10.38283],[114.37345,10.38071],[114.37173,10.37877],[114.3687,10.37617],[114.36556,10.37427]]],[[[114.41144,10.37492],[114.40977,10.3745],[114.40648,10.37519],[114.40415,10.37632],[114.40241,10.37743],[114.4014,10.37922],[114.40087,10.38123],[114.40077,10.38168],[114.4007,10.38332],[114.40159,10.38517],[114.40426,10.38743],[114.40713,10.3884],[114.41141,10.38885],[114.41588,10.38813],[114.41911,10.38747],[114.42111,10.38694],[114.42211,10.38503],[114.4218,10.38258],[114.42057,10.38121],[114.41729,10.37826],[114.41329,10.37533],[114.41144,10.37492]]],[[[116.78484,10.37385],[116.7837,10.37347],[116.78238,10.37563],[116.78123,10.37862],[116.78278,10.38177],[116.78618,10.38527],[116.78814,10.38813],[116.79114,10.39031],[116.7943,10.38857],[116.7964,10.38806],[116.79675,10.38637],[116.79552,10.38418],[116.79334,10.38273],[116.79213,10.38082],[116.79036,10.3774],[116.78744,10.37514],[116.78484,10.37385]]],[[[114.44676,10.38906],[114.44936,10.38886],[114.45293,10.38934],[114.45546,10.39079],[114.4578,10.39203],[114.45982,10.39208],[114.46347,10.39139],[114.46677,10.39093],[114.46789,10.38902],[114.46977,10.38849],[114.47317,10.38733],[114.47528,10.38668],[114.47727,10.38615],[114.47957,10.38396],[114.48156,10.3812],[114.48314,10.37893],[114.48425,10.37654],[114.48441,10.37419],[114.484,10.37233],[114.48265,10.37073],[114.48113,10.36948],[114.47819,10.37004],[114.4744,10.37016],[114.47147,10.37096],[114.46852,10.3714],[114.46418,10.37271],[114.46152,10.37478],[114.45942,10.37567],[114.45497,10.37522],[114.45225,10.37542],[114.44781,10.37732],[114.44373,10.3792],[114.43965,10.38121],[114.43557,10.38333],[114.43236,10.38471],[114.43007,10.38737],[114.42801,10.38954],[114.42662,10.39064],[114.42679,10.39204],[114.42793,10.39269],[114.43148,10.39246],[114.43297,10.39101],[114.43637,10.39008],[114.43955,10.3894],[114.4444,10.38925],[114.44676,10.38906]]],[[[116.59052,10.39652],[116.58933,10.39644],[116.588,10.39739],[116.58781,10.39793],[116.58792,10.3988],[116.5884,10.39934],[116.58936,10.39944],[116.59036,10.39913],[116.59086,10.39846],[116.59095,10.39741],[116.59052,10.39652]]],[[[116.80614,10.39465],[116.80471,10.39429],[116.80365,10.39588],[116.80388,10.39797],[116.80226,10.39971],[116.80055,10.40259],[116.80201,10.40392],[116.80427,10.40215],[116.80649,10.40108],[116.80846,10.40099],[116.80868,10.39945],[116.80688,10.397],[116.80614,10.39465]]],[[[116.81166,10.40968],[116.81078,10.40888],[116.80895,10.40909],[116.80692,10.41114],[116.80698,10.41254],[116.80762,10.41419],[116.8086,10.41427],[116.80997,10.41311],[116.81136,10.41249],[116.81215,10.4112],[116.81166,10.40968]]],[[[116.6039,10.41007],[116.60262,10.40998],[116.60154,10.41129],[116.60134,10.41326],[116.60213,10.41534],[116.60294,10.4157],[116.60439,10.4151],[116.60489,10.41354],[116.6051,10.41185],[116.6039,10.41007]]],[[[114.54961,10.32217],[114.54837,10.32212],[114.54716,10.32451],[114.54691,10.32788],[114.54512,10.33201],[114.54385,10.33677],[114.5438,10.34085],[114.54498,10.34363],[114.54519,10.34571],[114.54461,10.34781],[114.54497,10.35043],[114.54577,10.3524],[114.54474,10.35479],[114.54423,10.35744],[114.54461,10.3606],[114.54743,10.36305],[114.54967,10.36715],[114.55321,10.37348],[114.5563,10.37856],[114.56062,10.38631],[114.56259,10.39079],[114.56423,10.39763],[114.56457,10.40261],[114.56575,10.40656],[114.56874,10.40886],[114.5695,10.40944],[114.57296,10.4116],[114.57587,10.41405],[114.57783,10.41662],[114.58043,10.41771],[114.58291,10.418],[114.58454,10.41749],[114.58817,10.41656],[114.59051,10.41531],[114.59199,10.41272],[114.59191,10.41037],[114.59137,10.40793],[114.58963,10.40481],[114.58631,10.40111],[114.58179,10.39753],[114.5801,10.39642],[114.57689,10.39442],[114.57495,10.39076],[114.57237,10.38604],[114.57071,10.37992],[114.56788,10.37284],[114.56572,10.36828],[114.56123,10.36117],[114.55976,10.35505],[114.55825,10.34929],[114.55863,10.34402],[114.55835,10.33949],[114.55664,10.33474],[114.5547,10.33135],[114.5508,10.32803],[114.54961,10.32217]]],[[[116.50721,10.35285],[116.50461,10.35155],[116.49953,10.35176],[116.49723,10.35073],[116.49497,10.35082],[116.49457,10.35136],[116.49733,10.35657],[116.50157,10.3634],[116.50669,10.37103],[116.50915,10.37912],[116.50912,10.38529],[116.50939,10.39173],[116.51208,10.39526],[116.51467,10.39628],[116.52004,10.40307],[116.52363,10.41106],[116.52783,10.41678],[116.5305,10.41975],[116.53264,10.42359],[116.53705,10.42762],[116.53839,10.42588],[116.53883,10.42278],[116.53803,10.4172],[116.53568,10.41505],[116.53225,10.41435],[116.53315,10.40871],[116.533,10.40507],[116.52831,10.40105],[116.5232,10.4007],[116.52088,10.39939],[116.51906,10.39638],[116.52273,10.3895],[116.52321,10.38051],[116.52329,10.37574],[116.51919,10.37227],[116.5148,10.37216],[116.51066,10.36785],[116.50718,10.36574],[116.50584,10.36075],[116.50732,10.35537],[116.50721,10.35285]]],[[[116.68925,10.4252],[116.6889,10.42353],[116.68762,10.42358],[116.68597,10.42477],[116.6862,10.42673],[116.68672,10.42766],[116.68818,10.42678],[116.68925,10.4252]]],[[[116.81673,10.42753],[116.81611,10.42615],[116.81437,10.42847],[116.81277,10.43049],[116.81243,10.43261],[116.81385,10.43378],[116.81518,10.43235],[116.81624,10.43077],[116.81722,10.42891],[116.81673,10.42753]]],[[[116.54327,10.43771],[116.54066,10.43613],[116.54039,10.43642],[116.5387,10.43677],[116.53859,10.44098],[116.53956,10.44374],[116.54184,10.44421],[116.54313,10.44107],[116.54327,10.43771]]],[[[116.8261,10.44323],[116.8252,10.44201],[116.8238,10.44235],[116.82093,10.44457],[116.82101,10.44639],[116.82265,10.44686],[116.82342,10.44671],[116.82519,10.44509],[116.8261,10.44323]]],[[[116.6316,10.44416],[116.62954,10.44228],[116.62699,10.44239],[116.62653,10.44493],[116.62691,10.44716],[116.62678,10.44745],[116.62917,10.44707],[116.63141,10.44642],[116.6316,10.44416]]],[[[116.55626,10.45062],[116.55392,10.44876],[116.54999,10.44948],[116.54577,10.45021],[116.54329,10.45171],[116.54301,10.452],[116.54403,10.45588],[116.54798,10.45572],[116.55268,10.45301],[116.55575,10.45204],[116.55626,10.45062]]],[[[115.73251,10.45977],[115.73179,10.45949],[115.73088,10.45999],[115.72986,10.46071],[115.72839,10.4618],[115.72772,10.46252],[115.72776,10.46344],[115.72791,10.46435],[115.72954,10.46441],[115.73068,10.46379],[115.73145,10.46273],[115.73234,10.46177],[115.73289,10.46095],[115.73298,10.46014],[115.73274,10.4598],[115.73251,10.45977]]],[[[116.64246,10.46],[116.64131,10.45949],[116.63968,10.46124],[116.63943,10.46209],[116.63984,10.46488],[116.64147,10.46341],[116.64282,10.46167],[116.64246,10.46]]],[[[116.55615,10.46155],[116.55526,10.46047],[116.55299,10.46056],[116.54853,10.46215],[116.54916,10.46352],[116.55121,10.4654],[116.55456,10.46414],[116.55615,10.46155]]],[[[116.83515,10.45503],[116.83369,10.45397],[116.83237,10.45599],[116.83123,10.45898],[116.82964,10.46143],[116.82936,10.4648],[116.8303,10.467],[116.83114,10.46731],[116.8332,10.46548],[116.83403,10.4618],[116.83628,10.45835],[116.83649,10.45652],[116.83515,10.45503]]],[[[115.78897,10.4591],[115.78787,10.45765],[115.7862,10.45656],[115.7836,10.45562],[115.78069,10.4555],[115.77919,10.45555],[115.77838,10.4557],[115.77362,10.45588],[115.7713,10.45608],[115.77075,10.45679],[115.77134,10.45723],[115.77311,10.45774],[115.77497,10.45778],[115.77741,10.45769],[115.77881,10.45787],[115.78152,10.45892],[115.78321,10.46047],[115.78408,10.46204],[115.78496,10.46385],[115.78597,10.466],[115.78673,10.46758],[115.78773,10.46939],[115.78871,10.47073],[115.78932,10.4714],[115.79037,10.47159],[115.79129,10.47133],[115.79173,10.47062],[115.79168,10.46924],[115.79149,10.46729],[115.79103,10.46432],[115.79021,10.46113],[115.78897,10.4591]]],[[[116.85322,10.47479],[116.84721,10.47281],[116.84468,10.47305],[116.8469,10.47547],[116.85005,10.4766],[116.85031,10.47938],[116.85017,10.4826],[116.8518,10.48435],[116.85679,10.48567],[116.86157,10.48697],[116.86344,10.48452],[116.8649,10.48264],[116.86565,10.48024],[116.86527,10.47802],[116.86375,10.47714],[116.8599,10.47604],[116.85647,10.47493],[116.85322,10.47479]]],[[[116.87893,10.49526],[116.87759,10.49378],[116.87633,10.49411],[116.87685,10.49633],[116.87753,10.49882],[116.87578,10.50099],[116.87433,10.50329],[116.87482,10.50481],[116.87715,10.50331],[116.87971,10.5004],[116.88092,10.49882],[116.88287,10.49817],[116.88254,10.49707],[116.8804,10.4966],[116.87893,10.49526]]],[[[116.69706,10.50469],[116.6959,10.50418],[116.69428,10.50593],[116.69403,10.50678],[116.69443,10.50957],[116.69607,10.5081],[116.69741,10.50636],[116.69706,10.50469]]],[[[115.70586,10.48392],[115.70481,10.48384],[115.70435,10.48397],[115.70391,10.48457],[115.70278,10.48553],[115.70201,10.48659],[115.7016,10.48799],[115.70165,10.48937],[115.70194,10.49085],[115.70268,10.49209],[115.70415,10.49399],[115.70573,10.496],[115.70671,10.49735],[115.70769,10.49858],[115.70892,10.50037],[115.71003,10.50217],[115.71133,10.50581],[115.71246,10.50795],[115.71356,10.50941],[115.71502,10.51108],[115.71683,10.51285],[115.71778,10.51339],[115.71882,10.51313],[115.71937,10.5123],[115.71978,10.5109],[115.71937,10.50942],[115.71849,10.50762],[115.71725,10.50559],[115.71624,10.50333],[115.71488,10.50119],[115.71349,10.49836],[115.71199,10.49543],[115.71063,10.49329],[115.7089,10.49071],[115.70768,10.48903],[115.70729,10.48789],[115.70737,10.48685],[115.70743,10.48559],[115.70681,10.48446],[115.70586,10.48392]]],[[[116.56603,10.49323],[116.5631,10.4924],[116.55975,10.49366],[116.55545,10.49566],[116.55234,10.49929],[116.55156,10.50423],[116.55185,10.50772],[116.55355,10.5113],[116.55656,10.51384],[116.55961,10.51568],[116.56271,10.51542],[116.56547,10.51362],[116.5682,10.51121],[116.56971,10.50681],[116.57029,10.5037],[116.56953,10.49911],[116.56828,10.49608],[116.56603,10.49323]]],[[[116.65157,10.51643],[116.65122,10.51596],[116.65066,10.51623],[116.64992,10.51626],[116.64961,10.51668],[116.64932,10.5175],[116.64927,10.51848],[116.64946,10.51904],[116.65013,10.51934],[116.65103,10.5193],[116.65151,10.51879],[116.65172,10.51814],[116.65169,10.5174],[116.65157,10.51643]]],[[[115.72756,10.52609],[115.72645,10.52608],[115.72595,10.5265],[115.72537,10.52729],[115.72556,10.52864],[115.7259,10.52989],[115.72647,10.53108],[115.72727,10.53232],[115.72819,10.53361],[115.72952,10.535],[115.7309,10.53598],[115.73226,10.53662],[115.73397,10.53725],[115.7352,10.53749],[115.7366,10.53761],[115.7384,10.53766],[115.74038,10.53764],[115.74206,10.53758],[115.74397,10.53734],[115.74587,10.53698],[115.74695,10.53625],[115.74733,10.53555],[115.74731,10.53491],[115.74699,10.53406],[115.74586,10.53342],[115.74404,10.53308],[115.74152,10.53242],[115.73917,10.53182],[115.73699,10.5311],[115.73538,10.53012],[115.73193,10.52806],[115.73045,10.52725],[115.72868,10.52657],[115.72756,10.52609]]],[[[116.57386,10.5231],[116.56945,10.52243],[116.56612,10.52411],[116.56769,10.52784],[116.56927,10.5317],[116.57255,10.53577],[116.57532,10.53776],[116.57766,10.53612],[116.57983,10.53118],[116.57907,10.52905],[116.57674,10.52747],[116.57464,10.52475],[116.57386,10.5231]]],[[[115.80216,10.53397],[115.80145,10.53055],[115.80029,10.52772],[115.79998,10.52554],[115.79976,10.5229],[115.79931,10.52016],[115.79914,10.51591],[115.79864,10.5119],[115.79787,10.50675],[115.79628,10.50175],[115.79376,10.49655],[115.792,10.49305],[115.79143,10.49031],[115.79104,10.48629],[115.79119,10.4841],[115.79118,10.48053],[115.7914,10.4795],[115.78559,10.47399],[115.7823,10.46624],[115.78016,10.46511],[115.77825,10.46386],[115.77642,10.463],[115.77498,10.46196],[115.77368,10.46126],[115.77262,10.46096],[115.77025,10.46139],[115.76875,10.46226],[115.76708,10.46266],[115.76436,10.46236],[115.7634,10.46164],[115.76244,10.46082],[115.76149,10.46016],[115.76107,10.45995],[115.75763,10.46105],[115.75504,10.46178],[115.75245,10.46257],[115.74993,10.46352],[115.7473,10.4646],[115.74537,10.46588],[115.74334,10.46774],[115.74178,10.46952],[115.74071,10.47036],[115.73853,10.47108],[115.73684,10.47085],[115.7356,10.47038],[115.73416,10.47061],[115.73318,10.47081],[115.72907,10.47286],[115.72742,10.47385],[115.72618,10.47487],[115.72516,10.47571],[115.7244,10.47695],[115.7238,10.47812],[115.72358,10.47997],[115.72364,10.48152],[115.72349,10.48222],[115.72345,10.48226],[115.71883,10.48532],[115.71962,10.48633],[115.72015,10.48804],[115.72029,10.49005],[115.72113,10.49249],[115.72233,10.49492],[115.72451,10.49737],[115.72689,10.50033],[115.72876,10.50354],[115.72956,10.50639],[115.72975,10.50834],[115.73006,10.51029],[115.73115,10.51146],[115.73269,10.5122],[115.7402,10.51035],[115.74338,10.50995],[115.74057,10.51134],[115.7391,10.51483],[115.73646,10.51924],[115.73528,10.52181],[115.74998,10.53476],[115.75084,10.53438],[115.75238,10.53381],[115.75427,10.53287],[115.75581,10.53218],[115.75765,10.53166],[115.75933,10.53136],[115.76164,10.53111],[115.76442,10.53083],[115.76674,10.53074],[115.76866,10.53073],[115.77036,10.53096],[115.77247,10.53139],[115.77553,10.53237],[115.77783,10.53338],[115.77967,10.53429],[115.78116,10.53521],[115.78283,10.5363],[115.7843,10.53694],[115.78605,10.53849],[115.78762,10.54004],[115.78928,10.54078],[115.7909,10.54072],[115.79344,10.54028],[115.79645,10.53982],[115.79921,10.53903],[115.80081,10.53828],[115.80159,10.53733],[115.80223,10.53581],[115.80216,10.53397]]],[[[116.69682,10.53945],[116.69649,10.53834],[116.6955,10.53838],[116.69538,10.53895],[116.6932,10.54101],[116.69277,10.54411],[116.69418,10.54405],[116.69579,10.54174],[116.69682,10.53945]]],[[[116.5985,10.55182],[116.59843,10.55014],[116.59572,10.54969],[116.59408,10.55116],[116.59122,10.55044],[116.58871,10.54802],[116.5869,10.54528],[116.58822,10.54299],[116.59203,10.54283],[116.59337,10.54095],[116.59315,10.53914],[116.59025,10.53743],[116.58779,10.53613],[116.58696,10.53673],[116.58625,10.53998],[116.58535,10.54212],[116.58168,10.54384],[116.58377,10.54668],[116.58606,10.55079],[116.58857,10.55489],[116.59191,10.55686],[116.5943,10.55648],[116.59674,10.55386],[116.5985,10.55182]]],[[[116.90381,10.55023],[116.90587,10.54889],[116.90883,10.54904],[116.91359,10.55149],[116.92024,10.55526],[116.92782,10.55773],[116.93447,10.55966],[116.93571,10.55982],[116.93948,10.55989],[116.94295,10.55876],[116.94495,10.55616],[116.9468,10.55329],[116.94732,10.55062],[116.94693,10.54812],[116.94499,10.54555],[116.94096,10.53734],[116.93801,10.53258],[116.93559,10.52891],[116.93197,10.52669],[116.92895,10.52528],[116.9244,10.52436],[116.91781,10.52198],[116.91286,10.5201],[116.90826,10.51806],[116.9036,10.51449],[116.90011,10.51212],[116.89705,10.50988],[116.89537,10.51009],[116.89547,10.51246],[116.89746,10.51587],[116.89929,10.51914],[116.89869,10.52154],[116.89656,10.52442],[116.89298,10.52974],[116.88981,10.53463],[116.88758,10.53681],[116.88269,10.54107],[116.87991,10.54524],[116.8761,10.54861],[116.87332,10.55264],[116.87271,10.55644],[116.87343,10.56018],[116.87607,10.56244],[116.87777,10.56265],[116.88041,10.56184],[116.88381,10.55876],[116.88821,10.5562],[116.89299,10.55586],[116.90089,10.55273],[116.90381,10.55023]]],[[[116.61974,10.56722],[116.61962,10.56428],[116.61689,10.56327],[116.61325,10.5644],[116.60934,10.56555],[116.60665,10.56552],[116.60457,10.56804],[116.60706,10.57209],[116.61014,10.57463],[116.61253,10.57411],[116.61642,10.57241],[116.61844,10.56994],[116.61974,10.56722]]],[[[116.86081,10.57062],[116.86004,10.56926],[116.8585,10.56946],[116.85638,10.57291],[116.85356,10.57625],[116.85336,10.57822],[116.8544,10.57943],[116.85462,10.57957],[116.85694,10.57933],[116.85855,10.5773],[116.85954,10.57404],[116.86081,10.57062]]],[[[116.62754,10.57742],[116.62705,10.57604],[116.62553,10.5768],[116.62519,10.57892],[116.62295,10.57957],[116.62109,10.58052],[116.62207,10.58214],[116.62351,10.58264],[116.62531,10.58172],[116.62677,10.57942],[116.62754,10.57742]]],[[[116.6448,10.58541],[116.64253,10.58536],[116.63956,10.58562],[116.63674,10.58574],[116.63554,10.58747],[116.63534,10.5879],[116.63888,10.58958],[116.64201,10.58987],[116.64469,10.58962],[116.6455,10.58861],[116.64598,10.58662],[116.6448,10.58541]]],[[[116.65635,10.59082],[116.65629,10.58942],[116.65446,10.5895],[116.65226,10.59113],[116.65234,10.59295],[116.65249,10.59323],[116.65446,10.59286],[116.65635,10.59082]]],[[[116.84776,10.58607],[116.84711,10.58413],[116.84404,10.5851],[116.84094,10.58524],[116.83844,10.58632],[116.83858,10.58953],[116.83704,10.59324],[116.83747,10.59501],[116.84163,10.59151],[116.84479,10.58927],[116.84697,10.5875],[116.84776,10.58607]]],[[[116.66925,10.59281],[116.66738,10.59205],[116.66587,10.5931],[116.66553,10.59339],[116.66756,10.59625],[116.66893,10.59844],[116.67092,10.59864],[116.67112,10.59681],[116.67061,10.59472],[116.66925,10.59281]]],[[[116.68424,10.6072],[116.68402,10.60707],[116.68177,10.60745],[116.68056,10.60904],[116.68082,10.61001],[116.68212,10.61066],[116.68412,10.61114],[116.68498,10.61138],[116.68563,10.61009],[116.68512,10.60801],[116.68424,10.6072]]],[[[116.71237,10.61754],[116.712,10.61728],[116.71098,10.6183],[116.71021,10.62002],[116.71055,10.6214],[116.71125,10.62138],[116.7126,10.61978],[116.71311,10.61835],[116.71237,10.61754]]],[[[116.73576,10.62471],[116.73596,10.62287],[116.73331,10.62382],[116.72824,10.62446],[116.72428,10.62448],[116.72196,10.62654],[116.7221,10.62668],[116.72618,10.62917],[116.72964,10.63071],[116.7325,10.63129],[116.73412,10.62954],[116.73528,10.62683],[116.73576,10.62471]]],[[[116.74758,10.63123],[116.74625,10.63002],[116.74472,10.6305],[116.7434,10.6328],[116.74214,10.63314],[116.74179,10.63329],[116.74091,10.63417],[116.7428,10.63535],[116.74559,10.63426],[116.74749,10.63235],[116.74758,10.63123]]],[[[116.76388,10.64135],[116.75969,10.63942],[116.75635,10.63759],[116.7532,10.63674],[116.75125,10.63753],[116.75061,10.63924],[116.75391,10.64022],[116.75716,10.63995],[116.7612,10.6416],[116.7641,10.6433],[116.76597,10.64393],[116.76837,10.64369],[116.76917,10.64253],[116.7673,10.64191],[116.76388,10.64135]]],[[[115.86296,10.6474],[115.86179,10.64619],[115.85943,10.64684],[115.86024,10.64973],[115.86271,10.65199],[115.86724,10.65308],[115.87084,10.6553],[115.87364,10.65881],[115.87458,10.66141],[115.87626,10.66135],[115.8776,10.65963],[115.87621,10.65635],[115.87338,10.65201],[115.87032,10.64921],[115.86776,10.64833],[115.86551,10.648],[115.86296,10.6474]]],[[[114.42544,10.66332],[114.42284,10.66286],[114.41973,10.66317],[114.41741,10.66484],[114.41654,10.66796],[114.41704,10.66996],[114.41908,10.67331],[114.42095,10.67464],[114.42191,10.67439],[114.42233,10.67417],[114.42423,10.67294],[114.42651,10.66999],[114.426,10.66745],[114.42656,10.66467],[114.42544,10.66332]]],[[[114.38829,10.66949],[114.38582,10.66946],[114.38487,10.67023],[114.38341,10.67166],[114.38316,10.67422],[114.38398,10.67622],[114.38532,10.67778],[114.38707,10.67793],[114.39001,10.67614],[114.39082,10.67473],[114.39077,10.67314],[114.38984,10.67083],[114.38829,10.66949]]],[[[114.46295,10.67376],[114.46068,10.67351],[114.45919,10.67398],[114.45783,10.67519],[114.45637,10.67652],[114.45568,10.67867],[114.45631,10.68001],[114.45697,10.68031],[114.45857,10.67983],[114.45983,10.67873],[114.46148,10.67666],[114.46296,10.67576],[114.46433,10.67487],[114.46425,10.67404],[114.46295,10.67376]]],[[[116.81629,10.65831],[116.81573,10.6519],[116.81618,10.64586],[116.81496,10.63555],[116.81444,10.62998],[116.81485,10.62478],[116.81536,10.62028],[116.81873,10.6165],[116.82293,10.61226],[116.82638,10.60876],[116.82814,10.60687],[116.82806,10.60491],[116.82597,10.60234],[116.82061,10.60256],[116.81544,10.6074],[116.81257,10.61284],[116.81116,10.62284],[116.81004,10.63282],[116.80952,10.639],[116.80716,10.6433],[116.80142,10.6511],[116.79464,10.65614],[116.78973,10.65691],[116.78531,10.65611],[116.78341,10.65465],[116.7823,10.65176],[116.78042,10.65072],[116.77511,10.65234],[116.77406,10.6542],[116.77666,10.65718],[116.77965,10.66083],[116.78494,10.66551],[116.78958,10.66825],[116.79379,10.67088],[116.79779,10.67351],[116.80194,10.67795],[116.80276,10.67901],[116.80554,10.68388],[116.80719,10.68881],[116.80892,10.69124],[116.81212,10.69118],[116.8134,10.68805],[116.81509,10.68141],[116.81546,10.67681],[116.81571,10.67457],[116.81653,10.6689],[116.81656,10.66303],[116.81629,10.65831]]],[[[114.49399,10.68586],[114.49108,10.68563],[114.48742,10.68564],[114.48541,10.68682],[114.48424,10.68819],[114.48445,10.68962],[114.48529,10.69072],[114.48637,10.6909],[114.48909,10.69096],[114.4912,10.69111],[114.4933,10.69137],[114.49577,10.69262],[114.4979,10.69373],[114.49902,10.69424],[114.50042,10.6943],[114.50155,10.694],[114.50271,10.69332],[114.50331,10.69192],[114.50237,10.69109],[114.50115,10.69001],[114.49856,10.68812],[114.49577,10.68687],[114.49399,10.68586]]],[[[114.36043,10.7072],[114.36312,10.7069],[114.36533,10.70702],[114.36671,10.70645],[114.36806,10.70481],[114.36848,10.7028],[114.36641,10.70211],[114.36297,10.70222],[114.36063,10.70293],[114.35818,10.70396],[114.35758,10.70547],[114.35827,10.70673],[114.36043,10.7072]]],[[[114.35162,10.70405],[114.34965,10.70305],[114.34676,10.70345],[114.34522,10.70435],[114.34517,10.70606],[114.34664,10.70825],[114.34871,10.70904],[114.34983,10.7088],[114.35175,10.70821],[114.35288,10.70647],[114.35295,10.70518],[114.35162,10.70405]]],[[[114.33413,10.69701],[114.33092,10.69434],[114.3289,10.69334],[114.32816,10.69394],[114.32513,10.69456],[114.32408,10.69423],[114.32267,10.69363],[114.32196,10.69152],[114.32128,10.69058],[114.31942,10.68947],[114.3178,10.68951],[114.31632,10.6902],[114.31541,10.69225],[114.31603,10.69468],[114.3185,10.69813],[114.32049,10.70048],[114.32153,10.70171],[114.32476,10.70572],[114.32746,10.70937],[114.32854,10.71146],[114.3302,10.71269],[114.33122,10.71266],[114.33257,10.71124],[114.33251,10.70932],[114.33073,10.70735],[114.3305,10.70522],[114.33162,10.70295],[114.33285,10.70089],[114.33465,10.69988],[114.33515,10.6989],[114.33413,10.69701]]],[[[114.5143,10.69582],[114.51221,10.69546],[114.51304,10.69828],[114.51623,10.70036],[114.51909,10.70214],[114.52224,10.70371],[114.52374,10.70531],[114.52391,10.70707],[114.52386,10.70904],[114.5231,10.71131],[114.52317,10.71365],[114.5238,10.71651],[114.52448,10.71841],[114.52636,10.7199],[114.52923,10.72029],[114.53371,10.72052],[114.53571,10.72094],[114.53755,10.722],[114.53927,10.72366],[114.54075,10.72596],[114.54175,10.72699],[114.54291,10.72706],[114.54353,10.72603],[114.54266,10.72419],[114.54098,10.72238],[114.53967,10.71991],[114.53844,10.71781],[114.53555,10.71667],[114.53346,10.71315],[114.53255,10.71077],[114.53159,10.70781],[114.52968,10.70446],[114.52759,10.70292],[114.5262,10.70174],[114.525,10.70028],[114.52303,10.69949],[114.52096,10.69865],[114.51785,10.69747],[114.5143,10.69582]]],[[[114.34378,10.71857],[114.3415,10.718],[114.34044,10.71857],[114.33996,10.72039],[114.34241,10.72309],[114.34519,10.72599],[114.34707,10.72753],[114.34999,10.72787],[114.35331,10.72755],[114.35546,10.72738],[114.35704,10.72627],[114.35731,10.72434],[114.35596,10.72268],[114.35141,10.72154],[114.34793,10.72036],[114.34619,10.71988],[114.34569,10.71958],[114.34378,10.71857]]],[[[116.17342,10.60443],[116.16596,10.60416],[116.16204,10.60445],[116.15927,10.60553],[116.15876,10.60848],[116.15907,10.61278],[116.16028,10.61844],[116.16116,10.62286],[116.16036,10.6293],[116.15993,10.63976],[116.15961,10.64771],[116.15993,10.65233],[116.16001,10.6542],[116.16009,10.65618],[116.16015,10.65952],[116.16228,10.66347],[116.16362,10.66885],[116.16508,10.67395],[116.16522,10.67909],[116.16631,10.68532],[116.1657,10.69119],[116.1657,10.69996],[116.16464,10.70529],[116.16281,10.70871],[116.16137,10.71308],[116.16147,10.71572],[116.16258,10.71874],[116.16534,10.721],[116.16859,10.72491],[116.17016,10.72722],[116.17293,10.72976],[116.17516,10.72911],[116.17525,10.72605],[116.17428,10.71954],[116.17455,10.71201],[116.17521,10.70586],[116.17496,10.69946],[116.17384,10.69602],[116.17635,10.68674],[116.1792,10.6805],[116.1853,10.66968],[116.19121,10.66262],[116.19399,10.66001],[116.19651,10.65629],[116.19892,10.65327],[116.2001,10.65114],[116.20287,10.65006],[116.20567,10.64633],[116.20605,10.64353],[116.20574,10.63936],[116.20222,10.6356],[116.19863,10.63031],[116.19281,10.62358],[116.19052,10.61893],[116.18785,10.61542],[116.18481,10.6115],[116.18175,10.60883],[116.17729,10.60608],[116.17342,10.60443]]],[[[114.39656,10.73369],[114.39461,10.73332],[114.39263,10.7336],[114.39128,10.73534],[114.39113,10.73727],[114.39172,10.73906],[114.39274,10.74052],[114.39501,10.74098],[114.39783,10.74154],[114.39967,10.74191],[114.40118,10.74207],[114.40246,10.74182],[114.40304,10.74148],[114.40443,10.74102],[114.4045,10.73984],[114.40414,10.73879],[114.40272,10.73809],[114.40127,10.73632],[114.39875,10.73501],[114.39656,10.73369]]],[[[114.41757,10.74663],[114.41593,10.74572],[114.41395,10.74602],[114.41258,10.74713],[114.41275,10.74915],[114.41259,10.75075],[114.41383,10.75252],[114.4157,10.75396],[114.41746,10.75508],[114.41908,10.75513],[114.42066,10.75402],[114.42103,10.75387],[114.42185,10.75267],[114.42125,10.75056],[114.41955,10.74796],[114.41757,10.74663]]],[[[116.68864,10.79332],[116.69226,10.7922],[116.69522,10.79221],[116.69757,10.791],[116.6985,10.79024],[116.69602,10.78786],[116.69308,10.78505],[116.69144,10.78289],[116.68913,10.78159],[116.68457,10.78052],[116.68182,10.77883],[116.68001,10.77946],[116.68024,10.7814],[116.68204,10.78411],[116.68193,10.78802],[116.68319,10.79132],[116.68565,10.79275],[116.68864,10.79332]]],[[[114.5768,10.73892],[114.57286,10.73712],[114.56944,10.73808],[114.56525,10.73832],[114.56334,10.73944],[114.56274,10.74074],[114.56407,10.74198],[114.56799,10.74314],[114.56943,10.74448],[114.56955,10.7449],[114.57142,10.74921],[114.57297,10.75396],[114.57408,10.75851],[114.57483,10.76331],[114.57586,10.76861],[114.57602,10.77362],[114.57477,10.77985],[114.57401,10.78318],[114.57215,10.78548],[114.57011,10.78747],[114.56809,10.7886],[114.56804,10.79009],[114.56998,10.79024],[114.57195,10.79104],[114.57396,10.79332],[114.57474,10.79426],[114.57572,10.79455],[114.57762,10.79321],[114.57986,10.78919],[114.58168,10.78529],[114.58286,10.78162],[114.58442,10.78008],[114.58586,10.77779],[114.58718,10.77519],[114.58829,10.77281],[114.58868,10.76981],[114.58889,10.76639],[114.58784,10.76397],[114.58606,10.76221],[114.58351,10.75994],[114.58071,10.75491],[114.57856,10.75177],[114.57931,10.74823],[114.57913,10.74439],[114.5786,10.74121],[114.5768,10.73892]]],[[[114.46076,10.79203],[114.4579,10.78264],[114.45609,10.78312],[114.45669,10.79269],[114.4572,10.79512],[114.45865,10.79678],[114.46008,10.79704],[114.46131,10.79585],[114.46191,10.79434],[114.46076,10.79203]]],[[[116.27398,10.79478],[116.27149,10.7939],[116.26678,10.79576],[116.25999,10.79839],[116.25735,10.79919],[116.25436,10.80181],[116.25264,10.80453],[116.25432,10.80766],[116.25814,10.81183],[116.26205,10.81293],[116.26543,10.81279],[116.26828,10.81211],[116.27108,10.80993],[116.27317,10.80595],[116.27395,10.80104],[116.27437,10.79741],[116.27398,10.79478]]],[[[116.0944,10.79922],[116.09336,10.79814],[116.09167,10.79848],[116.08929,10.79942],[116.08866,10.80127],[116.08752,10.80496],[116.08737,10.8082],[116.08791,10.81113],[116.08884,10.8132],[116.09053,10.81415],[116.09212,10.81335],[116.09423,10.80948],[116.0952,10.80509],[116.09577,10.80155],[116.0944,10.79922]]],[[[116.18509,10.73144],[116.18297,10.73096],[116.18048,10.73203],[116.17769,10.73256],[116.17669,10.7358],[116.17918,10.74169],[116.18115,10.74523],[116.18227,10.74881],[116.18409,10.75208],[116.18503,10.75455],[116.18533,10.75857],[116.18491,10.76207],[116.1841,10.76809],[116.1859,10.77456],[116.18752,10.77979],[116.1892,10.78487],[116.19193,10.78992],[116.19342,10.79557],[116.19535,10.79995],[116.19878,10.80483],[116.20149,10.80932],[116.20258,10.81192],[116.20571,10.81444],[116.20785,10.81533],[116.20939,10.81353],[116.20858,10.8089],[116.20841,10.80459],[116.20787,10.80169],[116.20509,10.79887],[116.20102,10.79569],[116.19672,10.79182],[116.19586,10.78809],[116.19725,10.78414],[116.19937,10.78072],[116.19926,10.77794],[116.19805,10.77423],[116.19352,10.76981],[116.18938,10.76482],[116.18852,10.76082],[116.18818,10.75763],[116.19015,10.75407],[116.1906,10.75127],[116.18881,10.74883],[116.1872,10.74723],[116.1868,10.74418],[116.1879,10.74177],[116.18802,10.73787],[116.18603,10.73377],[116.18509,10.73144]]],[[[116.70221,10.81177],[116.70144,10.81027],[116.69961,10.81034],[116.69785,10.81209],[116.69712,10.81477],[116.69859,10.81611],[116.69979,10.8156],[116.701,10.81322],[116.70221,10.81177]]],[[[114.57577,10.80107],[114.57457,10.80057],[114.57374,10.80156],[114.57368,10.80316],[114.57378,10.80625],[114.5744,10.80869],[114.5747,10.81135],[114.57483,10.81529],[114.57615,10.81632],[114.57828,10.81654],[114.57964,10.81575],[114.58046,10.81455],[114.57953,10.81245],[114.579,10.80916],[114.57816,10.80662],[114.57779,10.80504],[114.57722,10.80262],[114.57577,10.80107]]],[[[114.49187,10.81248],[114.49009,10.81094],[114.4887,10.81098],[114.48662,10.80998],[114.48512,10.81024],[114.48369,10.81274],[114.48367,10.81529],[114.48645,10.8183],[114.48868,10.82079],[114.49057,10.82243],[114.49213,10.8226],[114.49466,10.82092],[114.49546,10.81887],[114.49488,10.81601],[114.49298,10.81373],[114.49187,10.81248]]],[[[116.66029,10.77165],[116.65447,10.77064],[116.6466,10.77124],[116.6431,10.7718],[116.63569,10.77504],[116.63091,10.77886],[116.62768,10.78249],[116.62238,10.78731],[116.61862,10.79165],[116.6175,10.79686],[116.61736,10.80357],[116.61788,10.80927],[116.61908,10.81271],[116.62028,10.81783],[116.62229,10.82194],[116.62481,10.82476],[116.6267,10.82455],[116.62874,10.82265],[116.62994,10.81785],[116.63027,10.81211],[116.63089,10.81013],[116.63274,10.80727],[116.6374,10.80568],[116.64131,10.80482],[116.64375,10.80249],[116.64562,10.7999],[116.64903,10.7971],[116.65275,10.79513],[116.65637,10.79387],[116.65964,10.79136],[116.66118,10.78934],[116.66222,10.78721],[116.66455,10.78557],[116.66718,10.78435],[116.67007,10.78269],[116.67237,10.7805],[116.67283,10.77641],[116.67096,10.77372],[116.66029,10.77165]]],[[[116.71721,10.81659],[116.71536,10.81597],[116.7129,10.81789],[116.71142,10.81962],[116.71108,10.82145],[116.71246,10.82418],[116.71461,10.82493],[116.71769,10.82438],[116.71906,10.82306],[116.71993,10.8208],[116.71927,10.8186],[116.71721,10.81659]]],[[[116.78567,10.81374],[116.78269,10.81316],[116.78181,10.81418],[116.78106,10.8163],[116.78297,10.81803],[116.78606,10.82125],[116.789,10.82392],[116.79176,10.82576],[116.79683,10.82582],[116.80093,10.82607],[116.80458,10.82564],[116.80844,10.82483],[116.81081,10.82301],[116.81243,10.82126],[116.8141,10.8191],[116.81321,10.81816],[116.80908,10.81708],[116.80295,10.81552],[116.79502,10.81488],[116.78906,10.81387],[116.78567,10.81374]]],[[[116.76315,10.81621],[116.76083,10.81463],[116.75832,10.81516],[116.75573,10.81722],[116.7546,10.81894],[116.75539,10.82086],[116.75759,10.823],[116.75939,10.82544],[116.76174,10.82771],[116.76444,10.82816],[116.7679,10.82676],[116.76978,10.82385],[116.76884,10.82072],[116.76604,10.81777],[116.76315,10.81621]]],[[[115.86994,10.78887],[115.87105,10.78493],[115.87061,10.78064],[115.87187,10.77698],[115.87407,10.77217],[115.87435,10.76646],[115.87497,10.76074],[115.87728,10.75509],[115.88178,10.74616],[115.88329,10.73805],[115.88522,10.73144],[115.88541,10.72559],[115.88693,10.72123],[115.88827,10.7177],[115.89115,10.71245],[115.89254,10.70837],[115.89536,10.70507],[115.89783,10.70178],[115.89855,10.69855],[115.89745,10.6954],[115.89463,10.69147],[115.89192,10.68671],[115.88885,10.68182],[115.88723,10.67604],[115.88422,10.6712],[115.88159,10.66685],[115.88067,10.66466],[115.87922,10.6636],[115.87716,10.66479],[115.87744,10.66825],[115.87913,10.67222],[115.88276,10.67542],[115.88382,10.67746],[115.8832,10.67943],[115.88188,10.6817],[115.87958,10.68374],[115.87584,10.68513],[115.87434,10.6863],[115.87334,10.68939],[115.87362,10.69132],[115.87637,10.69344],[115.87871,10.696],[115.88026,10.69983],[115.8804,10.70344],[115.88026,10.70706],[115.88072,10.70996],[115.88306,10.71237],[115.88339,10.71361],[115.88233,10.71531],[115.88027,10.7165],[115.8781,10.71839],[115.87569,10.71959],[115.8722,10.72],[115.86824,10.72304],[115.86477,10.72776],[115.86166,10.73469],[115.85772,10.74178],[115.85773,10.74915],[115.85763,10.75221],[115.859,10.7548],[115.86211,10.75538],[115.86471,10.75362],[115.86621,10.75245],[115.8692,10.75359],[115.87173,10.75738],[115.87076,10.76145],[115.87116,10.76436],[115.87034,10.76689],[115.86984,10.76708],[115.86545,10.76903],[115.86208,10.76905],[115.86068,10.76903],[115.85863,10.76693],[115.85507,10.76414],[115.85073,10.7656],[115.84881,10.76738],[115.84576,10.7714],[115.84552,10.77459],[115.84826,10.77498],[115.85067,10.77342],[115.85314,10.77333],[115.85633,10.77293],[115.85653,10.77297],[115.85718,10.7753],[115.85525,10.77829],[115.85264,10.78145],[115.84974,10.78434],[115.84505,10.78674],[115.83932,10.78751],[115.83509,10.78683],[115.83296,10.78622],[115.8299,10.78703],[115.82757,10.78851],[115.82557,10.78775],[115.82347,10.78616],[115.82127,10.7836],[115.81915,10.78326],[115.81624,10.78434],[115.81532,10.78229],[115.81685,10.77806],[115.81931,10.77283],[115.82252,10.7684],[115.82519,10.76663],[115.82731,10.76349],[115.82793,10.76139],[115.82428,10.76124],[115.82304,10.76185],[115.82126,10.75941],[115.82082,10.75526],[115.82006,10.75376],[115.81756,10.75065],[115.81595,10.74348],[115.81525,10.73976],[115.81834,10.73631],[115.81852,10.73352],[115.8169,10.72969],[115.81336,10.72898],[115.81246,10.72735],[115.81624,10.72346],[115.81776,10.72271],[115.82425,10.72358],[115.82703,10.72305],[115.8296,10.72046],[115.83069,10.71597],[115.8308,10.71332],[115.83088,10.7079],[115.83226,10.70354],[115.83259,10.69769],[115.83375,10.69306],[115.83587,10.68964],[115.83522,10.68731],[115.8346,10.68232],[115.83513,10.67535],[115.83661,10.67201],[115.83873,10.66873],[115.8396,10.66592],[115.83906,10.66261],[115.83891,10.66053],[115.83725,10.65753],[115.83716,10.65531],[115.83715,10.65128],[115.83728,10.64739],[115.83888,10.64705],[115.84128,10.64738],[115.84261,10.64538],[115.84326,10.64036],[115.8448,10.63655],[115.84725,10.63479],[115.84819,10.63739],[115.84959,10.64082],[115.85266,10.64417],[115.85484,10.64618],[115.85665,10.64569],[115.85697,10.64304],[115.85417,10.63953],[115.85097,10.6366],[115.84976,10.63442],[115.848,10.62948],[115.84608,10.62518],[115.845,10.62001],[115.84493,10.61806],[115.842,10.61491],[115.83769,10.6093],[115.83648,10.60706],[115.83186,10.60077],[115.83016,10.59861],[115.82749,10.59572],[115.82453,10.59528],[115.82333,10.59775],[115.82318,10.60137],[115.82114,10.60673],[115.81839,10.61169],[115.81784,10.61574],[115.81857,10.61849],[115.82041,10.62245],[115.82185,10.62712],[115.82173,10.63144],[115.82041,10.63524],[115.81924,10.63778],[115.81982,10.64207],[115.82044,10.64718],[115.82195,10.65185],[115.8218,10.65519],[115.82096,10.65911],[115.81998,10.66276],[115.81945,10.66903],[115.81821,10.67339],[115.81736,10.67675],[115.81738,10.67727],[115.81579,10.68178],[115.81342,10.68576],[115.81108,10.69057],[115.8086,10.69942],[115.80675,10.70783],[115.80564,10.71565],[115.80451,10.72473],[115.80393,10.73142],[115.80365,10.73713],[115.80605,10.74121],[115.80829,10.74474],[115.80845,10.74891],[115.80868,10.75307],[115.81035,10.76009],[115.81055,10.76537],[115.80833,10.77157],[115.80602,10.77721],[115.80548,10.78154],[115.80555,10.78516],[115.80682,10.789],[115.80806,10.79201],[115.81018,10.7961],[115.81236,10.79797],[115.81361,10.8032],[115.81502,10.81066],[115.81755,10.81446],[115.82069,10.81768],[115.82425,10.82269],[115.82737,10.82716],[115.83115,10.83049],[115.83362,10.83068],[115.83526,10.82964],[115.83725,10.82637],[115.8388,10.82298],[115.84239,10.81756],[115.84635,10.81088],[115.8477,10.80777],[115.84982,10.80436],[115.8524,10.80204],[115.85632,10.80175],[115.8595,10.80052],[115.86158,10.79988],[115.86453,10.79616],[115.86789,10.79228],[115.86994,10.78887]]],[[[116.31091,10.83146],[116.32011,10.83096],[116.33039,10.83125],[116.33337,10.83174],[116.33734,10.82878],[116.33533,10.82301],[116.3356,10.82081],[116.33053,10.81732],[116.32617,10.81735],[116.31961,10.81873],[116.31258,10.81887],[116.30496,10.81652],[116.2989,10.81259],[116.29356,10.80932],[116.2895,10.80628],[116.2864,10.80612],[116.28319,10.81042],[116.28134,10.81509],[116.2805,10.82208],[116.28354,10.82767],[116.28731,10.83226],[116.29278,10.83524],[116.29588,10.8354],[116.29907,10.8343],[116.30422,10.83298],[116.31091,10.83146]]],[[[116.83142,10.83023],[116.82952,10.82864],[116.82773,10.82955],[116.82585,10.83186],[116.82601,10.83562],[116.82781,10.83806],[116.82831,10.83832],[116.83092,10.83653],[116.83262,10.8352],[116.83268,10.83325],[116.83259,10.83116],[116.83142,10.83023]]],[[[114.50909,10.83302],[114.50699,10.83117],[114.50491,10.83168],[114.50347,10.83386],[114.50388,10.83683],[114.50504,10.83935],[114.50686,10.84094],[114.50852,10.83868],[114.50975,10.83672],[114.51001,10.83491],[114.50909,10.83302]]],[[[114.52191,10.83666],[114.52059,10.83564],[114.51432,10.8363],[114.51085,10.83896],[114.51383,10.8398],[114.51484,10.84114],[114.51698,10.84065],[114.51985,10.8396],[114.52164,10.83848],[114.52191,10.83666]]],[[[116.22334,10.81737],[116.22191,10.81673],[116.21967,10.81696],[116.2172,10.81859],[116.21586,10.82017],[116.21542,10.82339],[116.21685,10.82751],[116.21831,10.83233],[116.22115,10.83639],[116.22424,10.83975],[116.22655,10.84119],[116.22779,10.84059],[116.22839,10.83806],[116.22863,10.83345],[116.22793,10.83014],[116.22632,10.82505],[116.22515,10.82036],[116.22334,10.81737]]],[[[116.8701,10.85093],[116.86983,10.84801],[116.86875,10.84582],[116.86671,10.84423],[116.86418,10.84448],[116.86144,10.84641],[116.85913,10.84846],[116.85867,10.85085],[116.85959,10.85249],[116.86158,10.85282],[116.86321,10.85136],[116.86501,10.85058],[116.86615,10.85081],[116.86693,10.85273],[116.86759,10.85494],[116.86874,10.85531],[116.86958,10.85357],[116.8701,10.85093]]],[[[116.72765,10.84815],[116.72607,10.84766],[116.72443,10.8487],[116.72409,10.85067],[116.72518,10.85314],[116.72694,10.85474],[116.72993,10.85531],[116.73228,10.85588],[116.73394,10.85525],[116.73445,10.85383],[116.73243,10.8528],[116.73069,10.85176],[116.72892,10.85002],[116.72765,10.84815]]],[[[116.85071,10.84602],[116.84914,10.84553],[116.84648,10.84592],[116.84462,10.84865],[116.84238,10.85237],[116.84139,10.85381],[116.8412,10.85591],[116.84129,10.858],[116.8426,10.85892],[116.84497,10.85827],[116.84726,10.8558],[116.84958,10.85249],[116.85101,10.84964],[116.85121,10.84782],[116.85071,10.84602]]],[[[114.5269,10.84492],[114.52587,10.84282],[114.52388,10.84299],[114.52103,10.84457],[114.51753,10.84638],[114.51488,10.84763],[114.51244,10.84867],[114.51188,10.85124],[114.51551,10.85369],[114.51924,10.85602],[114.52207,10.85859],[114.52424,10.85938],[114.52582,10.85826],[114.52731,10.85598],[114.52713,10.85205],[114.5269,10.84492]]],[[[116.24919,10.84812],[116.2482,10.84638],[116.24432,10.84779],[116.24145,10.84999],[116.23728,10.85141],[116.23463,10.85207],[116.23369,10.85322],[116.23312,10.85659],[116.23368,10.86005],[116.23404,10.86199],[116.23593,10.86331],[116.2388,10.86301],[116.24349,10.8606],[116.24563,10.85759],[116.24677,10.85448],[116.24855,10.85316],[116.24932,10.85132],[116.24919,10.84812]]],[[[116.74738,10.85957],[116.74484,10.8594],[116.74449,10.86122],[116.74418,10.86375],[116.74512,10.86608],[116.74634,10.86812],[116.74919,10.86782],[116.75121,10.86666],[116.75296,10.86463],[116.75287,10.86255],[116.7521,10.86091],[116.75006,10.8596],[116.74738,10.85957]]],[[[114.53898,10.85743],[114.53782,10.85651],[114.53514,10.8567],[114.53455,10.85863],[114.53311,10.86081],[114.53126,10.86342],[114.52961,10.8656],[114.53216,10.86797],[114.53511,10.86937],[114.539,10.87149],[114.5424,10.87351],[114.54601,10.87521],[114.54867,10.87278],[114.5504,10.86964],[114.55124,10.86717],[114.55076,10.86569],[114.54802,10.86418],[114.54371,10.86389],[114.54098,10.8628],[114.53898,10.86084],[114.53723,10.86004],[114.53773,10.85885],[114.53898,10.85743]]],[[[116.87392,10.86927],[116.87078,10.86829],[116.868,10.86925],[116.86617,10.87267],[116.86605,10.8763],[116.86729,10.87889],[116.87066,10.88182],[116.87265,10.88229],[116.87516,10.88149],[116.87557,10.88119],[116.87732,10.87944],[116.87753,10.87762],[116.87617,10.87559],[116.87524,10.87354],[116.875,10.87146],[116.87392,10.86927]]],[[[114.56429,10.86814],[114.56083,10.86761],[114.55839,10.86865],[114.55781,10.87079],[114.55494,10.87514],[114.5538,10.87987],[114.55308,10.88106],[114.554,10.88295],[114.55551,10.88471],[114.55744,10.88433],[114.56054,10.88026],[114.56174,10.87767],[114.56383,10.87548],[114.56634,10.87316],[114.56776,10.87057],[114.56767,10.86953],[114.56603,10.86862],[114.56429,10.86814]]],[[[116.7529,10.88186],[116.75035,10.88134],[116.74857,10.88288],[116.74765,10.88459],[116.74745,10.88641],[116.74919,10.88759],[116.75105,10.88807],[116.75227,10.8869],[116.75317,10.88491],[116.75395,10.88335],[116.7529,10.88186]]],[[[116.25009,10.87599],[116.2468,10.87459],[116.24427,10.87469],[116.24175,10.87506],[116.24018,10.87819],[116.23917,10.88101],[116.24032,10.88515],[116.242,10.88842],[116.24364,10.89072],[116.24557,10.89302],[116.24633,10.89274],[116.2481,10.88957],[116.25096,10.88361],[116.25194,10.87996],[116.25214,10.87772],[116.25009,10.87599]]],[[[116.63778,10.83146],[116.63262,10.82972],[116.62746,10.83284],[116.63347,10.84309],[116.63889,10.85124],[116.64279,10.86337],[116.63844,10.87416],[116.63857,10.88393],[116.64073,10.88831],[116.64675,10.89365],[116.65084,10.89712],[116.65801,10.89961],[116.6632,10.90219],[116.66571,10.90153],[116.66688,10.8959],[116.6656,10.89232],[116.66105,10.89139],[116.65566,10.89077],[116.65163,10.88898],[116.6481,10.8855],[116.64963,10.8818],[116.65298,10.88083],[116.65414,10.87491],[116.65389,10.86906],[116.65163,10.86217],[116.65001,10.85051],[116.64558,10.84259],[116.64366,10.83708],[116.63778,10.83146]]],[[[116.3923,10.86161],[116.39138,10.85956],[116.38873,10.86009],[116.38629,10.86255],[116.38366,10.86349],[116.38073,10.86403],[116.37807,10.86427],[116.37475,10.8658],[116.37232,10.86826],[116.37195,10.87287],[116.37116,10.87777],[116.37036,10.88226],[116.36891,10.88816],[116.36933,10.89316],[116.37141,10.89586],[116.37335,10.8987],[116.3757,10.90112],[116.37871,10.90253],[116.38148,10.9013],[116.38743,10.89884],[116.39154,10.89617],[116.39463,10.89256],[116.39619,10.88958],[116.39659,10.88895],[116.3973,10.88225],[116.39726,10.8778],[116.39621,10.87284],[116.39431,10.86763],[116.39311,10.86423],[116.3923,10.86161]]],[[[116.90283,10.90178],[116.90067,10.90076],[116.89856,10.90085],[116.89694,10.90245],[116.89478,10.90477],[116.89458,10.90659],[116.89588,10.90737],[116.89882,10.90697],[116.90101,10.90534],[116.90318,10.90344],[116.90283,10.90178]]],[[[114.92234,10.86622],[114.91861,10.86369],[114.91061,10.86321],[114.90234,10.86285],[114.8985,10.8634],[114.89681,10.86388],[114.89337,10.86219],[114.88729,10.85974],[114.88262,10.85798],[114.87935,10.85618],[114.87595,10.85406],[114.87243,10.8529],[114.86967,10.85374],[114.86899,10.85588],[114.86949,10.85777],[114.87188,10.85897],[114.87609,10.85989],[114.87996,10.85998],[114.88591,10.8618],[114.89089,10.86322],[114.89506,10.86606],[114.89907,10.869],[114.90327,10.87289],[114.90823,10.87697],[114.91034,10.87902],[114.91422,10.88123],[114.91716,10.88262],[114.92071,10.88632],[114.92278,10.89039],[114.92436,10.89436],[114.92749,10.89819],[114.92988,10.90235],[114.93108,10.90464],[114.9316,10.90728],[114.93294,10.90872],[114.9354,10.90874],[114.93681,10.90604],[114.93679,10.90233],[114.93516,10.89825],[114.93293,10.8927],[114.93193,10.88996],[114.93023,10.8824],[114.92689,10.87583],[114.92459,10.86954],[114.92234,10.86622]]],[[[116.68129,10.90481],[116.67812,10.90327],[116.67671,10.90333],[116.67553,10.90533],[116.67601,10.90685],[116.67849,10.9087],[116.68081,10.91014],[116.68142,10.90788],[116.68155,10.90745],[116.68129,10.90481]]],[[[116.4371,10.90431],[116.44167,10.90273],[116.44643,10.90379],[116.44955,10.90436],[116.45302,10.90673],[116.45695,10.90587],[116.45905,10.90296],[116.46003,10.89931],[116.45959,10.89543],[116.4582,10.89257],[116.45471,10.88965],[116.44649,10.88305],[116.44199,10.87975],[116.43722,10.87661],[116.43201,10.8764],[116.42854,10.87765],[116.4254,10.87986],[116.42064,10.88548],[116.41667,10.89163],[116.41149,10.89907],[116.40745,10.90508],[116.40493,10.9088],[116.40724,10.91024],[116.411,10.90925],[116.41546,10.90824],[116.42495,10.9066],[116.4319,10.90451],[116.4371,10.90431]]],[[[116.4709,10.90026],[116.46943,10.89893],[116.46818,10.89926],[116.46758,10.90164],[116.46628,10.90434],[116.46524,10.90646],[116.46435,10.90858],[116.46555,10.91034],[116.46903,10.90951],[116.47249,10.90812],[116.47482,10.90663],[116.47572,10.90479],[116.47468,10.90344],[116.47264,10.90172],[116.4709,10.90026]]],[[[114.59854,10.89984],[114.59666,10.89427],[114.59601,10.88974],[114.59612,10.88362],[114.59554,10.87801],[114.59491,10.87259],[114.59324,10.86774],[114.59278,10.8635],[114.59265,10.86117],[114.59249,10.85786],[114.59231,10.8555],[114.59246,10.85239],[114.59234,10.85007],[114.59252,10.84478],[114.59264,10.84068],[114.59244,10.83734],[114.59238,10.83659],[114.59203,10.83428],[114.59112,10.83076],[114.59049,10.82886],[114.58781,10.82596],[114.58606,10.82495],[114.5848,10.82584],[114.58462,10.83037],[114.58638,10.83545],[114.58808,10.84086],[114.58936,10.84742],[114.58976,10.8538],[114.58916,10.85989],[114.58901,10.86311],[114.58924,10.86562],[114.58962,10.86803],[114.58974,10.87167],[114.59029,10.87492],[114.59017,10.87739],[114.5898,10.87987],[114.58933,10.88225],[114.58871,10.88489],[114.58832,10.88678],[114.58774,10.88877],[114.58703,10.89003],[114.58636,10.89099],[114.58527,10.89209],[114.58318,10.89332],[114.58072,10.89422],[114.57868,10.89448],[114.57694,10.89454],[114.57543,10.89434],[114.57331,10.89367],[114.57083,10.89251],[114.56934,10.89132],[114.56835,10.89024],[114.56777,10.88895],[114.56784,10.88806],[114.56805,10.88748],[114.5695,10.88529],[114.56946,10.88406],[114.56859,10.88354],[114.56708,10.88411],[114.56485,10.88539],[114.56372,10.88655],[114.56374,10.88794],[114.56388,10.88917],[114.56433,10.89093],[114.56512,10.89214],[114.56805,10.89472],[114.57227,10.89691],[114.57532,10.89869],[114.57796,10.90009],[114.58031,10.90169],[114.58174,10.90273],[114.58399,10.90424],[114.58708,10.90721],[114.58903,10.90882],[114.59066,10.91037],[114.59383,10.91183],[114.59651,10.91155],[114.59928,10.91048],[114.60113,10.90881],[114.60156,10.90705],[114.60101,10.90519],[114.59854,10.89984]]],[[[116.79687,10.9067],[116.795,10.90594],[116.79338,10.90782],[116.79222,10.91024],[116.79413,10.91212],[116.79657,10.91299],[116.79794,10.9121],[116.79901,10.91066],[116.79895,10.90926],[116.79861,10.90788],[116.79687,10.9067]]],[[[114.09306,10.91249],[114.095,10.91414],[114.09461,10.91373],[114.09373,10.91296],[114.09306,10.91249]]],[[[114.095,10.91414],[114.09563,10.9148],[114.09549,10.91455],[114.095,10.91414]]],[[[114.09563,10.9148],[114.09591,10.91525],[114.0958,10.91496],[114.09563,10.9148]]],[[[116.4833,10.90768],[116.48116,10.90707],[116.48069,10.90918],[116.47969,10.91214],[116.48037,10.91517],[116.48353,10.91671],[116.48636,10.91715],[116.48932,10.91717],[116.49067,10.91586],[116.48989,10.91409],[116.48808,10.9111],[116.48474,10.90846],[116.4833,10.90768]]],[[[116.92321,10.90677],[116.92118,10.90546],[116.91923,10.90596],[116.91981,10.90956],[116.91983,10.91332],[116.91612,10.91543],[116.91274,10.91558],[116.90922,10.91587],[116.90878,10.91867],[116.91162,10.92065],[116.91717,10.92013],[116.92022,10.91888],[116.92196,10.91686],[116.92308,10.91347],[116.92404,10.90952],[116.92321,10.90677]]],[[[114.60745,10.9184],[114.60399,10.91808],[114.60166,10.91922],[114.6009,10.92244],[114.60513,10.92678],[114.60827,10.93051],[114.61114,10.93298],[114.61488,10.93521],[114.61742,10.93568],[114.62145,10.93536],[114.62398,10.9338],[114.62365,10.9304],[114.62203,10.92684],[114.61761,10.92315],[114.61182,10.92039],[114.60745,10.9184]]],[[[114.09591,10.91525],[114.09626,10.91613],[114.09647,10.91747],[114.09682,10.91928],[114.09653,10.9211],[114.09629,10.92309],[114.09559,10.92526],[114.09486,10.9265],[114.09404,10.92779],[114.09305,10.92896],[114.09157,10.93081],[114.08942,10.93286],[114.088,10.93408],[114.08733,10.9344],[114.0861,10.93464],[114.08473,10.93468],[114.08345,10.93442],[114.08189,10.93379],[114.08067,10.93286],[114.07949,10.93188],[114.07727,10.93034],[114.07519,10.92939],[114.07419,10.92866],[114.07348,10.92788],[114.07216,10.92661],[114.07115,10.92538],[114.07035,10.92443],[114.06973,10.9236],[114.06888,10.92232],[114.06811,10.92095],[114.06748,10.91975],[114.06664,10.91889],[114.06554,10.91757],[114.06439,10.91621],[114.06358,10.91497],[114.06273,10.9136],[114.06158,10.91216],[114.06157,10.91165],[114.06197,10.91076],[114.06284,10.90985],[114.06384,10.90914],[114.06438,10.90862],[114.06487,10.90793],[114.06506,10.90729],[114.06529,10.90628],[114.06551,10.90522],[114.06604,10.90436],[114.06654,10.90375],[114.06789,10.90317],[114.06886,10.90297],[114.07057,10.90292],[114.07176,10.90301],[114.07296,10.90298],[114.07397,10.90261],[114.07427,10.9026],[114.07482,10.90263],[114.0761,10.90267],[114.07875,10.90281],[114.0794,10.90304],[114.08096,10.90371],[114.08278,10.90493],[114.08488,10.90647],[114.08697,10.90784],[114.08862,10.90897],[114.08972,10.90991],[114.09168,10.91154],[114.09306,10.91249],[114.09058,10.91039],[114.08636,10.9073],[114.08308,10.90483],[114.08004,10.90294],[114.07685,10.90198],[114.07333,10.90134],[114.07116,10.90151],[114.06665,10.90173],[114.06283,10.90234],[114.05909,10.90304],[114.05598,10.90439],[114.05413,10.90538],[114.05358,10.90708],[114.05459,10.90958],[114.05712,10.91229],[114.06106,10.91462],[114.06475,10.91848],[114.06754,10.92329],[114.06945,10.92728],[114.07186,10.93075],[114.07364,10.93223],[114.07614,10.93426],[114.07953,10.93611],[114.08344,10.93759],[114.08522,10.93821],[114.08705,10.93803],[114.08886,10.93709],[114.0897,10.93652],[114.09189,10.93458],[114.0941,10.93112],[114.09529,10.9297],[114.09633,10.92848],[114.09732,10.92726],[114.09831,10.92501],[114.09817,10.92205],[114.09772,10.91929],[114.09674,10.91662],[114.09591,10.91525]]],[[[114.66295,10.96293],[114.66431,10.96289],[114.66692,10.96366],[114.66787,10.96337],[114.66835,10.96291],[114.66832,10.96212],[114.66745,10.96121],[114.66597,10.96037],[114.66359,10.95951],[114.6615,10.95829],[114.65967,10.95721],[114.65677,10.95567],[114.65472,10.95406],[114.65114,10.95161],[114.64874,10.95],[114.64546,10.94892],[114.64314,10.94979],[114.64243,10.95109],[114.64238,10.95364],[114.64667,10.96473],[114.64769,10.96682],[114.65018,10.97129],[114.65399,10.97606],[114.6561,10.97964],[114.65696,10.98139],[114.65815,10.98279],[114.659,10.98424],[114.65973,10.9853],[114.66076,10.98601],[114.66192,10.98642],[114.66362,10.98642],[114.66436,10.98605],[114.66482,10.9849],[114.66506,10.98326],[114.66474,10.9811],[114.66203,10.97211],[114.66162,10.96617],[114.66162,10.96485],[114.66218,10.9636],[114.66295,10.96293]]],[[[114.73966,11.0072],[114.73699,11.00654],[114.73501,11.00715],[114.73481,11.00849],[114.73623,11.01076],[114.73809,11.01243],[114.73974,11.01372],[114.74254,11.01425],[114.74393,11.01373],[114.74447,11.01235],[114.74284,11.00964],[114.73966,11.0072]]],[[[114.69335,11.0074],[114.68829,11.00583],[114.68592,11.00679],[114.68501,11.00939],[114.68581,11.01252],[114.68992,11.01725],[114.69915,11.02476],[114.70494,11.02887],[114.70815,11.0304],[114.71254,11.03201],[114.71443,11.03186],[114.71479,11.03076],[114.71435,11.02929],[114.7109,11.02466],[114.70694,11.01995],[114.70283,11.01642],[114.69982,11.01306],[114.69744,11.01057],[114.69335,11.0074]]],[[[114.18414,11.02983],[114.18204,11.02523],[114.17424,11.02759],[114.16849,11.03262],[114.17498,11.03923],[114.18576,11.03794],[114.18752,11.0375],[114.18414,11.02983]]],[[[114.34343,11.05003],[114.34281,11.04997],[114.34146,11.05006],[114.34082,11.05038],[114.34041,11.05079],[114.3401,11.05129],[114.34012,11.05191],[114.34024,11.05279],[114.34058,11.05325],[114.34097,11.05366],[114.34158,11.05389],[114.34248,11.05383],[114.34312,11.05359],[114.34356,11.05328],[114.34399,11.0528],[114.34427,11.05205],[114.34422,11.05114],[114.34387,11.05043],[114.34343,11.05003]]],[[[114.33641,11.05575],[114.33566,11.05476],[114.33445,11.05467],[114.33256,11.05478],[114.32888,11.05466],[114.32482,11.05439],[114.32131,11.05388],[114.31806,11.05388],[114.31479,11.05396],[114.31337,11.05439],[114.31288,11.05524],[114.31313,11.05608],[114.31342,11.05699],[114.31519,11.057],[114.31867,11.05728],[114.32176,11.05749],[114.32471,11.05816],[114.3288,11.0585],[114.33134,11.05835],[114.33303,11.05822],[114.33556,11.05776],[114.33621,11.05736],[114.3366,11.05671],[114.33641,11.05575]]],[[[114.28312,11.04481],[114.28092,11.04366],[114.27909,11.04432],[114.27668,11.04592],[114.27707,11.0485],[114.27792,11.05137],[114.27878,11.05409],[114.27948,11.05696],[114.28076,11.05829],[114.28295,11.0596],[114.28526,11.05938],[114.28746,11.05902],[114.28937,11.05773],[114.29084,11.05555],[114.29205,11.05491],[114.29276,11.05275],[114.29284,11.05031],[114.29201,11.04836],[114.28981,11.0472],[114.28684,11.04577],[114.28312,11.04481]]],[[[114.22321,11.05976],[114.23406,11.0608],[114.23052,11.0545],[114.22321,11.05976]]],[[[114.22321,11.05976],[114.21701,11.04984],[114.21252,11.05775],[114.20701,11.05111],[114.19406,11.04697],[114.20449,11.05216],[114.20869,11.06097],[114.22321,11.05976]]],[[[114.31592,11.05897],[114.31441,11.0587],[114.31516,11.06073],[114.31609,11.06209],[114.318,11.06394],[114.31981,11.06541],[114.32145,11.06582],[114.32251,11.06548],[114.32264,11.06449],[114.32075,11.06317],[114.31878,11.06186],[114.31687,11.06008],[114.31592,11.05897]]],[[[114.25824,11.07024],[114.25697,11.06891],[114.25512,11.06897],[114.25393,11.07037],[114.25336,11.07191],[114.2539,11.07434],[114.25428,11.07676],[114.25569,11.07748],[114.25735,11.07637],[114.25931,11.07509],[114.25988,11.07355],[114.25968,11.07203],[114.25824,11.07024]]],[[[115.01955,11.07092],[115.01854,11.07033],[115.01651,11.07117],[115.01531,11.0736],[115.01531,11.07564],[115.01666,11.07777],[115.01814,11.07954],[115.01829,11.07966],[115.0195,11.0799],[115.02065,11.0821],[115.02182,11.08312],[115.02353,11.08348],[115.02472,11.08288],[115.02567,11.08151],[115.02553,11.07956],[115.02516,11.07718],[115.02374,11.07499],[115.02203,11.07287],[115.01955,11.07092]]],[[[114.37365,11.07921],[114.37262,11.07848],[114.37038,11.0787],[114.36926,11.08019],[114.37066,11.08268],[114.37106,11.08448],[114.36914,11.08487],[114.36779,11.08637],[114.36673,11.08732],[114.3662,11.0901],[114.36613,11.09163],[114.36775,11.09388],[114.37073,11.09479],[114.37455,11.09567],[114.37805,11.09587],[114.38051,11.09541],[114.38212,11.09467],[114.3833,11.09287],[114.3832,11.09096],[114.38222,11.08923],[114.3802,11.08653],[114.37727,11.08455],[114.37523,11.08262],[114.37415,11.08027],[114.37365,11.07921]]],[[[114.81312,11.14532],[114.81377,11.13427],[114.81283,11.12785],[114.81118,11.11962],[114.81022,11.10818],[114.80686,11.09638],[114.80269,11.08877],[114.79915,11.08473],[114.79607,11.08368],[114.7938,11.08519],[114.79199,11.08769],[114.79275,11.09311],[114.79531,11.10034],[114.798,11.10685],[114.7997,11.11225],[114.79961,11.11842],[114.80064,11.12326],[114.80213,11.12665],[114.80412,11.12974],[114.80482,11.13345],[114.80362,11.1365],[114.80136,11.13844],[114.79757,11.1377],[114.79297,11.13469],[114.78836,11.13111],[114.78359,11.12725],[114.77998,11.1235],[114.77728,11.12057],[114.77374,11.11882],[114.77156,11.11875],[114.77122,11.12163],[114.77281,11.12574],[114.77734,11.13118],[114.78083,11.13595],[114.78484,11.13883],[114.78758,11.14276],[114.79066,11.14581],[114.79308,11.14889],[114.79393,11.15007],[114.80187,11.15592],[114.80577,11.15544],[114.80945,11.15274],[114.81312,11.14532]]],[[[116.11626,11.34959],[116.11318,11.3489],[116.10994,11.34903],[116.10799,11.35056],[116.10759,11.35697],[116.10692,11.3611],[116.10791,11.36516],[116.11135,11.3683],[116.11629,11.36729],[116.12027,11.36304],[116.1209,11.3581],[116.11959,11.35243],[116.11626,11.34959]]],[[[114.60793,11.37097],[114.60955,11.36824],[114.60787,11.36653],[114.60465,11.36541],[114.5999,11.36563],[114.5964,11.36528],[114.59385,11.36322],[114.59102,11.3617],[114.58772,11.3628],[114.58489,11.36274],[114.58127,11.36078],[114.5761,11.35919],[114.57265,11.35769],[114.57122,11.35436],[114.56915,11.35121],[114.56734,11.3479],[114.56715,11.34439],[114.56772,11.34177],[114.56904,11.33935],[114.57119,11.33661],[114.57344,11.33417],[114.57524,11.33342],[114.57859,11.33171],[114.5815,11.33078],[114.5844,11.33191],[114.58751,11.33212],[114.59067,11.33156],[114.59223,11.3309],[114.59458,11.33167],[114.59683,11.33405],[114.59916,11.3368],[114.60292,11.34036],[114.6052,11.34281],[114.60822,11.34501],[114.61012,11.34641],[114.61182,11.34613],[114.61317,11.34486],[114.61412,11.34299],[114.61251,11.34128],[114.61085,11.34011],[114.61038,11.33775],[114.61019,11.33409],[114.60828,11.33261],[114.60581,11.3304],[114.60366,11.32748],[114.60196,11.32508],[114.59802,11.32291],[114.59548,11.32123],[114.59136,11.32174],[114.58866,11.32221],[114.58572,11.32475],[114.5836,11.32627],[114.58059,11.32736],[114.57644,11.3277],[114.57085,11.32583],[114.56793,11.32527],[114.5646,11.325],[114.56214,11.32569],[114.56088,11.32711],[114.55935,11.33064],[114.55863,11.33348],[114.5583,11.33562],[114.55722,11.33954],[114.55691,11.34344],[114.55658,11.34691],[114.55664,11.35245],[114.5573,11.35633],[114.55967,11.36115],[114.56131,11.36416],[114.56426,11.36675],[114.56908,11.36836],[114.57264,11.37085],[114.5766,11.37119],[114.58057,11.37181],[114.58385,11.37263],[114.58544,11.37372],[114.58702,11.37475],[114.58941,11.37444],[114.59125,11.37362],[114.59218,11.37145],[114.59291,11.3699],[114.59519,11.37097],[114.59857,11.37247],[114.60256,11.37388],[114.60453,11.37488],[114.60608,11.37363],[114.60793,11.37097]]],[[[114.61935,11.37495],[114.61707,11.37395],[114.61522,11.37416],[114.61388,11.37581],[114.61301,11.3779],[114.61241,11.38067],[114.61304,11.38348],[114.61479,11.38503],[114.61716,11.38498],[114.61873,11.3834],[114.62078,11.38071],[114.62172,11.37862],[114.62088,11.37674],[114.61935,11.37495]]],[[[116.21322,11.37303],[116.21041,11.37291],[116.20774,11.37347],[116.20476,11.37486],[116.20344,11.37699],[116.20304,11.37874],[116.20265,11.38072],[116.20273,11.3828],[116.20348,11.38404],[116.20426,11.38574],[116.20525,11.38709],[116.20753,11.3885],[116.21047,11.38896],[116.2128,11.38864],[116.21466,11.38845],[116.21615,11.38759],[116.2175,11.38626],[116.21856,11.38356],[116.21868,11.38079],[116.21812,11.37827],[116.21768,11.3762],[116.21573,11.37432],[116.21322,11.37303]]],[[[114.29834,11.3792],[114.29738,11.3791],[114.29692,11.37912],[114.29628,11.37933],[114.2961,11.37955],[114.29579,11.38022],[114.29569,11.38088],[114.29564,11.38195],[114.29562,11.38277],[114.29585,11.38362],[114.296,11.38432],[114.29607,11.38518],[114.2961,11.38633],[114.29625,11.38706],[114.29636,11.38796],[114.29651,11.38857],[114.29678,11.38934],[114.29701,11.38999],[114.29731,11.39048],[114.29771,11.39108],[114.29822,11.39152],[114.29886,11.39199],[114.29924,11.39231],[114.29996,11.39253],[114.30055,11.39293],[114.30094,11.39328],[114.3014,11.39352],[114.30178,11.39375],[114.3022,11.39374],[114.30265,11.39364],[114.30318,11.39326],[114.30321,11.39293],[114.30303,11.39236],[114.30272,11.39183],[114.30221,11.39132],[114.30165,11.39072],[114.30133,11.38995],[114.30102,11.38938],[114.30075,11.38857],[114.30056,11.38783],[114.30046,11.38726],[114.30044,11.38669],[114.30039,11.3862],[114.30041,11.38558],[114.30068,11.38508],[114.30117,11.38465],[114.30158,11.38431],[114.30215,11.38409],[114.30244,11.38388],[114.30325,11.38344],[114.30378,11.38293],[114.30402,11.38252],[114.30438,11.38209],[114.30466,11.38172],[114.30473,11.38139],[114.30472,11.38089],[114.30458,11.38045],[114.30399,11.38022],[114.30306,11.37975],[114.30168,11.37963],[114.29972,11.37932],[114.29834,11.3792]]],[[[116.3301,11.39072],[116.33076,11.38792],[116.33187,11.3846],[116.33046,11.38056],[116.32741,11.37699],[116.32227,11.37309],[116.31632,11.36964],[116.31384,11.36974],[116.31056,11.37069],[116.3094,11.37278],[116.30994,11.37604],[116.31094,11.3801],[116.31276,11.38413],[116.31714,11.38969],[116.31972,11.39205],[116.32103,11.39364],[116.3244,11.39473],[116.32721,11.39257],[116.3301,11.39072]]],[[[114.63658,11.38758],[114.63499,11.38689],[114.63187,11.38724],[114.63046,11.38826],[114.63038,11.39048],[114.63248,11.3934],[114.634,11.39726],[114.63632,11.39948],[114.63922,11.40146],[114.64206,11.40313],[114.6443,11.40512],[114.64713,11.40664],[114.64927,11.40803],[114.6512,11.40896],[114.65219,11.40832],[114.65289,11.406],[114.65256,11.40318],[114.65153,11.39992],[114.64998,11.39759],[114.64764,11.39598],[114.64627,11.39442],[114.64381,11.39266],[114.64174,11.39096],[114.63898,11.38937],[114.63803,11.38878],[114.63658,11.38758]]],[[[116.14104,11.38753],[116.1367,11.38702],[116.13332,11.3876],[116.13139,11.39059],[116.13133,11.39486],[116.13173,11.3991],[116.13322,11.40241],[116.13421,11.40439],[116.13636,11.407],[116.13846,11.40849],[116.14055,11.40953],[116.14372,11.4125],[116.15019,11.42329],[116.15358,11.42854],[116.15972,11.43436],[116.16401,11.43374],[116.16958,11.43106],[116.1687,11.42593],[116.16717,11.42173],[116.16397,11.41557],[116.16019,11.41213],[116.15617,11.40803],[116.15418,11.40384],[116.15043,11.40085],[116.14833,11.39958],[116.14591,11.39564],[116.14486,11.39209],[116.14428,11.38897],[116.14104,11.38753]]],[[[114.3295,11.42695],[114.32869,11.42658],[114.32803,11.42663],[114.32751,11.42661],[114.32709,11.42674],[114.32672,11.42698],[114.32641,11.42728],[114.32626,11.42784],[114.32619,11.42846],[114.32627,11.4292],[114.32658,11.42992],[114.32695,11.43056],[114.32746,11.43139],[114.3282,11.43216],[114.3287,11.43266],[114.32923,11.43301],[114.32971,11.43364],[114.33036,11.43433],[114.33112,11.43487],[114.33182,11.43516],[114.33223,11.43543],[114.33277,11.43536],[114.33316,11.43498],[114.3334,11.43461],[114.33342,11.43413],[114.3334,11.43362],[114.33327,11.433],[114.33285,11.43242],[114.33258,11.43197],[114.33245,11.43138],[114.33213,11.43043],[114.33182,11.42974],[114.33155,11.42924],[114.33113,11.42865],[114.33071,11.42813],[114.33041,11.4276],[114.32999,11.42719],[114.3295,11.42695]]],[[[114.68896,11.43318],[114.68741,11.43307],[114.68571,11.43452],[114.68546,11.43637],[114.68739,11.4383],[114.68856,11.44094],[114.69051,11.44356],[114.69193,11.44566],[114.69293,11.44777],[114.69421,11.44896],[114.69615,11.44889],[114.69771,11.4474],[114.69788,11.4449],[114.69656,11.44265],[114.6943,11.43997],[114.69212,11.43705],[114.69041,11.43481],[114.68896,11.43318]]],[[[114.36052,11.45983],[114.36112,11.45979],[114.36187,11.45982],[114.36235,11.45972],[114.36263,11.45954],[114.36265,11.45929],[114.36253,11.45889],[114.36211,11.45834],[114.36135,11.45774],[114.36055,11.45715],[114.3595,11.45633],[114.35867,11.45562],[114.35832,11.45529],[114.35796,11.4549],[114.35749,11.45444],[114.35699,11.45394],[114.35625,11.45329],[114.3556,11.45277],[114.35502,11.45236],[114.3544,11.45182],[114.35392,11.45135],[114.35308,11.45095],[114.35261,11.45054],[114.35105,11.45002],[114.35018,11.44988],[114.34978,11.44998],[114.34924,11.44997],[114.34881,11.45001],[114.34813,11.45028],[114.34785,11.45057],[114.3477,11.45106],[114.34763,11.45163],[114.34773,11.45216],[114.34821,11.45291],[114.34878,11.45363],[114.3494,11.45437],[114.34999,11.45495],[114.35088,11.45585],[114.35176,11.45636],[114.35265,11.45727],[114.35315,11.45774],[114.35382,11.45811],[114.35472,11.45857],[114.35562,11.45891],[114.35649,11.45919],[114.35738,11.45939],[114.35848,11.45955],[114.35963,11.45975],[114.36052,11.45983]]],[[[114.39031,11.46858],[114.39111,11.46855],[114.39168,11.46856],[114.39243,11.46848],[114.39409,11.46843],[114.39469,11.46836],[114.39531,11.4682],[114.39588,11.4681],[114.3965,11.46774],[114.39698,11.46735],[114.39745,11.46703],[114.39784,11.46662],[114.39817,11.46607],[114.39841,11.46556],[114.39871,11.46507],[114.39884,11.4645],[114.39884,11.46379],[114.39884,11.46283],[114.39876,11.46213],[114.39872,11.46156],[114.39872,11.46077],[114.39868,11.45958],[114.39863,11.45891],[114.39856,11.45829],[114.39851,11.4577],[114.3984,11.45708],[114.39833,11.45648],[114.39828,11.45592],[114.39818,11.45547],[114.39794,11.45522],[114.39769,11.4552],[114.39723,11.45522],[114.3966,11.45527],[114.39583,11.45554],[114.39516,11.45604],[114.39388,11.4571],[114.39352,11.45765],[114.39319,11.45817],[114.39295,11.45871],[114.39254,11.45926],[114.39227,11.45978],[114.39206,11.46029],[114.39152,11.46073],[114.39119,11.46103],[114.39071,11.46121],[114.39,11.4614],[114.38957,11.46156],[114.38874,11.46155],[114.38828,11.46134],[114.38749,11.46083],[114.38695,11.4602],[114.38672,11.46017],[114.38624,11.46039],[114.38571,11.46083],[114.38524,11.46132],[114.38452,11.46225],[114.3838,11.46315],[114.38334,11.46392],[114.38324,11.46441],[114.38326,11.46494],[114.3833,11.4654],[114.38357,11.46584],[114.38372,11.46606],[114.38437,11.46669],[114.38505,11.46715],[114.38603,11.4676],[114.38682,11.468],[114.38743,11.46815],[114.38838,11.46835],[114.38924,11.46844],[114.39031,11.46858]]],[[[116.3301,11.39072],[116.33183,11.39578],[116.32294,11.39838],[116.32497,11.40732],[116.32957,11.41861],[116.33408,11.42745],[116.34032,11.43787],[116.34241,11.44844],[116.34613,11.45813],[116.34881,11.46295],[116.35233,11.46773],[116.35833,11.47241],[116.36423,11.47463],[116.36828,11.47201],[116.3705,11.46536],[116.3694,11.45885],[116.36243,11.45093],[116.35358,11.43734],[116.34625,11.42041],[116.34339,11.41151],[116.3422,11.40254],[116.33772,11.39452],[116.3301,11.39072]]],[[[114.70003,11.46218],[114.69739,11.46066],[114.69353,11.46124],[114.69113,11.46376],[114.68825,11.46584],[114.68618,11.46667],[114.68328,11.47036],[114.68125,11.47249],[114.67852,11.47434],[114.67518,11.47538],[114.67113,11.47719],[114.66917,11.47902],[114.66811,11.48235],[114.66865,11.48455],[114.67071,11.48471],[114.67383,11.48523],[114.67819,11.48563],[114.6821,11.48658],[114.68552,11.48677],[114.68767,11.4851],[114.68992,11.48273],[114.69266,11.48103],[114.69515,11.47881],[114.69875,11.47731],[114.70099,11.47586],[114.70254,11.47344],[114.70319,11.46966],[114.70261,11.46608],[114.7018,11.46388],[114.70003,11.46218]]],[[[114.66698,11.49016],[114.66574,11.48775],[114.6603,11.48738],[114.6521,11.4878],[114.64249,11.4881],[114.63712,11.48628],[114.63455,11.48353],[114.63366,11.47988],[114.63281,11.47393],[114.63313,11.46719],[114.63447,11.46439],[114.63681,11.46217],[114.63665,11.45972],[114.63445,11.45635],[114.63374,11.44994],[114.63266,11.44561],[114.6312,11.43999],[114.62972,11.43475],[114.62783,11.428],[114.62758,11.42257],[114.62604,11.41213],[114.62437,11.40238],[114.62358,11.39843],[114.6221,11.39572],[114.62033,11.39485],[114.61887,11.39521],[114.61686,11.39803],[114.61633,11.40014],[114.61541,11.40557],[114.61533,11.40968],[114.61527,11.41466],[114.61596,11.42252],[114.61633,11.42727],[114.61693,11.4334],[114.61734,11.4415],[114.61715,11.44583],[114.61708,11.45037],[114.6175,11.45734],[114.61809,11.46483],[114.61885,11.46917],[114.62007,11.47686],[114.62191,11.48086],[114.6249,11.4887],[114.62653,11.49178],[114.6285,11.49518],[114.63201,11.49864],[114.63714,11.50128],[114.64522,11.50384],[114.65312,11.50424],[114.65861,11.50336],[114.66441,11.50035],[114.6674,11.49704],[114.66787,11.49243],[114.66698,11.49016]]],[[[116.19135,11.45215],[116.18807,11.44991],[116.18359,11.45114],[116.18187,11.45489],[116.18149,11.45859],[116.18328,11.46351],[116.1851,11.46896],[116.1868,11.47153],[116.18876,11.47382],[116.19333,11.48153],[116.19892,11.48815],[116.2058,11.49366],[116.21483,11.49936],[116.21925,11.50339],[116.22581,11.50761],[116.23041,11.50927],[116.23512,11.50698],[116.23842,11.50291],[116.2393,11.4984],[116.23726,11.49401],[116.23218,11.49368],[116.22705,11.49204],[116.22186,11.48883],[116.21853,11.48554],[116.2163,11.483],[116.21431,11.47992],[116.2093,11.47459],[116.20488,11.47056],[116.2023,11.46619],[116.19947,11.46183],[116.19719,11.45824],[116.19489,11.45412],[116.19135,11.45215]]],[[[116.38327,11.49395],[116.3774,11.49254],[116.37332,11.49434],[116.36898,11.50014],[116.3721,11.50505],[116.37741,11.51304],[116.38348,11.51936],[116.38617,11.52417],[116.3855,11.5283],[116.38401,11.53245],[116.38587,11.5373],[116.39115,11.54447],[116.3956,11.55167],[116.39925,11.55973],[116.39703,11.56638],[116.3973,11.57293],[116.39909,11.57613],[116.40393,11.57266],[116.40774,11.56431],[116.40903,11.55524],[116.41025,11.54453],[116.40454,11.52672],[116.40175,11.51945],[116.3972,11.50979],[116.39189,11.5018],[116.38837,11.49702],[116.38327,11.49395]]],[[[116.27237,11.5173],[116.2659,11.51473],[116.2621,11.51519],[116.25995,11.51716],[116.2595,11.52189],[116.25896,11.52411],[116.26164,11.52746],[116.26721,11.53133],[116.27347,11.53674],[116.28264,11.54297],[116.29126,11.55143],[116.29594,11.5569],[116.30355,11.56383],[116.31114,11.57044],[116.31877,11.57799],[116.32672,11.58554],[116.33273,11.59221],[116.33812,11.59561],[116.34187,11.59389],[116.3449,11.59],[116.34665,11.58616],[116.34747,11.58267],[116.34376,11.57779],[116.33851,11.57391],[116.33153,11.56665],[116.3269,11.56243],[116.32086,11.55482],[116.31161,11.5467],[116.30107,11.53801],[116.29627,11.53364],[116.2897,11.52856],[116.28052,11.52201],[116.27237,11.5173]]],[[[116.37214,11.6169],[116.36909,11.61423],[116.36415,11.61525],[116.3593,11.61872],[116.35778,11.62206],[116.36047,11.62688],[116.36657,11.63401],[116.37241,11.6346],[116.37739,11.6344],[116.37968,11.62939],[116.37951,11.6253],[116.37686,11.6213],[116.37214,11.6169]]],[[[116.40713,11.64341],[116.40037,11.64208],[116.39587,11.64226],[116.39253,11.64251],[116.39049,11.64339],[116.3905,11.64658],[116.39027,11.64933],[116.39085,11.65227],[116.39176,11.65474],[116.3923,11.65655],[116.39305,11.65788],[116.39692,11.66218],[116.40218,11.6663],[116.40816,11.67119],[116.4144,11.67676],[116.42063,11.68056],[116.4262,11.68683],[116.42875,11.6897],[116.43286,11.69113],[116.4354,11.69114],[116.4375,11.68878],[116.4374,11.68627],[116.43536,11.68179],[116.43176,11.67578],[116.42709,11.67175],[116.42275,11.66747],[116.41784,11.66334],[116.4149,11.66018],[116.4133,11.65833],[116.41109,11.65523],[116.41027,11.65218],[116.41015,11.64922],[116.4095,11.64468],[116.40713,11.64341]]],[[[116.48155,11.66353],[116.47726,11.66274],[116.47375,11.66482],[116.47227,11.66875],[116.4716,11.67621],[116.47255,11.68328],[116.47307,11.6881],[116.47127,11.69205],[116.46974,11.6947],[116.46662,11.69838],[116.46346,11.70109],[116.46061,11.70346],[116.45874,11.7058],[116.45571,11.71174],[116.45816,11.72291],[116.46173,11.73056],[116.46607,11.7404],[116.46828,11.74645],[116.47083,11.75248],[116.47442,11.75605],[116.48038,11.75775],[116.48596,11.75785],[116.49006,11.75413],[116.49135,11.74568],[116.49088,11.73439],[116.48861,11.72705],[116.48696,11.71872],[116.4879,11.70996],[116.49057,11.70307],[116.49262,11.69345],[116.49137,11.68704],[116.49069,11.67835],[116.48884,11.67325],[116.48564,11.66724],[116.48155,11.66353]]]],"type":"MultiPolygon"},"id":"tinh34.16","properties":{"matinh":"23","name":"Khánh Hòa","atlasId":23},"type":"Feature"},{"geometry":{"coordinates":[[[[108.39936,14.60091],[108.4165,14.57467],[108.42395,14.56806],[108.42438,14.56772],[108.43281,14.56097],[108.4777,14.54688],[108.49166,14.54496],[108.50652,14.54651],[108.51195,14.5525],[108.52644,14.5577],[108.53079,14.58014],[108.53812,14.58251],[108.54305,14.58912],[108.54514,14.59038],[108.54775,14.58642],[108.55933,14.58644],[108.57025,14.57915],[108.57273,14.57327],[108.594,14.56455],[108.59482,14.54738],[108.60459,14.53547],[108.6121,14.53497],[108.61629,14.53815],[108.61628,14.54394],[108.6257,14.54526],[108.62803,14.55312],[108.64043,14.54947],[108.63867,14.56688],[108.67324,14.58296],[108.67499,14.58551],[108.67427,14.58915],[108.67431,14.59142],[108.67543,14.59337],[108.67763,14.5953],[108.68909,14.59432],[108.69689,14.59947],[108.70249,14.61564],[108.71333,14.60245],[108.73417,14.59037],[108.75782,14.59659],[108.76022,14.60034],[108.76091,14.60456],[108.75954,14.6129],[108.75954,14.61391],[108.76022,14.61879],[108.76104,14.62165],[108.76249,14.6245],[108.76393,14.62705],[108.75785,14.66794],[108.7671,14.67864],[108.78495,14.67088],[108.79675,14.67012],[108.80324,14.67089],[108.81069,14.67206],[108.81315,14.67297],[108.82278,14.67737],[108.82597,14.67904],[108.8368,14.6953],[108.84015,14.6941],[108.84546,14.6834],[108.8465,14.68347],[108.84968,14.68432],[108.8502,14.6846],[108.85045,14.69166],[108.85156,14.69237],[108.85319,14.69294],[108.86932,14.69158],[108.88703,14.68409],[108.89128,14.68723],[108.9026,14.68807],[108.90603,14.69311],[108.9206,14.69806],[108.92599,14.70367],[108.92623,14.69897],[108.93773,14.69632],[108.94966,14.68551],[108.95786,14.6874],[108.97518,14.67278],[108.99174,14.67496],[108.9983,14.66989],[109.00747,14.67139],[109.01129,14.66895],[109.01262,14.66816],[109.0144,14.66712],[109.02628,14.6485],[109.03261,14.6488],[109.04236,14.63362],[109.04339,14.6314],[109.04389,14.62869],[109.04071,14.6249],[109.04444,14.61961],[109.043,14.61147],[109.04417,14.61017],[109.04665,14.6075],[109.05409,14.60934],[109.05872,14.5921],[109.06309,14.59237],[109.06359,14.5924],[109.06483,14.59174],[109.06891,14.58537],[109.08078,14.57875],[109.06789,14.57726],[109.06469,14.57014],[109.06472,14.56687],[109.06535,14.56324],[109.06569,14.56132],[109.09147,14.48563],[109.09343,14.48273],[109.09463,14.4814],[109.10106,14.48084],[109.12155,14.44764],[109.12194,14.44274],[109.11629,14.43508],[109.11295,14.42309],[109.11966,14.40339],[109.12606,14.39541],[109.12061,14.38943],[109.12034,14.37459],[109.14155,14.33643],[109.1772,14.2874],[109.18471,14.28252],[109.17764,14.27729],[109.17741,14.27163],[109.19521,14.2346],[109.19181,14.22795],[109.18439,14.23031],[109.18105,14.22735],[109.1791,14.21773],[109.18143,14.20477],[109.20263,14.16237],[109.21735,14.14132],[109.22583,14.13932],[109.21966,14.12822],[109.2079,14.12943],[109.20297,14.11514],[109.20613,14.10066],[109.21819,14.07249],[109.23845,14.03589],[109.25153,14.0199],[109.24496,14.00806],[109.2478,13.9985],[109.25519,13.98962],[109.25249,13.98569],[109.24829,13.98592],[109.24735,13.9805],[109.2517,13.96952],[109.25798,13.96453],[109.25232,13.95968],[109.24646,13.96002],[109.24075,13.95628],[109.2418,13.94256],[109.25187,13.92098],[109.26547,13.90103],[109.28159,13.88785],[109.28591,13.88814],[109.29253,13.89578],[109.29592,13.88017],[109.29095,13.87579],[109.29055,13.85235],[109.29597,13.84436],[109.29629,13.82812],[109.28757,13.81757],[109.28409,13.80565],[109.29122,13.78039],[109.28699,13.75572],[109.2784,13.76357],[109.26579,13.75863],[109.25303,13.7599],[109.25178,13.76035],[109.25039,13.76108],[109.24943,13.76187],[109.25148,13.76542],[109.24874,13.7689],[109.23758,13.77246],[109.22503,13.76584],[109.21313,13.749],[109.2179,13.73568],[109.21606,13.71744],[109.22059,13.71368],[109.22522,13.69303],[109.23203,13.68096],[109.23123,13.67225],[109.22837,13.67708],[109.22646,13.67808],[109.22245,13.67969],[109.21698,13.68249],[109.21122,13.68015],[109.20649,13.68181],[109.2001,13.69558],[109.18883,13.69458],[109.17912,13.68404],[109.15544,13.67958],[109.15348,13.66439],[109.14902,13.65644],[109.15182,13.64558],[109.15038,13.63454],[109.14263,13.63203],[109.12447,13.6448],[109.12214,13.6455],[109.12122,13.64556],[109.1204,13.64537],[109.11979,13.64498],[109.11891,13.64408],[109.11816,13.64262],[109.11769,13.64099],[109.11719,13.63797],[109.12501,13.62281],[109.11406,13.61609],[109.11175,13.59533],[109.11595,13.58582],[109.10964,13.58841],[109.10661,13.58725],[109.10144,13.58452],[109.09285,13.57387],[109.092,13.5733],[109.09133,13.57296],[109.08253,13.56814],[109.04992,13.56859],[109.0262,13.53148],[108.99804,13.52369],[108.9835,13.52965],[108.97357,13.52942],[108.96854,13.52722],[108.94858,13.52772],[108.94685,13.52776],[108.94201,13.52799],[108.92944,13.53648],[108.9187,13.54202],[108.91508,13.54237],[108.90504,13.54228],[108.905,13.54227],[108.9023,13.53928],[108.8936,13.5422],[108.886,13.5381],[108.86572,13.53607],[108.85707,13.54718],[108.85525,13.55161],[108.85418,13.56116],[108.854,13.56294],[108.84871,13.57007],[108.84714,13.56794],[108.84329,13.56609],[108.84009,13.56502],[108.82534,13.56605],[108.81119,13.57805],[108.78468,13.57828],[108.77845,13.57434],[108.77282,13.57145],[108.76511,13.56233],[108.74614,13.56708],[108.74553,13.55665],[108.73977,13.55792],[108.73437,13.55006],[108.73241,13.54398],[108.73101,13.52867],[108.72857,13.52441],[108.72566,13.5215],[108.71241,13.51886],[108.70274,13.48104],[108.71251,13.47383],[108.71147,13.46748],[108.71401,13.46362],[108.72548,13.46364],[108.73999,13.45828],[108.75124,13.46515],[108.7656,13.4649],[108.78394,13.46917],[108.78763,13.47093],[108.79127,13.47534],[108.79189,13.47696],[108.79345,13.47251],[108.79335,13.47077],[108.79303,13.46557],[108.78988,13.4622],[108.78822,13.45716],[108.78863,13.45551],[108.78901,13.454],[108.78923,13.45311],[108.79488,13.44957],[108.79852,13.44591],[108.80006,13.44436],[108.80107,13.44189],[108.80356,13.43578],[108.80532,13.39497],[108.80317,13.38118],[108.80688,13.36164],[108.83958,13.32167],[108.85745,13.28932],[108.8592,13.28833],[108.86213,13.28848],[108.8664,13.28851],[108.8691,13.2865],[108.87034,13.28436],[108.86687,13.26356],[108.86898,13.25112],[108.86367,13.2268],[108.85548,13.22471],[108.84773,13.21819],[108.85043,13.20925],[108.84707,13.2039],[108.8528,13.19499],[108.8388,13.16395],[108.82608,13.16338],[108.82173,13.15572],[108.81179,13.15847],[108.79697,13.15224],[108.79394,13.14218],[108.77544,13.14815],[108.77491,13.13873],[108.76124,13.13518],[108.75831,13.13135],[108.75973,13.12056],[108.7556,13.10155],[108.74628,13.09115],[108.75208,13.08466],[108.75203,13.08357],[108.75042,13.08091],[108.74926,13.07907],[108.75355,13.03694],[108.74753,13.03184],[108.71731,13.02014],[108.69108,13.0176],[108.67946,12.99922],[108.67919,12.99911],[108.67737,12.99839],[108.67319,12.99723],[108.66543,13.00343],[108.66184,13.00317],[108.65657,13.00098],[108.65336,13.00109],[108.63672,13.0117],[108.63029,13.01121],[108.62315,13.009],[108.6189,13.00982],[108.61578,13.01072],[108.61535,13.01085],[108.60029,13.01781],[108.58991,13.03027],[108.57619,13.02913],[108.56596,13.02051],[108.51116,13.03995],[108.50919,13.04646],[108.51832,13.06671],[108.51351,13.07281],[108.50932,13.07814],[108.49977,13.08776],[108.494,13.09879],[108.48822,13.11003],[108.45992,13.12073],[108.45579,13.12947],[108.4649,13.14001],[108.45998,13.16291],[108.43234,13.18464],[108.4244,13.19499],[108.4155,13.22086],[108.41882,13.22779],[108.41608,13.23881],[108.41277,13.24423],[108.40791,13.25039],[108.40601,13.25905],[108.40307,13.26075],[108.39466,13.25625],[108.39327,13.25631],[108.39118,13.25672],[108.38717,13.25783],[108.37235,13.26879],[108.36926,13.30527],[108.35362,13.31813],[108.35248,13.32207],[108.35201,13.3292],[108.35197,13.32933],[108.34482,13.33345],[108.34478,13.34021],[108.34376,13.34034],[108.34039,13.34002],[108.33218,13.34051],[108.28798,13.35362],[108.28116,13.36158],[108.26164,13.37376],[108.24683,13.36957],[108.23052,13.37422],[108.22199,13.37353],[108.21887,13.37275],[108.21214,13.36992],[108.20744,13.37763],[108.20081,13.37464],[108.19509,13.37824],[108.18243,13.38213],[108.16114,13.39888],[108.14253,13.4075],[108.12235,13.41084],[108.11875,13.41308],[108.11186,13.4174],[108.08852,13.40948],[108.07358,13.40109],[108.06886,13.4039],[108.06619,13.41108],[108.06105,13.41274],[108.05386,13.41337],[108.05035,13.41318],[108.04089,13.40805],[108.02772,13.39921],[108.01408,13.38523],[108.00859,13.38274],[108.00635,13.38235],[108.00625,13.38233],[107.99566,13.39137],[107.98109,13.39375],[107.97801,13.38456],[107.96243,13.38097],[107.94751,13.38404],[107.93159,13.3767],[107.91889,13.38691],[107.91761,13.38733],[107.91558,13.38798],[107.90619,13.38965],[107.88784,13.38723],[107.87342,13.39452],[107.84966,13.39054],[107.84948,13.3907],[107.8371,13.40156],[107.81772,13.39445],[107.79968,13.39428],[107.784,13.37815],[107.76697,13.36764],[107.7583,13.36549],[107.71817,13.36824],[107.70807,13.37119],[107.70264,13.37639],[107.69413,13.37337],[107.65739,13.3482],[107.64589,13.32576],[107.61494,13.31321],[107.61316,13.309],[107.60502,13.30556],[107.62917,13.36169],[107.62444,13.42117],[107.6158,13.52956],[107.57001,13.62377],[107.5699,13.62593],[107.56863,13.649],[107.56779,13.66512],[107.56702,13.66626],[107.54886,13.69299],[107.53079,13.74521],[107.52428,13.75025],[107.51034,13.76145],[107.49963,13.76766],[107.49597,13.76971],[107.48323,13.77685],[107.47168,13.77847],[107.44834,13.79488],[107.45722,13.80751],[107.45973,13.81769],[107.45365,13.82482],[107.45379,13.82948],[107.46331,13.83917],[107.47156,13.85557],[107.45555,13.86698],[107.4524,13.87207],[107.45595,13.88026],[107.46899,13.89302],[107.47064,13.92115],[107.45607,13.92471],[107.46733,13.938],[107.46841,13.95401],[107.49392,13.96899],[107.50487,13.97659],[107.51133,13.9829],[107.51651,13.98966],[107.51858,13.99532],[107.51911,14.00007],[107.51945,14.00495],[107.52057,14.01243],[107.52354,14.01785],[107.52989,14.02257],[107.53567,14.02474],[107.59084,14.02642],[107.5957,14.02903],[107.59689,14.03113],[107.59709,14.03801],[107.59838,14.04399],[107.60014,14.04909],[107.60315,14.05257],[107.60837,14.06115],[107.61123,14.06478],[107.61398,14.06481],[107.61535,14.06484],[107.62948,14.05526],[107.64519,14.06564],[107.65398,14.08562],[107.64924,14.09855],[107.65483,14.1082],[107.66176,14.13934],[107.6584,14.16654],[107.67164,14.18245],[107.68511,14.21757],[107.72125,14.21559],[107.75255,14.20556],[107.75919,14.20758],[107.77339,14.22158],[107.77955,14.22379],[107.79469,14.22152],[107.80594,14.21409],[107.81492,14.21542],[107.82654,14.23215],[107.83372,14.23741],[107.8368,14.24486],[107.83692,14.25394],[107.83607,14.26253],[107.84144,14.27065],[107.84396,14.2738],[107.846,14.27635],[107.87018,14.27743],[107.87224,14.27865],[107.87371,14.2821],[107.87554,14.28339],[107.879,14.28346],[107.89026,14.28247],[107.8935,14.28153],[107.89887,14.27766],[107.9102,14.26748],[107.92982,14.24385],[107.93887,14.24119],[107.94629,14.24361],[107.95784,14.22931],[107.98086,14.24444],[107.99677,14.246],[108.01104,14.24152],[108.03637,14.27726],[108.03999,14.27809],[108.04282,14.27734],[108.05097,14.27114],[108.05586,14.26727],[108.05867,14.26809],[108.06216,14.27876],[108.07535,14.31096],[108.0855,14.31785],[108.08625,14.32076],[108.08621,14.3234],[108.08593,14.32467],[108.07904,14.32794],[108.07626,14.33258],[108.07719,14.33417],[108.07833,14.33484],[108.09697,14.33614],[108.10051,14.3378],[108.10161,14.33844],[108.10686,14.34223],[108.11068,14.34759],[108.10679,14.35419],[108.11355,14.36461],[108.13026,14.35707],[108.13365,14.35714],[108.13653,14.35743],[108.13823,14.36098],[108.14713,14.36138],[108.14092,14.3544],[108.14548,14.34868],[108.15228,14.35022],[108.15505,14.35645],[108.15695,14.36016],[108.15907,14.36345],[108.19224,14.3731],[108.20239,14.38318],[108.21148,14.38915],[108.22538,14.39283],[108.23621,14.39509],[108.24192,14.39673],[108.27169,14.38825],[108.28945,14.39132],[108.29452,14.39378],[108.29179,14.40676],[108.29243,14.41067],[108.2937,14.41397],[108.29646,14.41891],[108.31987,14.44224],[108.32477,14.45908],[108.38094,14.51682],[108.3818,14.52177],[108.38109,14.52656],[108.3784,14.53061],[108.37511,14.53333],[108.37221,14.53643],[108.36725,14.55627],[108.3576,14.56561],[108.35643,14.56915],[108.35548,14.5759],[108.35712,14.58429],[108.36525,14.58521],[108.3733,14.60165],[108.38232,14.59867],[108.39519,14.60429],[108.39688,14.60366],[108.39936,14.60091]]]],"type":"MultiPolygon"},"id":"tinh34.24","properties":{"matinh":"24","name":"Gia Lai","atlasId":24},"type":"Feature"},{"geometry":{"coordinates":[[[[108.15787,13.4005],[108.18243,13.38213],[108.19509,13.37824],[108.20081,13.37464],[108.20744,13.37763],[108.21214,13.36992],[108.21887,13.37275],[108.22199,13.37353],[108.23052,13.37422],[108.24683,13.36957],[108.26164,13.37376],[108.28116,13.36158],[108.28798,13.35362],[108.33218,13.34051],[108.34039,13.34002],[108.34376,13.34034],[108.34478,13.34021],[108.34482,13.33345],[108.35197,13.32933],[108.35201,13.3292],[108.35248,13.32207],[108.35362,13.31813],[108.36926,13.30527],[108.37235,13.26879],[108.38717,13.25783],[108.39118,13.25672],[108.39327,13.25631],[108.39466,13.25625],[108.40307,13.26075],[108.40601,13.25905],[108.40791,13.25039],[108.41277,13.24423],[108.41608,13.23881],[108.41882,13.22779],[108.4155,13.22086],[108.4244,13.19499],[108.43234,13.18464],[108.45998,13.16291],[108.4649,13.14001],[108.45579,13.12947],[108.45992,13.12073],[108.48822,13.11003],[108.494,13.09879],[108.49977,13.08776],[108.50932,13.07814],[108.51351,13.07281],[108.51832,13.06671],[108.50919,13.04646],[108.5125,13.03876],[108.53896,13.03195],[108.56596,13.02051],[108.57619,13.02913],[108.58991,13.03027],[108.60029,13.01781],[108.61535,13.01085],[108.61578,13.01072],[108.6189,13.00982],[108.62315,13.009],[108.63029,13.01121],[108.63672,13.0117],[108.65336,13.00109],[108.65657,13.00098],[108.66184,13.00317],[108.66543,13.00343],[108.67319,12.99723],[108.67737,12.99839],[108.69108,13.0176],[108.71731,13.02014],[108.74753,13.03184],[108.75355,13.03694],[108.74926,13.07907],[108.75042,13.08091],[108.75203,13.08357],[108.75208,13.08466],[108.74628,13.09115],[108.7556,13.10155],[108.75973,13.12056],[108.75831,13.13135],[108.76124,13.13518],[108.77491,13.13873],[108.77544,13.14815],[108.79394,13.14218],[108.79697,13.15224],[108.81179,13.15847],[108.82173,13.15572],[108.82608,13.16338],[108.8388,13.16395],[108.8528,13.19499],[108.84707,13.2039],[108.85043,13.20925],[108.84773,13.21819],[108.85548,13.22471],[108.86367,13.2268],[108.86898,13.25112],[108.86687,13.26356],[108.87034,13.28436],[108.8691,13.2865],[108.8664,13.28851],[108.86213,13.28848],[108.8592,13.28833],[108.85745,13.28932],[108.83958,13.32167],[108.80688,13.36164],[108.80317,13.38118],[108.80532,13.39497],[108.80356,13.43578],[108.80107,13.44189],[108.80006,13.44436],[108.79852,13.44591],[108.79488,13.44957],[108.78923,13.45311],[108.78901,13.454],[108.78863,13.45551],[108.78822,13.45716],[108.78988,13.4622],[108.79303,13.46557],[108.79335,13.47077],[108.79345,13.47251],[108.79189,13.47696],[108.79127,13.47534],[108.78763,13.47093],[108.78394,13.46917],[108.7656,13.4649],[108.75124,13.46515],[108.73999,13.45828],[108.72548,13.46364],[108.71401,13.46362],[108.71147,13.46748],[108.71251,13.47383],[108.70274,13.48104],[108.71241,13.51886],[108.72566,13.5215],[108.72857,13.52441],[108.73101,13.52867],[108.73241,13.54398],[108.73437,13.55006],[108.73977,13.55792],[108.74553,13.55665],[108.74614,13.56708],[108.76511,13.56233],[108.77282,13.57145],[108.77845,13.57434],[108.78468,13.57828],[108.81119,13.57805],[108.82534,13.56605],[108.84009,13.56502],[108.84329,13.56609],[108.84714,13.56794],[108.84871,13.57007],[108.854,13.56294],[108.85418,13.56116],[108.85525,13.55161],[108.85707,13.54718],[108.86572,13.53607],[108.886,13.5381],[108.8936,13.5422],[108.9023,13.53928],[108.905,13.54227],[108.90504,13.54228],[108.91508,13.54237],[108.9187,13.54202],[108.92944,13.53648],[108.94201,13.52799],[108.94685,13.52776],[108.94858,13.52772],[108.96854,13.52722],[108.97357,13.52942],[108.9835,13.52965],[108.99764,13.52378],[108.99804,13.52369],[109.00543,13.52439],[109.0262,13.53148],[109.04992,13.56859],[109.08253,13.56814],[109.09133,13.57296],[109.092,13.5733],[109.09285,13.57387],[109.10144,13.58452],[109.10661,13.58725],[109.10964,13.58841],[109.11595,13.58582],[109.11175,13.59533],[109.11406,13.61609],[109.12501,13.62281],[109.11719,13.63797],[109.11769,13.64099],[109.11816,13.64262],[109.11891,13.64408],[109.12447,13.6448],[109.14263,13.63203],[109.15038,13.63454],[109.15182,13.64558],[109.14902,13.65644],[109.15348,13.66439],[109.15427,13.67862],[109.17912,13.68404],[109.18956,13.69497],[109.20111,13.69547],[109.20649,13.68181],[109.21122,13.68015],[109.21666,13.6826],[109.22981,13.67571],[109.23101,13.65619],[109.2269,13.63838],[109.22843,13.63237],[109.23302,13.62222],[109.23842,13.61266],[109.24864,13.59832],[109.2576,13.58908],[109.27011,13.57804],[109.27033,13.57785],[109.27053,13.57775],[109.27548,13.57516],[109.27989,13.57332],[109.293,13.57476],[109.29675,13.57008],[109.28844,13.5696],[109.28727,13.56134],[109.27709,13.55594],[109.27711,13.53529],[109.29372,13.52736],[109.30006,13.51919],[109.29864,13.51223],[109.29247,13.51015],[109.28537,13.50254],[109.29234,13.4798],[109.30594,13.46567],[109.31294,13.46614],[109.32172,13.47532],[109.32593,13.47334],[109.32847,13.46707],[109.32738,13.46334],[109.31883,13.46321],[109.31414,13.45948],[109.31336,13.4571],[109.31316,13.45574],[109.31333,13.45413],[109.31781,13.44491],[109.30892,13.43925],[109.30972,13.4156],[109.30084,13.41633],[109.29629,13.40621],[109.29178,13.40887],[109.29026,13.41765],[109.26612,13.41465],[109.25726,13.42718],[109.26131,13.43428],[109.27279,13.4349],[109.28082,13.44671],[109.28911,13.44767],[109.29073,13.45575],[109.286,13.46321],[109.27623,13.46511],[109.2648,13.48049],[109.24998,13.48527],[109.24454,13.49616],[109.2382,13.49428],[109.23767,13.48899],[109.22772,13.48097],[109.23132,13.4724],[109.21892,13.45043],[109.22549,13.43326],[109.23645,13.43081],[109.23125,13.42554],[109.22448,13.4265],[109.21764,13.4188],[109.21827,13.41609],[109.22864,13.4135],[109.22562,13.3985],[109.2188,13.39725],[109.21852,13.39426],[109.21991,13.39218],[109.22343,13.39116],[109.22573,13.39154],[109.23366,13.39286],[109.24159,13.3902],[109.24758,13.37216],[109.25947,13.35841],[109.26556,13.3557],[109.27116,13.36629],[109.28182,13.36455],[109.2892,13.36663],[109.29381,13.35797],[109.28896,13.35395],[109.28873,13.35036],[109.29728,13.33998],[109.29773,13.3387],[109.29774,13.33742],[109.29731,13.33592],[109.29383,13.33418],[109.28456,13.33645],[109.28252,13.33399],[109.28051,13.32867],[109.28118,13.3172],[109.28432,13.30775],[109.28894,13.2973],[109.30652,13.27604],[109.31342,13.25705],[109.3009,13.2493],[109.30215,13.22938],[109.29125,13.21797],[109.29429,13.20137],[109.30155,13.18954],[109.29155,13.16903],[109.29227,13.14446],[109.30132,13.12331],[109.33252,13.08094],[109.36739,13.01855],[109.4205,12.95465],[109.4155,12.94635],[109.4232,12.94485],[109.42802,12.94795],[109.42909,12.94688],[109.42971,12.94542],[109.42974,12.94447],[109.42724,12.93873],[109.43567,12.92647],[109.44285,12.91794],[109.45387,12.91394],[109.4474,12.89546],[109.45651,12.89755],[109.45233,12.88934],[109.45701,12.88254],[109.44957,12.87818],[109.45164,12.86184],[109.43653,12.85774],[109.42618,12.84803],[109.4183,12.84908],[109.43613,12.87082],[109.436,12.88131],[109.42747,12.88199],[109.41716,12.87303],[109.39903,12.86712],[109.40126,12.85978],[109.39818,12.85468],[109.39094,12.85167],[109.38707,12.84358],[109.37848,12.84895],[109.36348,12.86909],[109.35734,12.86178],[109.35089,12.86053],[109.33855,12.851],[109.32792,12.85076],[109.32523,12.84249],[109.31869,12.83674],[109.31515,12.83803],[109.31224,12.84429],[109.29705,12.84215],[109.29631,12.84146],[109.29419,12.83905],[109.29133,12.83738],[109.28102,12.83464],[109.25367,12.83888],[109.225,12.81429],[109.22302,12.81433],[109.22026,12.815],[109.21862,12.81608],[109.21328,12.82701],[109.20763,12.83133],[109.19511,12.83222],[109.16636,12.82807],[109.16083,12.8247],[109.15395,12.813],[109.14532,12.78533],[109.14207,12.78198],[109.12729,12.78882],[109.12049,12.79893],[109.11341,12.79928],[109.11092,12.7875],[109.11046,12.78649],[109.10862,12.78249],[109.10295,12.77424],[109.08864,12.76392],[109.08949,12.75222],[109.08416,12.74558],[109.07662,12.74495],[109.06418,12.75474],[109.05808,12.74596],[109.0417,12.74722],[109.03452,12.7381],[109.02092,12.7357],[109.01592,12.73165],[109.01389,12.72997],[109.01174,12.72042],[108.98421,12.70435],[108.98655,12.69148],[108.97415,12.68386],[108.95313,12.68729],[108.94131,12.67184],[108.93162,12.64627],[108.91697,12.63918],[108.90849,12.6404],[108.89613,12.62752],[108.90544,12.62005],[108.91621,12.60091],[108.90105,12.58578],[108.89003,12.57965],[108.89311,12.56863],[108.89004,12.54973],[108.87372,12.53609],[108.8721,12.53297],[108.87108,12.53063],[108.87074,12.52842],[108.87055,12.50755],[108.85825,12.49734],[108.86445,12.48866],[108.87615,12.47975],[108.87599,12.47746],[108.87518,12.47361],[108.86861,12.47012],[108.86722,12.45459],[108.84088,12.46208],[108.81132,12.48277],[108.79742,12.48549],[108.79146,12.49974],[108.77594,12.50526],[108.76543,12.50393],[108.76129,12.49906],[108.75111,12.5006],[108.74644,12.48158],[108.73638,12.476],[108.71353,12.48475],[108.69951,12.47425],[108.69692,12.46197],[108.68476,12.45078],[108.66718,12.42485],[108.67802,12.41615],[108.67165,12.40215],[108.67567,12.39354],[108.6845,12.38877],[108.68063,12.38082],[108.68624,12.37789],[108.68703,12.37592],[108.68744,12.37377],[108.68736,12.37115],[108.68709,12.36889],[108.68566,12.36504],[108.67831,12.35906],[108.6754,12.34975],[108.68316,12.33436],[108.68294,12.32611],[108.66547,12.30095],[108.64636,12.29439],[108.63512,12.29453],[108.62564,12.28986],[108.62451,12.29024],[108.62208,12.29147],[108.62035,12.29151],[108.61494,12.28523],[108.59358,12.27862],[108.58741,12.28352],[108.58599,12.28965],[108.54829,12.29286],[108.5405,12.29861],[108.53581,12.29404],[108.53784,12.28677],[108.53378,12.28259],[108.50934,12.2783],[108.49744,12.28538],[108.49779,12.29328],[108.49743,12.29386],[108.49076,12.30558],[108.48196,12.31073],[108.47359,12.29774],[108.4635,12.29788],[108.46423,12.28343],[108.46323,12.28192],[108.46212,12.28053],[108.45772,12.27662],[108.44715,12.27433],[108.44113,12.27866],[108.43448,12.25807],[108.43746,12.25141],[108.42794,12.26015],[108.42503,12.25252],[108.41674,12.25006],[108.41078,12.2446],[108.39229,12.24472],[108.38597,12.24212],[108.36765,12.25518],[108.35397,12.25577],[108.3407,12.24627],[108.33446,12.2492],[108.33155,12.23668],[108.33738,12.23532],[108.33838,12.22891],[108.329,12.23146],[108.31967,12.22507],[108.32042,12.22077],[108.3103,12.21879],[108.29435,12.20292],[108.29155,12.20976],[108.27516,12.21479],[108.27014,12.20562],[108.25798,12.20106],[108.25835,12.19284],[108.25126,12.18962],[108.24689,12.17975],[108.25228,12.1732],[108.24475,12.16957],[108.23971,12.162],[108.2358,12.17441],[108.22572,12.18361],[108.21519,12.18425],[108.20822,12.17989],[108.20724,12.17356],[108.19791,12.17144],[108.19055,12.17262],[108.18735,12.17346],[108.18592,12.17383],[108.17426,12.18626],[108.16088,12.19186],[108.11787,12.17656],[108.11152,12.18576],[108.10885,12.20031],[108.09508,12.21225],[108.079,12.2421],[108.04298,12.27383],[108.03889,12.28921],[108.01833,12.29157],[108.01423,12.3034],[108.00305,12.29708],[107.99624,12.30548],[107.97479,12.29786],[107.97337,12.3004],[107.97253,12.30675],[107.96923,12.31217],[107.96134,12.31556],[107.95345,12.3188],[107.94817,12.32253],[107.94281,12.32742],[107.94187,12.32971],[107.9426,12.3313],[107.94342,12.33441],[107.93187,12.34501],[107.92948,12.35396],[107.92898,12.35668],[107.93196,12.3658],[107.93222,12.36989],[107.9317,12.37443],[107.92851,12.3777],[107.92379,12.37933],[107.9193,12.38186],[107.91693,12.38668],[107.91292,12.39572],[107.91102,12.39998],[107.9111,12.40347],[107.91392,12.40736],[107.91562,12.40837],[107.92204,12.4102],[107.92448,12.4128],[107.92136,12.42912],[107.9474,12.44153],[107.96424,12.43778],[107.97074,12.4406],[107.97772,12.44429],[107.98338,12.44768],[107.98807,12.45455],[107.98928,12.45733],[107.98983,12.46244],[107.99102,12.46639],[107.9992,12.47814],[107.99776,12.48282],[107.99525,12.48673],[107.9934,12.48671],[107.99049,12.48592],[107.98862,12.48741],[107.97666,12.50348],[107.96383,12.51412],[107.95583,12.52043],[107.94799,12.52512],[107.92259,12.53157],[107.90824,12.52681],[107.88635,12.5429],[107.88632,12.54557],[107.88705,12.54912],[107.89128,12.55255],[107.89374,12.55375],[107.89416,12.55465],[107.89407,12.55692],[107.8929,12.56086],[107.89315,12.56541],[107.89872,12.57018],[107.90806,12.57701],[107.91744,12.5807],[107.92449,12.58134],[107.93,12.58463],[107.93208,12.58816],[107.93299,12.59082],[107.93318,12.59384],[107.92728,12.60503],[107.92717,12.6103],[107.92731,12.61586],[107.9263,12.61859],[107.92333,12.6225],[107.91736,12.64764],[107.90575,12.64722],[107.90286,12.65059],[107.90361,12.65396],[107.91272,12.6594],[107.91294,12.66078],[107.91231,12.66444],[107.91118,12.66655],[107.90411,12.67186],[107.90368,12.67822],[107.91037,12.69452],[107.89421,12.71263],[107.89439,12.71641],[107.8948,12.72056],[107.89634,12.7238],[107.89839,12.72586],[107.9013,12.72709],[107.90524,12.72902],[107.90753,12.73296],[107.90836,12.73632],[107.90823,12.73938],[107.90134,12.74512],[107.88871,12.7509],[107.87493,12.75309],[107.87118,12.75217],[107.86674,12.7524],[107.85506,12.76161],[107.85197,12.78022],[107.86145,12.79548],[107.86135,12.79944],[107.85394,12.80888],[107.84559,12.81342],[107.8321,12.80445],[107.82266,12.80279],[107.81766,12.79393],[107.80218,12.77995],[107.77705,12.78047],[107.73227,12.7844],[107.7042,12.79032],[107.6655,12.79715],[107.63649,12.8001],[107.60774,12.79963],[107.56009,12.79447],[107.55429,12.80103],[107.55192,12.80501],[107.55091,12.80775],[107.55223,12.81803],[107.55133,12.8216],[107.54922,12.82444],[107.54587,12.82987],[107.53982,12.83519],[107.52953,12.83974],[107.52509,12.84162],[107.52352,12.84533],[107.52208,12.85054],[107.51974,12.85469],[107.51759,12.8563],[107.51316,12.85699],[107.50981,12.85784],[107.50995,12.86964],[107.50719,12.8705],[107.5003,12.87384],[107.49534,12.88034],[107.48998,12.89385],[107.48899,12.89951],[107.49363,12.90324],[107.49788,12.91695],[107.49648,12.91872],[107.4917,12.92328],[107.49105,12.92641],[107.49081,12.93267],[107.49149,12.93806],[107.48963,12.94057],[107.48627,12.94157],[107.48382,12.94288],[107.48239,12.94659],[107.48249,12.95078],[107.48776,12.96478],[107.4879,12.96612],[107.48574,12.96833],[107.48533,12.97053],[107.48928,12.97332],[107.49229,12.97451],[107.49547,12.97433],[107.50014,12.97416],[107.50232,12.97559],[107.50249,12.97723],[107.50112,12.97873],[107.49657,12.98271],[107.49542,12.98508],[107.4958,12.99153],[107.49691,12.9969],[107.49635,12.99866],[107.48929,13.00254],[107.49137,13.01181],[107.48984,13.02188],[107.49013,13.02217],[107.49135,13.02288],[107.49254,13.02358],[107.60502,13.30556],[107.61316,13.309],[107.61494,13.31321],[107.64589,13.32576],[107.65648,13.34734],[107.69413,13.37337],[107.70264,13.37639],[107.70807,13.37119],[107.71817,13.36824],[107.74563,13.36465],[107.76015,13.36585],[107.78578,13.37941],[107.79968,13.39428],[107.81772,13.39445],[107.8371,13.40156],[107.84948,13.3907],[107.84966,13.39054],[107.87342,13.39452],[107.88784,13.38723],[107.90619,13.38965],[107.91558,13.38798],[107.91761,13.38733],[107.91889,13.38691],[107.93159,13.3767],[107.94751,13.38404],[107.96243,13.38097],[107.97801,13.38456],[107.98109,13.39375],[107.99566,13.39137],[108.00625,13.38233],[108.00635,13.38235],[108.00859,13.38274],[108.01408,13.38523],[108.02772,13.39921],[108.04089,13.40805],[108.05035,13.41318],[108.05386,13.41337],[108.06105,13.41274],[108.06619,13.41108],[108.06886,13.4039],[108.07358,13.40109],[108.10971,13.41776],[108.11186,13.4174],[108.11875,13.41308],[108.12235,13.41084],[108.14253,13.4075],[108.15787,13.4005]]],[[[109.3319,13.27683],[109.32673,13.28216],[109.32864,13.28949],[109.33316,13.28921],[109.34066,13.28252],[109.3319,13.27683]]],[[[109.35913,13.60698],[109.34206,13.61714],[109.336,13.62828],[109.33634,13.63533],[109.34292,13.63495],[109.34829,13.62585],[109.34988,13.6242],[109.35386,13.62189],[109.35502,13.62078],[109.35878,13.61602],[109.3611,13.61294],[109.35913,13.60698]]]],"type":"MultiPolygon"},"id":"tinh34.20","properties":{"matinh":"25","name":"Đắk Lắk","atlasId":25},"type":"Feature"},{"geometry":{"coordinates":[[[[108.96124,10.4863],[108.95976,10.48862],[108.96326,10.49725],[108.96675,10.49229],[108.96124,10.4863]]],[[[108.93888,10.55278],[108.94067,10.55283],[108.94444,10.55286],[108.94688,10.55279],[108.95272,10.54621],[108.95679,10.52321],[108.96479,10.51077],[108.95832,10.50501],[108.94924,10.50447],[108.94654,10.50518],[108.94062,10.50793],[108.92914,10.51908],[108.92167,10.54621],[108.92854,10.55328],[108.93888,10.55278]]],[[[107.8008,10.65039],[107.79984,10.65047],[107.79938,10.65082],[107.79852,10.65189],[107.79843,10.65236],[107.79848,10.65299],[107.79891,10.65339],[107.79959,10.65387],[107.80055,10.65439],[107.8013,10.65442],[107.802,10.65422],[107.80273,10.65342],[107.8032,10.65232],[107.80311,10.65176],[107.80276,10.65118],[107.80177,10.65058],[107.8008,10.65039]]],[[[107.99298,10.69784],[107.99274,10.69438],[107.98734,10.69516],[107.9882,10.69783],[107.99298,10.69784]]],[[[108.83004,11.23395],[108.83108,11.23011],[108.82762,11.22602],[108.81864,11.22668],[108.8208,11.23107],[108.83004,11.23395]]],[[[108.70034,12.28815],[108.70314,12.26747],[108.70008,12.23947],[108.71411,12.22748],[108.7189,12.2197],[108.70888,12.19235],[108.7266,12.16175],[108.72583,12.16026],[108.72468,12.15887],[108.7225,12.1578],[108.70676,12.15568],[108.70159,12.15282],[108.69512,12.14957],[108.69393,12.14903],[108.69206,12.14745],[108.69191,12.14697],[108.69425,12.13894],[108.69351,12.13681],[108.69254,12.13433],[108.69145,12.13255],[108.67137,12.12152],[108.68001,12.11654],[108.70018,12.09438],[108.70937,12.05787],[108.70778,12.05186],[108.70677,12.04937],[108.70523,12.04684],[108.70348,12.0447],[108.70195,12.04322],[108.69249,12.0412],[108.68455,12.02727],[108.67796,12.01171],[108.68201,12.00249],[108.67978,11.98637],[108.66122,11.96429],[108.65855,11.95703],[108.66329,11.94383],[108.66313,11.93845],[108.66148,11.93431],[108.65984,11.92912],[108.6605,11.9252],[108.66139,11.91983],[108.66227,11.91549],[108.65181,11.89462],[108.65297,11.89063],[108.65328,11.88801],[108.64913,11.86399],[108.65124,11.84746],[108.64945,11.84303],[108.64584,11.83762],[108.64264,11.83443],[108.62781,11.82948],[108.62565,11.81981],[108.62386,11.81579],[108.62275,11.81344],[108.61969,11.81066],[108.61691,11.80719],[108.61693,11.80526],[108.61821,11.80362],[108.62159,11.80199],[108.62562,11.79973],[108.63589,11.79534],[108.66661,11.7894],[108.66845,11.78762],[108.67057,11.78516],[108.67101,11.78351],[108.67047,11.78047],[108.66148,11.76564],[108.66193,11.76192],[108.66365,11.75766],[108.66454,11.75174],[108.66696,11.74749],[108.68825,11.73553],[108.69961,11.70266],[108.69136,11.69888],[108.68296,11.68047],[108.67713,11.67215],[108.6724,11.6677],[108.66933,11.66561],[108.65794,11.66882],[108.62172,11.65167],[108.59469,11.65003],[108.57317,11.64089],[108.56025,11.64202],[108.55876,11.63718],[108.55107,11.63395],[108.54938,11.60263],[108.56417,11.58273],[108.56854,11.58043],[108.57052,11.57865],[108.58126,11.55621],[108.64169,11.55128],[108.65523,11.51483],[108.67792,11.47451],[108.70747,11.46531],[108.73556,11.4713],[108.758,11.46695],[108.75605,11.41519],[108.76016,11.40915],[108.79631,11.38518],[108.84304,11.37753],[108.8445,11.37512],[108.84546,11.36652],[108.85561,11.35698],[108.86635,11.35191],[108.87067,11.35462],[108.87371,11.35358],[108.87662,11.35407],[108.87334,11.33535],[108.86962,11.33387],[108.86638,11.33474],[108.86633,11.33346],[108.86713,11.33053],[108.86313,11.33055],[108.855,11.33195],[108.85131,11.33196],[108.82713,11.31841],[108.79088,11.31561],[108.78312,11.3118],[108.77507,11.28874],[108.75865,11.28657],[108.75255,11.27981],[108.74917,11.25805],[108.74348,11.24418],[108.74343,11.23352],[108.73186,11.21263],[108.72768,11.1863],[108.71724,11.17871],[108.70442,11.17329],[108.69933,11.17966],[108.69494,11.18252],[108.68238,11.18794],[108.66845,11.19128],[108.65845,11.19326],[108.65179,11.19328],[108.64481,11.19195],[108.63344,11.19004],[108.61613,11.17827],[108.59887,11.18446],[108.59251,11.18433],[108.58856,11.18389],[108.58265,11.18211],[108.563,11.16575],[108.54106,11.16037],[108.53342,11.15588],[108.52846,11.15718],[108.51925,11.15179],[108.50456,11.13421],[108.49099,11.10649],[108.47546,11.05631],[108.47153,11.05057],[108.45691,11.04125],[108.44389,11.0485],[108.43307,11.04775],[108.42883,11.04571],[108.42616,11.04374],[108.41307,11.02868],[108.40461,11.03335],[108.37887,11.03477],[108.37493,11.03389],[108.37064,11.03185],[108.36692,11.02923],[108.36578,11.02815],[108.36082,11.02177],[108.35946,11.01938],[108.35133,11.00353],[108.33635,10.95382],[108.33026,10.95196],[108.31717,10.95626],[108.30622,10.9512],[108.29153,10.92527],[108.28189,10.92659],[108.26841,10.94296],[108.25177,10.95026],[108.23994,10.95267],[108.23914,10.95263],[108.22988,10.95394],[108.22083,10.95289],[108.18044,10.93544],[108.15309,10.93174],[108.13078,10.93342],[108.10712,10.92121],[108.09486,10.92103],[108.08696,10.91721],[108.0733,10.90526],[108.04925,10.86082],[108.03003,10.81821],[108.01254,10.73595],[107.99086,10.70064],[107.97478,10.70729],[107.96093,10.70497],[107.93283,10.71716],[107.90398,10.72287],[107.88335,10.72177],[107.84491,10.70667],[107.82825,10.7061],[107.80954,10.69405],[107.77802,10.65691],[107.77502,10.6554],[107.77048,10.6531],[107.75394,10.64251],[107.741,10.63814],[107.72821,10.63369],[107.70337,10.63371],[107.68074,10.62693],[107.6548,10.60803],[107.61293,10.59332],[107.56878,10.57034],[107.56657,10.58439],[107.56973,10.59731],[107.56637,10.60906],[107.5652,10.6135],[107.56588,10.61839],[107.53726,10.67841],[107.54422,10.69581],[107.54235,10.70555],[107.53226,10.72289],[107.50432,10.74722],[107.50366,10.77261],[107.52156,10.7751],[107.56538,10.80509],[107.57579,10.83453],[107.57409,10.84061],[107.57135,10.84041],[107.5713,10.84078],[107.57024,10.8481],[107.57,10.85172],[107.55783,10.869],[107.55819,10.93812],[107.54113,10.97852],[107.53984,10.97921],[107.53666,10.97989],[107.53527,10.98088],[107.52952,10.99252],[107.51191,11.00458],[107.50825,11.00776],[107.50606,11.01161],[107.50376,11.0144],[107.50106,11.01547],[107.49833,11.0158],[107.49545,11.01542],[107.47978,11.00854],[107.47439,11.00885],[107.4728,11.00909],[107.47179,11.00937],[107.45324,11.01944],[107.43974,11.03178],[107.39244,11.05056],[107.39476,11.05205],[107.39708,11.05378],[107.39933,11.05429],[107.41495,11.0529],[107.4185,11.05628],[107.42162,11.05988],[107.42374,11.06419],[107.42457,11.06873],[107.42351,11.07089],[107.42135,11.07455],[107.42093,11.07599],[107.42095,11.07736],[107.42257,11.08141],[107.42685,11.08623],[107.42974,11.08861],[107.44398,11.09245],[107.45068,11.11393],[107.445,11.12287],[107.43508,11.12889],[107.43354,11.13312],[107.4331,11.13677],[107.43344,11.13804],[107.45837,11.16735],[107.45894,11.17775],[107.46053,11.17869],[107.46373,11.181],[107.46735,11.1861],[107.47152,11.20205],[107.4822,11.20509],[107.48484,11.22416],[107.48755,11.2258],[107.49037,11.22607],[107.49545,11.2278],[107.516,11.24985],[107.52026,11.25255],[107.52193,11.25285],[107.52366,11.25229],[107.51735,11.28553],[107.52173,11.29529],[107.52136,11.29966],[107.52136,11.29967],[107.52098,11.30328],[107.51776,11.30777],[107.51672,11.30974],[107.51641,11.31115],[107.51664,11.31234],[107.51686,11.31464],[107.53267,11.32576],[107.5425,11.35815],[107.54337,11.36293],[107.54318,11.36845],[107.54318,11.36845],[107.5399,11.36048],[107.53324,11.35611],[107.52344,11.36876],[107.51865,11.37023],[107.51571,11.37204],[107.51146,11.38561],[107.50445,11.38416],[107.49927,11.38489],[107.49676,11.3863],[107.49316,11.3974],[107.48498,11.40301],[107.48524,11.4272],[107.47303,11.43587],[107.45468,11.43092],[107.43791,11.43244],[107.43511,11.43135],[107.42817,11.42577],[107.42806,11.44027],[107.4442,11.44857],[107.44866,11.4591],[107.46194,11.46555],[107.46842,11.48089],[107.45457,11.4932],[107.43951,11.5175],[107.42792,11.5197],[107.42603,11.51904],[107.42378,11.51717],[107.42086,11.51376],[107.41877,11.51314],[107.41607,11.51363],[107.40649,11.52955],[107.40292,11.53018],[107.39964,11.53024],[107.39506,11.5293],[107.38822,11.52741],[107.37165,11.51688],[107.36881,11.51694],[107.36735,11.51801],[107.37613,11.54325],[107.37396,11.54755],[107.35893,11.55626],[107.36063,11.57164],[107.36172,11.57257],[107.36288,11.57286],[107.36433,11.57337],[107.36425,11.57581],[107.36257,11.57933],[107.35965,11.58241],[107.35746,11.58276],[107.35637,11.58189],[107.3539,11.55625],[107.3505,11.55006],[107.34571,11.5456],[107.34338,11.54408],[107.34003,11.54421],[107.33668,11.54535],[107.3347,11.54721],[107.33126,11.55273],[107.32776,11.55495],[107.30882,11.55575],[107.30619,11.55926],[107.30194,11.56657],[107.29959,11.57094],[107.2965,11.57991],[107.29576,11.58486],[107.30248,11.59847],[107.30087,11.61806],[107.28605,11.63174],[107.26884,11.63837],[107.26786,11.64005],[107.2659,11.64471],[107.2643,11.6511],[107.26384,11.65912],[107.26396,11.66104],[107.27627,11.68239],[107.28287,11.68816],[107.28262,11.69007],[107.28206,11.69372],[107.2818,11.69965],[107.2854,11.7265],[107.30961,11.74461],[107.32213,11.7496],[107.32475,11.75026],[107.32607,11.75012],[107.3295,11.74907],[107.33533,11.74929],[107.34404,11.75117],[107.35106,11.7535],[107.37171,11.77195],[107.37658,11.77345],[107.38315,11.77397],[107.38657,11.77329],[107.39088,11.77093],[107.39183,11.76996],[107.39485,11.7741],[107.3951,11.77496],[107.39537,11.78101],[107.39175,11.79584],[107.40684,11.80619],[107.40256,11.81701],[107.41116,11.82781],[107.41521,11.83932],[107.42495,11.84748],[107.42444,11.8599],[107.42172,11.86297],[107.41901,11.86491],[107.40926,11.86662],[107.40701,11.86716],[107.40563,11.86837],[107.40085,11.88856],[107.39175,11.8987],[107.38448,11.91311],[107.38396,11.91683],[107.38232,11.92027],[107.36466,11.93427],[107.35095,11.93962],[107.35343,11.9525],[107.34295,11.98091],[107.32036,12.00723],[107.31538,12.0096],[107.31269,12.0099],[107.30957,12.00676],[107.30582,12.00647],[107.29387,12.01085],[107.29165,12.02252],[107.27612,12.01383],[107.25397,12.02037],[107.2472,12.02675],[107.24555,12.0302],[107.24313,12.03672],[107.2409,12.04013],[107.24002,12.04026],[107.23713,12.03893],[107.23445,12.03753],[107.23346,12.03442],[107.23178,12.02843],[107.2304,12.03369],[107.23008,12.06661],[107.2326,12.09021],[107.23675,12.10485],[107.23928,12.11139],[107.23798,12.11576],[107.22704,12.11743],[107.22238,12.121],[107.22154,12.12598],[107.22569,12.13693],[107.22606,12.15418],[107.22026,12.19614],[107.20349,12.30001],[107.22336,12.29806],[107.23053,12.29892],[107.23768,12.30169],[107.25168,12.31488],[107.26245,12.32267],[107.26843,12.32561],[107.28092,12.32349],[107.28759,12.32813],[107.30098,12.33198],[107.30738,12.33283],[107.30973,12.33172],[107.31054,12.32924],[107.31216,12.3243],[107.3149,12.323],[107.31937,12.32344],[107.34379,12.3353],[107.34631,12.33203],[107.3509,12.32532],[107.35499,12.32257],[107.36142,12.31902],[107.36645,12.31382],[107.37218,12.30756],[107.38119,12.29705],[107.38192,12.28851],[107.38558,12.27783],[107.38791,12.26974],[107.39653,12.26232],[107.39682,12.25668],[107.40097,12.25469],[107.4132,12.2488],[107.42425,12.24612],[107.43476,12.24637],[107.43169,12.25321],[107.43968,12.26385],[107.4364,12.27271],[107.44128,12.28007],[107.44241,12.29281],[107.45589,12.29527],[107.46421,12.30208],[107.46493,12.31166],[107.46832,12.31254],[107.46983,12.31296],[107.47412,12.31337],[107.54248,12.35306],[107.55221,12.38008],[107.54217,12.39837],[107.5419,12.40065],[107.54178,12.41336],[107.56323,12.45044],[107.56466,12.4738],[107.56724,12.47677],[107.57152,12.47823],[107.57403,12.4794],[107.57582,12.48426],[107.57798,12.49136],[107.57881,12.49588],[107.57848,12.49745],[107.57301,12.50098],[107.57074,12.50248],[107.56921,12.50444],[107.56826,12.50927],[107.56746,12.51238],[107.56403,12.51508],[107.5618,12.51663],[107.56034,12.5193],[107.56114,12.52353],[107.56305,12.52731],[107.56605,12.53134],[107.57113,12.53264],[107.57424,12.53395],[107.57433,12.54309],[107.5879,12.55874],[107.57838,12.57796],[107.5784,12.58296],[107.57944,12.59105],[107.58038,12.59347],[107.58278,12.5978],[107.58268,12.60567],[107.58134,12.61337],[107.57111,12.62943],[107.56936,12.63689],[107.56858,12.65004],[107.56854,12.66027],[107.57942,12.68162],[107.57629,12.688],[107.57172,12.69474],[107.561,12.7054],[107.55917,12.70891],[107.55783,12.71334],[107.56535,12.73147],[107.5629,12.73586],[107.56008,12.74232],[107.55857,12.74875],[107.56009,12.79447],[107.60774,12.79963],[107.63649,12.8001],[107.6655,12.79715],[107.7042,12.79032],[107.73227,12.7844],[107.77705,12.78047],[107.80218,12.77995],[107.81766,12.79393],[107.82266,12.80279],[107.8321,12.80445],[107.84559,12.81342],[107.85394,12.80888],[107.86135,12.79944],[107.86145,12.79548],[107.85197,12.78022],[107.85506,12.76161],[107.86674,12.7524],[107.87118,12.75217],[107.87493,12.75309],[107.88871,12.7509],[107.90134,12.74512],[107.90823,12.73938],[107.90836,12.73632],[107.90753,12.73296],[107.90524,12.72902],[107.9013,12.72709],[107.89839,12.72586],[107.89634,12.7238],[107.8948,12.72056],[107.89439,12.71641],[107.89421,12.71263],[107.91037,12.69452],[107.90368,12.67822],[107.90411,12.67186],[107.91118,12.66655],[107.91231,12.66444],[107.91294,12.66078],[107.91272,12.6594],[107.90361,12.65396],[107.90286,12.65059],[107.90575,12.64722],[107.91736,12.64764],[107.92333,12.6225],[107.9263,12.61859],[107.92731,12.61586],[107.92717,12.6103],[107.92728,12.60503],[107.93318,12.59384],[107.93299,12.59082],[107.93208,12.58816],[107.93,12.58463],[107.92449,12.58134],[107.91744,12.5807],[107.90806,12.57701],[107.89872,12.57018],[107.89315,12.56541],[107.8929,12.56086],[107.89407,12.55692],[107.89416,12.55465],[107.89374,12.55375],[107.89128,12.55255],[107.88705,12.54912],[107.88632,12.54557],[107.88635,12.5429],[107.90824,12.52681],[107.92259,12.53157],[107.94799,12.52512],[107.95583,12.52043],[107.96383,12.51412],[107.97666,12.50348],[107.98862,12.48741],[107.99049,12.48592],[107.9934,12.48671],[107.99525,12.48673],[107.99776,12.48282],[107.9992,12.47814],[107.99102,12.46639],[107.98983,12.46244],[107.98928,12.45733],[107.98807,12.45455],[107.98338,12.44768],[107.97772,12.44429],[107.97074,12.4406],[107.96424,12.43778],[107.9474,12.44153],[107.92136,12.42912],[107.92448,12.4128],[107.92204,12.4102],[107.91562,12.40837],[107.91392,12.40736],[107.9111,12.40347],[107.91102,12.39998],[107.91292,12.39572],[107.91693,12.38668],[107.9193,12.38186],[107.92379,12.37933],[107.92851,12.3777],[107.9317,12.37443],[107.93222,12.36989],[107.93196,12.3658],[107.92898,12.35668],[107.92948,12.35396],[107.93187,12.34501],[107.94342,12.33441],[107.9426,12.3313],[107.94187,12.32971],[107.94281,12.32742],[107.94817,12.32253],[107.95345,12.3188],[107.96134,12.31556],[107.96923,12.31217],[107.97253,12.30675],[107.97337,12.3004],[107.97479,12.29786],[107.99624,12.30548],[108.00305,12.29708],[108.01423,12.3034],[108.01833,12.29157],[108.03889,12.28921],[108.04298,12.27383],[108.079,12.2421],[108.09508,12.21225],[108.10885,12.20031],[108.11152,12.18576],[108.11787,12.17656],[108.16088,12.19186],[108.17426,12.18626],[108.18592,12.17383],[108.18735,12.17346],[108.19055,12.17262],[108.19791,12.17144],[108.20724,12.17356],[108.20822,12.17989],[108.21519,12.18425],[108.22572,12.18361],[108.2358,12.17441],[108.23971,12.162],[108.24475,12.16957],[108.25228,12.1732],[108.24689,12.17975],[108.25126,12.18962],[108.25835,12.19284],[108.25798,12.20106],[108.27014,12.20562],[108.27516,12.21479],[108.29155,12.20976],[108.29435,12.20292],[108.3103,12.21879],[108.32042,12.22077],[108.31967,12.22507],[108.329,12.23146],[108.33838,12.22891],[108.33738,12.23532],[108.33155,12.23668],[108.33446,12.2492],[108.3407,12.24627],[108.35397,12.25577],[108.36765,12.25518],[108.38597,12.24212],[108.39229,12.24472],[108.41078,12.2446],[108.41674,12.25006],[108.42503,12.25252],[108.42794,12.26015],[108.43746,12.25141],[108.43448,12.25807],[108.44113,12.27866],[108.44715,12.27433],[108.45772,12.27662],[108.46212,12.28053],[108.46323,12.28192],[108.46423,12.28343],[108.4635,12.29788],[108.47359,12.29774],[108.48196,12.31073],[108.49076,12.30558],[108.49743,12.29386],[108.49779,12.29328],[108.49744,12.28538],[108.50789,12.27839],[108.53378,12.28259],[108.53784,12.28677],[108.53581,12.29404],[108.5405,12.29861],[108.54829,12.29286],[108.58599,12.28965],[108.58836,12.28215],[108.59553,12.27879],[108.61561,12.28557],[108.62035,12.29151],[108.62208,12.29147],[108.62451,12.29024],[108.62564,12.28986],[108.63512,12.29453],[108.64636,12.29439],[108.66042,12.29863],[108.66294,12.29979],[108.66547,12.30095],[108.66724,12.30246],[108.67817,12.31727],[108.67986,12.31795],[108.68143,12.31815],[108.69733,12.31108],[108.70072,12.30806],[108.7029,12.30521],[108.70397,12.3031],[108.70424,12.30192],[108.70403,12.29928],[108.70138,12.29312],[108.70034,12.28815]]]],"type":"MultiPolygon"},"id":"tinh34.21","properties":{"matinh":"26","name":"Lâm Đồng","atlasId":26},"type":"Feature"},{"geometry":{"coordinates":[[[[106.11434,11.74355],[106.13205,11.74583],[106.15255,11.73674],[106.16906,11.75003],[106.1775,11.74648],[106.17969,11.74662],[106.18144,11.74704],[106.18217,11.74833],[106.18255,11.75069],[106.18301,11.75107],[106.1841,11.75133],[106.18525,11.75125],[106.18873,11.75017],[106.19237,11.74785],[106.19309,11.74656],[106.19314,11.74485],[106.19361,11.74204],[106.21389,11.72889],[106.2253,11.73198],[106.2383,11.72685],[106.24267,11.72711],[106.24778,11.72781],[106.25301,11.72692],[106.25665,11.72447],[106.25882,11.72145],[106.26288,11.71813],[106.26345,11.71554],[106.26314,11.71253],[106.26358,11.71109],[106.26502,11.70951],[106.26952,11.70489],[106.27402,11.70157],[106.27823,11.69911],[106.28565,11.6965],[106.29776,11.68568],[106.29629,11.68183],[106.29828,11.68096],[106.30117,11.6802],[106.30828,11.6796],[106.31397,11.68],[106.31984,11.68313],[106.32171,11.6842],[106.32448,11.68541],[106.34136,11.68318],[106.34676,11.68602],[106.3523,11.69169],[106.36261,11.69598],[106.37143,11.69811],[106.38119,11.69863],[106.38759,11.69731],[106.3982,11.6931],[106.40706,11.68731],[106.41185,11.67935],[106.41378,11.67814],[106.42568,11.67826],[106.4351,11.6711],[106.45069,11.67212],[106.44791,11.66421],[106.45353,11.65857],[106.45313,11.65184],[106.46205,11.63925],[106.4645,11.62283],[106.48256,11.60539],[106.48754,11.57315],[106.48691,11.56914],[106.48536,11.56527],[106.48507,11.56453],[106.47949,11.55806],[106.47789,11.54751],[106.4731,11.5505],[106.46324,11.54363],[106.45733,11.54308],[106.45239,11.54317],[106.44157,11.5483],[106.42848,11.53566],[106.42668,11.51519],[106.4205,11.50437],[106.42042,11.50142],[106.42166,11.49602],[106.40424,11.47119],[106.39801,11.46793],[106.38236,11.46113],[106.37202,11.4543],[106.36562,11.44685],[106.36407,11.44013],[106.36146,11.42627],[106.35971,11.41518],[106.35397,11.40423],[106.35023,11.39668],[106.34664,11.39024],[106.3456,11.38687],[106.34321,11.37823],[106.34081,11.37115],[106.3282,11.35265],[106.33252,11.33751],[106.34403,11.32372],[106.33533,11.30234],[106.34173,11.2965],[106.33904,11.28729],[106.34181,11.2856],[106.34523,11.29056],[106.35424,11.28726],[106.35059,11.25046],[106.35915,11.23959],[106.36936,11.24531],[106.37799,11.23319],[106.37856,11.21946],[106.38742,11.2137],[106.3822,11.19744],[106.38564,11.18769],[106.39819,11.183],[106.40632,11.18511],[106.41045,11.17462],[106.42352,11.17149],[106.42757,11.17536],[106.42979,11.17435],[106.43513,11.15813],[106.42844,11.14948],[106.43955,11.13819],[106.4461,11.13687],[106.44696,11.13132],[106.44296,11.12781],[106.44063,11.11661],[106.43565,11.11286],[106.42646,11.09241],[106.42588,11.06641],[106.42393,11.06758],[106.421,11.06705],[106.41838,11.06437],[106.41977,11.06291],[106.41976,11.0629],[106.42155,11.04642],[106.4176,11.03732],[106.40972,11.03042],[106.40681,11.02185],[106.41137,11.00863],[106.38912,11.0009],[106.36593,10.99963],[106.35552,10.99177],[106.35714,10.98965],[106.36236,10.98351],[106.37214,10.97144],[106.39328,10.97433],[106.41034,10.97584],[106.42604,10.96361],[106.45212,10.94325],[106.53055,10.90273],[106.50291,10.78996],[106.46184,10.75754],[106.48568,10.73044],[106.48766,10.73198],[106.48776,10.73206],[106.49794,10.726],[106.49973,10.7274],[106.49989,10.72753],[106.4999,10.72755],[106.50757,10.71806],[106.51837,10.72467],[106.52447,10.72045],[106.52759,10.71867],[106.52544,10.71022],[106.53264,10.68833],[106.54893,10.6861],[106.55181,10.67457],[106.54861,10.65871],[106.55357,10.65692],[106.55365,10.65577],[106.55375,10.65449],[106.55401,10.65233],[106.5609,10.65289],[106.56099,10.65378],[106.56126,10.65653],[106.5615,10.65897],[106.56326,10.65875],[106.56693,10.65681],[106.56881,10.65622],[106.57127,10.65008],[106.57335,10.64978],[106.57556,10.64977],[106.57736,10.65022],[106.57908,10.65733],[106.59054,10.6513],[106.59527,10.65463],[106.59863,10.65175],[106.60512,10.6587],[106.62185,10.64854],[106.62134,10.64203],[106.62793,10.64081],[106.62743,10.62684],[106.63333,10.6257],[106.63641,10.62457],[106.63779,10.6243],[106.63888,10.62432],[106.64203,10.63077],[106.64351,10.63304],[106.64996,10.63423],[106.65461,10.64444],[106.6609,10.6404],[106.67149,10.64164],[106.68413,10.65234],[106.68473,10.65725],[106.69026,10.65051],[106.70034,10.65404],[106.70488,10.65279],[106.70943,10.65119],[106.72977,10.63655],[106.73105,10.6313],[106.73108,10.62936],[106.72745,10.61707],[106.73043,10.61096],[106.72265,10.61153],[106.71753,10.60589],[106.72193,10.58895],[106.72687,10.58137],[106.73047,10.58114],[106.73545,10.58725],[106.74246,10.57602],[106.74195,10.56692],[106.74209,10.55213],[106.74567,10.53504],[106.74562,10.52526],[106.74165,10.51345],[106.73763,10.50642],[106.73283,10.49802],[106.70402,10.47361],[106.68762,10.44733],[106.68033,10.44107],[106.66855,10.43908],[106.66362,10.44144],[106.66105,10.44378],[106.65942,10.44775],[106.65781,10.45382],[106.65676,10.4769],[106.65281,10.48273],[106.6455,10.48478],[106.63674,10.47976],[106.62993,10.45763],[106.62552,10.45313],[106.59448,10.43759],[106.58459,10.43755],[106.58331,10.436],[106.58258,10.43433],[106.58257,10.43266],[106.58316,10.43026],[106.58542,10.4257],[106.58633,10.42271],[106.58335,10.41826],[106.5576,10.41387],[106.55667,10.42514],[106.54341,10.42996],[106.53704,10.42315],[106.52997,10.43213],[106.52575,10.4335],[106.51755,10.42624],[106.50858,10.42947],[106.50587,10.42407],[106.48471,10.40951],[106.48389,10.40447],[106.47178,10.3997],[106.46129,10.40144],[106.45693,10.39691],[106.45439,10.39597],[106.45238,10.39649],[106.45081,10.39722],[106.44605,10.39944],[106.44558,10.40077],[106.44509,10.4033],[106.45396,10.40348],[106.45528,10.40579],[106.45562,10.40866],[106.45229,10.41224],[106.42664,10.41283],[106.41588,10.42796],[106.41889,10.43413],[106.41926,10.43496],[106.41938,10.43506],[106.45176,10.45157],[106.44095,10.45881],[106.43771,10.46732],[106.41527,10.48317],[106.41503,10.48831],[106.4076,10.49258],[106.40208,10.49419],[106.40184,10.49431],[106.39881,10.48634],[106.39612,10.48736],[106.39431,10.48779],[106.3941,10.48578],[106.39306,10.48161],[106.39201,10.47944],[106.39005,10.47824],[106.38778,10.47765],[106.36892,10.48894],[106.37272,10.49521],[106.36983,10.49696],[106.36845,10.49781],[106.36688,10.49909],[106.36999,10.50738],[106.36505,10.51225],[106.36685,10.51975],[106.3501,10.52511],[106.34633,10.54367],[106.3451,10.54508],[106.34328,10.54636],[106.33708,10.54973],[106.31856,10.57081],[106.30863,10.56644],[106.28441,10.58791],[106.10222,10.57702],[106.10286,10.54463],[106.10163,10.52746],[106.09516,10.5237],[105.90737,10.54011],[105.88831,10.56512],[105.87498,10.58293],[105.83346,10.63834],[105.81865,10.64726],[105.80942,10.65199],[105.80536,10.65617],[105.77881,10.65972],[105.59493,10.83092],[105.59394,10.83249],[105.60961,10.83366],[105.60051,10.85313],[105.60195,10.85675],[105.59464,10.87117],[105.5911,10.87452],[105.58036,10.89356],[105.51453,10.92289],[105.51517,10.92727],[105.5098,10.93156],[105.49973,10.95079],[105.49972,10.9526],[105.49972,10.9526],[105.51052,10.95035],[105.53672,10.95354],[105.55061,10.96055],[105.57416,10.96418],[105.66178,10.98728],[105.68615,10.99869],[105.71837,11.02286],[105.73509,11.02782],[105.75084,11.02641],[105.77725,11.033],[105.80702,10.97339],[105.86177,10.9023],[105.84688,10.86824],[105.84806,10.86366],[105.89709,10.84554],[105.93371,10.83951],[105.93477,10.84641],[105.92872,10.85179],[105.92847,10.8635],[105.94679,10.87629],[105.95462,10.88545],[105.94886,10.89003],[105.9505,10.89609],[105.94247,10.91192],[105.94338,10.91848],[105.97208,10.89332],[106.00917,10.85489],[106.06917,10.81273],[106.0942,10.80869],[106.16276,10.81267],[106.1883,10.79104],[106.18647,10.83898],[106.16011,10.889],[106.13646,10.91573],[106.14983,10.94238],[106.14438,10.95479],[106.1426,10.97774],[106.14471,10.98053],[106.15287,10.98477],[106.1582,10.9809],[106.16707,10.98117],[106.18833,10.97379],[106.20389,10.977],[106.19518,10.99324],[106.18589,11.05149],[106.15222,11.1027],[106.15156,11.10263],[106.14361,11.10176],[106.12389,11.09059],[106.1071,11.07322],[106.10109,11.07286],[106.0996,11.07425],[106.09802,11.0772],[106.09755,11.08826],[106.09385,11.09268],[106.08786,11.09985],[106.08611,11.10138],[106.08463,11.10168],[106.08447,11.10171],[106.07444,11.09883],[106.05664,11.12038],[106.02843,11.137],[106.01871,11.14708],[106.01232,11.19166],[105.99464,11.19192],[105.98269,11.1957],[105.97467,11.19905],[105.97322,11.19986],[105.97168,11.19971],[105.96556,11.19703],[105.96466,11.19645],[105.94052,11.20658],[105.92531,11.21894],[105.90929,11.24131],[105.9059,11.2548],[105.91023,11.269],[105.90611,11.27611],[105.90675,11.2853],[105.87645,11.28834],[105.86625,11.28221],[105.86527,11.28227],[105.86392,11.2833],[105.86131,11.29062],[105.86872,11.30561],[105.8658,11.31862],[105.8726,11.32934],[105.88101,11.35994],[105.8811,11.36305],[105.88091,11.36963],[105.88015,11.37237],[105.87747,11.37378],[105.87346,11.37506],[105.8721,11.37696],[105.87195,11.38019],[105.87228,11.38331],[105.87526,11.38764],[105.87681,11.39029],[105.87302,11.40629],[105.88506,11.41423],[105.88788,11.42049],[105.88833,11.42461],[105.88929,11.42577],[105.89276,11.42724],[105.89674,11.42785],[105.89697,11.42798],[105.90149,11.4432],[105.89594,11.45168],[105.88167,11.45475],[105.87368,11.4619],[105.8768,11.48112],[105.88275,11.49026],[105.87726,11.50679],[105.88358,11.52193],[105.8756,11.55019],[105.85808,11.5652],[105.82679,11.56586],[105.81684,11.56965],[105.80764,11.60054],[105.80942,11.60706],[105.83034,11.62456],[105.8324,11.62839],[105.83363,11.63305],[105.83516,11.63784],[105.851,11.66278],[105.88071,11.67809],[105.88838,11.67676],[105.92425,11.65041],[105.95244,11.64095],[105.95277,11.6432],[105.95345,11.64493],[105.97224,11.66427],[105.97912,11.66807],[105.97885,11.68825],[105.98069,11.69058],[105.98598,11.69672],[105.98837,11.69868],[105.99948,11.70231],[106.01345,11.72729],[106.01346,11.73729],[106.0083,11.75202],[106.01201,11.76327],[106.01429,11.76882],[106.02181,11.77514],[106.06409,11.78337],[106.06694,11.78239],[106.07105,11.7802],[106.07691,11.77666],[106.07945,11.76812],[106.09547,11.75693],[106.09907,11.75314],[106.10126,11.74983],[106.10303,11.74798],[106.11434,11.74355]]]],"type":"MultiPolygon"},"id":"tinh34.18","properties":{"matinh":"27","name":"Tây Ninh","atlasId":27},"type":"Feature"},{"geometry":{"coordinates":[[[[107.37613,11.54325],[107.37378,11.53204],[107.37024,11.52413],[107.36799,11.52139],[107.36705,11.51959],[107.36735,11.51801],[107.36881,11.51694],[107.3827,11.52201],[107.38589,11.52554],[107.38822,11.52741],[107.40649,11.52955],[107.41607,11.51363],[107.41877,11.51314],[107.42086,11.51376],[107.42378,11.51717],[107.42603,11.51904],[107.42792,11.5197],[107.43951,11.5175],[107.45457,11.4932],[107.46842,11.48089],[107.46194,11.46555],[107.44866,11.4591],[107.4442,11.44857],[107.42806,11.44027],[107.42817,11.42577],[107.43511,11.43135],[107.43791,11.43244],[107.45468,11.43092],[107.47303,11.43587],[107.48524,11.4272],[107.48498,11.40301],[107.49316,11.3974],[107.49676,11.3863],[107.49927,11.38489],[107.50445,11.38416],[107.51146,11.38561],[107.51571,11.37204],[107.51865,11.37023],[107.52344,11.36876],[107.53324,11.35611],[107.5399,11.36048],[107.54318,11.36845],[107.54318,11.36845],[107.54337,11.36293],[107.5425,11.35815],[107.53267,11.32576],[107.51686,11.31464],[107.51664,11.31234],[107.51641,11.31115],[107.51672,11.30974],[107.51776,11.30777],[107.52098,11.30328],[107.52136,11.29967],[107.52136,11.29966],[107.52173,11.29529],[107.51735,11.28553],[107.52366,11.25229],[107.52193,11.25285],[107.52026,11.25255],[107.516,11.24985],[107.49545,11.2278],[107.49037,11.22607],[107.48755,11.2258],[107.48484,11.22416],[107.4822,11.20509],[107.47152,11.20205],[107.46735,11.1861],[107.46373,11.181],[107.46053,11.17869],[107.45894,11.17775],[107.45837,11.16735],[107.43344,11.13804],[107.4331,11.13677],[107.43354,11.13312],[107.43508,11.12889],[107.445,11.12287],[107.45068,11.11393],[107.44398,11.09245],[107.42974,11.08861],[107.42685,11.08623],[107.42257,11.08141],[107.42095,11.07736],[107.42093,11.07599],[107.42135,11.07455],[107.42351,11.07089],[107.42457,11.06873],[107.42374,11.06419],[107.42162,11.05988],[107.4185,11.05628],[107.41495,11.0529],[107.39933,11.05429],[107.39708,11.05378],[107.39476,11.05205],[107.39244,11.05056],[107.43974,11.03178],[107.45324,11.01944],[107.47179,11.00937],[107.4728,11.00909],[107.47439,11.00885],[107.47978,11.00854],[107.49545,11.01542],[107.49833,11.0158],[107.50106,11.01547],[107.50376,11.0144],[107.50606,11.01161],[107.50825,11.00776],[107.51191,11.00458],[107.52952,10.99252],[107.53527,10.98088],[107.53666,10.97989],[107.53984,10.97921],[107.54113,10.97852],[107.55819,10.93812],[107.55783,10.869],[107.57,10.85172],[107.57024,10.8481],[107.5713,10.84078],[107.57135,10.84041],[107.57409,10.84061],[107.57579,10.83453],[107.56538,10.80509],[107.52156,10.7751],[107.48745,10.76989],[107.48364,10.76997],[107.48208,10.7709],[107.47621,10.77996],[107.47038,10.79479],[107.45665,10.79262],[107.4514,10.8051],[107.45125,10.8055],[107.4391,10.80185],[107.41971,10.7811],[107.39402,10.76645],[107.37942,10.74869],[107.37679,10.74081],[107.35868,10.72691],[107.35662,10.71656],[107.34923,10.70581],[107.35066,10.68477],[107.35016,10.68286],[107.34903,10.68023],[107.34841,10.67951],[107.34172,10.67609],[107.3367,10.67885],[107.33513,10.67882],[107.3306,10.67798],[107.33007,10.67785],[107.3158,10.67004],[107.2975,10.68737],[107.30289,10.6897],[107.30599,10.69441],[107.29962,10.70308],[107.30033,10.70967],[107.30236,10.72662],[107.29884,10.75603],[107.24229,10.75722],[107.23902,10.76474],[107.23257,10.76528],[107.21702,10.75861],[107.206,10.75965],[107.20508,10.75965],[107.20503,10.75963],[107.20525,10.77393],[107.20495,10.77569],[107.18657,10.77257],[107.158,10.74926],[107.15425,10.74723],[107.15108,10.74637],[107.14606,10.74531],[107.13711,10.74543],[107.13656,10.74546],[107.13675,10.73359],[107.13695,10.72146],[107.13793,10.71078],[107.13517,10.70149],[107.12752,10.68805],[107.11402,10.67175],[107.09358,10.65401],[107.06527,10.65463],[107.06477,10.65463],[107.06199,10.65843],[107.0432,10.6585],[107.01179,10.64465],[107.01267,10.63582],[107.00426,10.63833],[106.99713,10.63576],[106.99562,10.62446],[107.00666,10.61383],[106.99609,10.60689],[106.98883,10.60614],[106.98847,10.60118],[106.98452,10.59733],[106.98451,10.59564],[106.98521,10.59211],[106.98512,10.58839],[106.98398,10.58409],[106.9817,10.5797],[106.97311,10.58315],[106.96577,10.59118],[106.93956,10.59772],[106.92546,10.60446],[106.91842,10.61105],[106.90949,10.60891],[106.90148,10.6257],[106.88382,10.64051],[106.8802,10.64901],[106.87058,10.64868],[106.85812,10.63741],[106.84988,10.64071],[106.84162,10.63942],[106.83313,10.62806],[106.82287,10.62984],[106.81277,10.64094],[106.80547,10.65762],[106.7717,10.67855],[106.75415,10.69684],[106.75094,10.71097],[106.75138,10.71468],[106.75335,10.72157],[106.75591,10.72712],[106.75596,10.72722],[106.76466,10.74023],[106.76572,10.74126],[106.77344,10.74887],[106.79765,10.76029],[106.80379,10.77079],[106.81508,10.78096],[106.81834,10.78207],[106.82025,10.78184],[106.82195,10.78057],[106.82343,10.77846],[106.82161,10.76338],[106.82212,10.7623],[106.82371,10.76143],[106.84361,10.77595],[106.84723,10.77593],[106.84999,10.77541],[106.85346,10.77381],[106.85757,10.76984],[106.86046,10.76731],[106.8635,10.76629],[106.8659,10.76656],[106.86779,10.76741],[106.86987,10.77479],[106.86372,10.78896],[106.87723,10.8026],[106.88023,10.81199],[106.8552,10.8434],[106.84693,10.85933],[106.84524,10.86456],[106.84525,10.86614],[106.84533,10.86757],[106.84901,10.87645],[106.84146,10.88711],[106.83651,10.90339],[106.82937,10.90606],[106.81511,10.90335],[106.80734,10.92084],[106.7888,10.9241],[106.78998,10.93163],[106.76946,10.94378],[106.76766,10.95089],[106.7613,10.95435],[106.76297,10.96034],[106.76022,10.96461],[106.76851,10.96518],[106.77359,10.96026],[106.79443,10.97283],[106.77965,10.98819],[106.77328,11.00502],[106.79068,11.02352],[106.80711,11.02742],[106.81046,11.03127],[106.80929,11.04296],[106.79787,11.05502],[106.7996,11.0603],[106.81976,11.06606],[106.82209,11.0664],[106.82442,11.06624],[106.82613,11.06531],[106.83745,11.04178],[106.85649,11.03356],[106.87169,11.02091],[106.89071,11.02831],[106.90604,11.02313],[106.9096,11.02787],[106.91098,11.04218],[106.92163,11.0491],[106.92093,11.05741],[106.93142,11.06581],[106.93991,11.0578],[106.94566,11.05985],[106.95077,11.07311],[106.94382,11.07936],[106.94593,11.09029],[106.95115,11.09844],[106.95757,11.10144],[106.95632,11.10794],[106.9641,11.11098],[106.95165,11.1301],[106.95221,11.14155],[106.96354,11.14371],[106.96418,11.14867],[106.95412,11.15369],[106.95161,11.16473],[106.93978,11.16844],[106.94399,11.17762],[106.93736,11.18052],[106.93211,11.18951],[106.92591,11.19077],[106.92178,11.18803],[106.91806,11.1941],[106.90464,11.19373],[106.90542,11.20383],[106.89954,11.20982],[106.91346,11.21531],[106.91615,11.22139],[106.90953,11.24309],[106.92487,11.24283],[106.92995,11.24628],[106.92343,11.2551],[106.92627,11.2603],[106.92553,11.2736],[106.92702,11.27854],[106.93011,11.28405],[106.9397,11.29445],[106.93616,11.3109],[106.95047,11.32461],[106.94928,11.33848],[106.93776,11.35273],[106.92621,11.35517],[106.91768,11.35208],[106.91689,11.35261],[106.91574,11.35689],[106.9152,11.35724],[106.91434,11.3572],[106.9099,11.35603],[106.90361,11.35193],[106.90173,11.34308],[106.88278,11.34108],[106.87084,11.32812],[106.86824,11.32148],[106.87317,11.30837],[106.85501,11.31895],[106.85435,11.33094],[106.86138,11.34154],[106.85476,11.35354],[106.85544,11.37399],[106.85267,11.37777],[106.84834,11.37684],[106.83883,11.37598],[106.8383,11.37627],[106.83266,11.38145],[106.83225,11.38155],[106.82537,11.381],[106.82404,11.3845],[106.82384,11.38548],[106.81917,11.38145],[106.81426,11.37819],[106.81052,11.37677],[106.78665,11.38388],[106.78721,11.40199],[106.76823,11.40489],[106.76877,11.41857],[106.76893,11.42753],[106.7702,11.4278],[106.77569,11.42742],[106.77763,11.42783],[106.78208,11.42975],[106.78632,11.43274],[106.80386,11.45223],[106.80642,11.46196],[106.80212,11.4721],[106.80162,11.47407],[106.80157,11.47922],[106.8019,11.48251],[106.80134,11.48476],[106.80015,11.48697],[106.79873,11.48887],[106.79526,11.49214],[106.793,11.49276],[106.78939,11.49294],[106.78809,11.49255],[106.76463,11.48053],[106.75155,11.477],[106.74834,11.46768],[106.74907,11.46292],[106.74991,11.4597],[106.7505,11.4581],[106.75495,11.4545],[106.75501,11.4533],[106.75456,11.45152],[106.75364,11.44979],[106.74012,11.44178],[106.73696,11.43349],[106.72572,11.43371],[106.72461,11.42566],[106.71862,11.42399],[106.7181,11.4208],[106.71691,11.41563],[106.70762,11.40717],[106.70808,11.40097],[106.70243,11.39712],[106.69863,11.40011],[106.69609,11.40416],[106.68458,11.39656],[106.68419,11.39754],[106.68385,11.39807],[106.68179,11.39988],[106.67299,11.39833],[106.6774,11.38658],[106.67713,11.37668],[106.67619,11.37027],[106.67271,11.3551],[106.67265,11.3551],[106.66787,11.35505],[106.66491,11.35499],[106.6538,11.35809],[106.6515,11.36017],[106.64886,11.36076],[106.64134,11.36117],[106.63322,11.36024],[106.63109,11.3601],[106.6245,11.3609],[106.61958,11.36337],[106.61437,11.36422],[106.61125,11.38067],[106.61165,11.38852],[106.59746,11.38745],[106.59491,11.38589],[106.58875,11.38078],[106.55964,11.3715],[106.55192,11.37402],[106.54477,11.38417],[106.5372,11.38864],[106.53991,11.39123],[106.54274,11.39486],[106.5466,11.40797],[106.54662,11.41135],[106.54657,11.41384],[106.54603,11.41547],[106.54426,11.41804],[106.54108,11.42292],[106.53979,11.42475],[106.54043,11.42934],[106.55026,11.43941],[106.56044,11.4435],[106.56635,11.44939],[106.5701,11.45353],[106.57139,11.45679],[106.57161,11.45857],[106.55851,11.47298],[106.55493,11.485],[106.55492,11.48501],[106.55118,11.47927],[106.54842,11.47467],[106.54596,11.47121],[106.5439,11.46978],[106.54205,11.46892],[106.54029,11.46893],[106.49145,11.49827],[106.46998,11.49752],[106.43334,11.50268],[106.43086,11.50111],[106.42728,11.49833],[106.42166,11.49602],[106.42042,11.50142],[106.4205,11.50437],[106.42668,11.51519],[106.42848,11.53566],[106.44157,11.5483],[106.45239,11.54317],[106.45733,11.54308],[106.46324,11.54363],[106.4731,11.5505],[106.47789,11.54751],[106.47949,11.55806],[106.48507,11.56453],[106.48782,11.57708],[106.48256,11.60539],[106.4645,11.62283],[106.46205,11.63925],[106.45313,11.65184],[106.45353,11.65857],[106.44791,11.66421],[106.45145,11.67833],[106.45177,11.68689],[106.45151,11.69049],[106.45088,11.69247],[106.43227,11.71421],[106.41253,11.76779],[106.41447,11.774],[106.4182,11.78142],[106.42526,11.79299],[106.43367,11.80201],[106.43392,11.80285],[106.43376,11.80371],[106.43146,11.80539],[106.43162,11.80726],[106.43358,11.81084],[106.44611,11.8242],[106.43717,11.83953],[106.43843,11.8584],[106.43998,11.85948],[106.44231,11.85928],[106.44367,11.85956],[106.44387,11.86118],[106.44399,11.86529],[106.44468,11.86673],[106.44701,11.86796],[106.45808,11.86495],[106.46538,11.87144],[106.4118,11.97567],[106.41623,11.97461],[106.41998,11.97404],[106.4247,11.97491],[106.4403,11.98676],[106.45359,11.9886],[106.46115,11.98522],[106.47136,11.97483],[106.47479,11.97361],[106.48096,11.97251],[106.4821,11.97223],[106.49004,11.97235],[106.49542,11.97378],[106.51645,11.9822],[106.52816,11.97748],[106.52856,11.97603],[106.52887,11.97491],[106.52862,11.96923],[106.62511,11.97555],[106.62561,11.97186],[106.62649,11.96697],[106.62818,11.96334],[106.62918,11.9619],[106.63089,11.96101],[106.6324,11.96101],[106.63476,11.96286],[106.63475,11.97291],[106.63857,11.97618],[106.63994,11.97618],[106.64086,11.97585],[106.64156,11.97542],[106.64112,11.96952],[106.64249,11.96838],[106.64383,11.96742],[106.65725,11.96509],[106.6581,11.96642],[106.65811,11.96809],[106.65778,11.96876],[106.65659,11.96952],[106.65389,11.97096],[106.65161,11.97256],[106.64992,11.97508],[106.64884,11.97842],[106.6497,11.98718],[106.65315,11.99019],[106.67515,11.97547],[106.68382,11.96572],[106.69205,11.96534],[106.71189,11.9709],[106.72053,11.97599],[106.72515,11.98242],[106.74288,11.985],[106.73722,12.0],[106.73726,12.00004],[106.74389,12.00613],[106.74571,12.01016],[106.74509,12.02233],[106.76466,12.04482],[106.77156,12.05941],[106.77491,12.06086],[106.77734,12.06206],[106.78043,12.06499],[106.77712,12.06792],[106.7771,12.06941],[106.77786,12.07309],[106.77951,12.07528],[106.7856,12.08004],[106.78874,12.08215],[106.79395,12.08475],[106.79734,12.0845],[106.80198,12.08215],[106.8077,12.08027],[106.81685,12.0848],[106.82394,12.08339],[106.84094,12.07669],[106.85314,12.07013],[106.85376,12.06999],[106.86812,12.07552],[106.88249,12.07479],[106.8955,12.06745],[106.90653,12.06894],[106.91882,12.06343],[106.93538,12.06921],[106.94064,12.06894],[106.94274,12.0685],[106.94344,12.0689],[106.94477,12.07132],[106.94709,12.07438],[106.97393,12.08688],[106.98203,12.08972],[106.98739,12.09124],[106.99274,12.09225],[106.99483,12.0973],[107.00228,12.10062],[107.00603,12.10316],[107.00947,12.10703],[107.0112,12.1113],[107.01158,12.11255],[107.01154,12.11332],[107.01105,12.11385],[107.00806,12.11327],[107.00516,12.11255],[107.00252,12.11626],[107.00847,12.12013],[107.01975,12.12531],[107.02979,12.12986],[107.03899,12.13235],[107.04567,12.13427],[107.05025,12.1395],[107.05405,12.14415],[107.0539,12.14871],[107.05459,12.1513],[107.05728,12.15518],[107.06342,12.16014],[107.06813,12.16288],[107.07258,12.16409],[107.0754,12.16375],[107.07685,12.16396],[107.0779,12.1654],[107.07873,12.16866],[107.07802,12.17056],[107.07509,12.17215],[107.07017,12.17618],[107.06866,12.17775],[107.06934,12.18102],[107.07251,12.18782],[107.07377,12.18922],[107.09078,12.18221],[107.10703,12.21448],[107.11262,12.22001],[107.11837,12.22488],[107.12178,12.22713],[107.12403,12.22772],[107.1267,12.22687],[107.12811,12.22591],[107.13092,12.22725],[107.13517,12.23027],[107.13763,12.23251],[107.13405,12.24122],[107.13797,12.25178],[107.14834,12.27351],[107.15176,12.27872],[107.1783,12.28368],[107.18233,12.28679],[107.1842,12.29236],[107.19017,12.29588],[107.20349,12.30001],[107.22026,12.19614],[107.22606,12.15418],[107.22569,12.13693],[107.22154,12.12598],[107.22238,12.121],[107.22704,12.11743],[107.23798,12.11576],[107.23928,12.11139],[107.23675,12.10485],[107.2326,12.09021],[107.23008,12.06661],[107.2304,12.03369],[107.23178,12.02843],[107.23346,12.03442],[107.23445,12.03753],[107.23713,12.03893],[107.24002,12.04026],[107.2409,12.04013],[107.24313,12.03672],[107.24555,12.0302],[107.2472,12.02675],[107.25397,12.02037],[107.27612,12.01383],[107.29165,12.02252],[107.29387,12.01085],[107.30582,12.00647],[107.30957,12.00676],[107.31269,12.0099],[107.31538,12.0096],[107.32036,12.00723],[107.34295,11.98091],[107.35343,11.9525],[107.35095,11.93962],[107.36466,11.93427],[107.38232,11.92027],[107.38396,11.91683],[107.38448,11.91311],[107.39175,11.8987],[107.40085,11.88856],[107.40563,11.86837],[107.40701,11.86716],[107.40926,11.86662],[107.41901,11.86491],[107.42172,11.86297],[107.42444,11.8599],[107.42495,11.84748],[107.41521,11.83932],[107.41116,11.82781],[107.40256,11.81701],[107.40684,11.80619],[107.39175,11.79584],[107.39537,11.78101],[107.3951,11.77496],[107.39485,11.7741],[107.39183,11.76996],[107.39088,11.77093],[107.38657,11.77329],[107.38315,11.77397],[107.37658,11.77345],[107.37171,11.77195],[107.35106,11.7535],[107.34404,11.75117],[107.33533,11.74929],[107.32213,11.7496],[107.30961,11.74461],[107.30001,11.73933],[107.29201,11.73313],[107.28424,11.72328],[107.28245,11.6866],[107.28142,11.68558],[107.27839,11.68395],[107.27627,11.68239],[107.26396,11.66104],[107.26884,11.63837],[107.28605,11.63174],[107.30087,11.61806],[107.30248,11.59847],[107.29576,11.58486],[107.2965,11.57991],[107.29959,11.57094],[107.30194,11.56657],[107.30619,11.55926],[107.30882,11.55575],[107.32776,11.55495],[107.33126,11.55273],[107.3347,11.54721],[107.33668,11.54535],[107.34003,11.54421],[107.34338,11.54408],[107.34571,11.5456],[107.3505,11.55006],[107.3539,11.55625],[107.35637,11.58189],[107.35746,11.58276],[107.35965,11.58241],[107.36257,11.57933],[107.36425,11.57581],[107.36433,11.57337],[107.36288,11.57286],[107.36172,11.57257],[107.36063,11.57164],[107.35893,11.55626],[107.37396,11.54755],[107.37613,11.54325]]]],"type":"MultiPolygon"},"id":"tinh34.23","properties":{"matinh":"28","name":"Đồng Nai","atlasId":28},"type":"Feature"},{"geometry":{"coordinates":[[[[106.83786,10.90048],[106.84146,10.88711],[106.84901,10.87645],[106.84533,10.86757],[106.84525,10.86614],[106.84524,10.86456],[106.84693,10.85933],[106.8552,10.8434],[106.88023,10.81199],[106.87723,10.8026],[106.86372,10.78896],[106.86987,10.77479],[106.87022,10.77257],[106.86999,10.77063],[106.86918,10.76877],[106.86779,10.76741],[106.8659,10.76656],[106.8635,10.76629],[106.86046,10.76731],[106.85757,10.76984],[106.85346,10.77381],[106.84999,10.77541],[106.84723,10.77593],[106.84361,10.77595],[106.82371,10.76143],[106.82212,10.7623],[106.82161,10.76338],[106.82343,10.77846],[106.82195,10.78057],[106.82025,10.78184],[106.81834,10.78207],[106.81508,10.78096],[106.81454,10.78073],[106.80379,10.77079],[106.79765,10.76029],[106.77344,10.74887],[106.76572,10.74126],[106.76466,10.74023],[106.75596,10.72722],[106.75591,10.72712],[106.75335,10.72157],[106.75138,10.71468],[106.75094,10.71097],[106.75415,10.69684],[106.75816,10.69188],[106.7622,10.68712],[106.80547,10.65762],[106.81508,10.63742],[106.82478,10.6288],[106.83563,10.62919],[106.84162,10.63942],[106.84988,10.64071],[106.85812,10.63741],[106.87058,10.64868],[106.8802,10.64901],[106.88382,10.64051],[106.90148,10.6257],[106.90949,10.60891],[106.91842,10.61105],[106.92546,10.60446],[106.93956,10.59772],[106.96577,10.59118],[106.97311,10.58315],[106.9817,10.5797],[106.98398,10.58409],[106.98512,10.58839],[106.98521,10.59211],[106.98451,10.59564],[106.98452,10.59733],[106.98847,10.60118],[106.98883,10.60614],[106.99609,10.60689],[107.00666,10.61383],[106.99562,10.62446],[106.99491,10.63147],[106.99791,10.63646],[107.00426,10.63833],[107.01267,10.63582],[107.01179,10.64465],[107.0432,10.6585],[107.06199,10.65843],[107.06477,10.65463],[107.06527,10.65463],[107.09358,10.65401],[107.11402,10.67175],[107.12752,10.68805],[107.13517,10.70149],[107.13793,10.71078],[107.13695,10.72146],[107.13675,10.73359],[107.13656,10.74546],[107.15425,10.74723],[107.18657,10.77257],[107.20261,10.7757],[107.20525,10.77393],[107.20503,10.75963],[107.20508,10.75965],[107.206,10.75965],[107.21702,10.75861],[107.23257,10.76528],[107.23902,10.76474],[107.24229,10.75722],[107.29884,10.75603],[107.30236,10.72662],[107.30033,10.70967],[107.29962,10.70308],[107.30599,10.69441],[107.29828,10.68568],[107.31555,10.67005],[107.3306,10.67798],[107.34226,10.6762],[107.35016,10.68286],[107.34923,10.70581],[107.35662,10.71656],[107.35868,10.72691],[107.37679,10.74081],[107.37942,10.74869],[107.39402,10.76645],[107.41971,10.7811],[107.4391,10.80185],[107.45125,10.8055],[107.4514,10.8051],[107.45665,10.79262],[107.47038,10.79479],[107.47621,10.77996],[107.48208,10.7709],[107.48364,10.76997],[107.48745,10.76989],[107.50366,10.77261],[107.50432,10.74722],[107.53226,10.72289],[107.54181,10.70691],[107.54235,10.70555],[107.54422,10.69581],[107.53726,10.67841],[107.56588,10.61839],[107.5652,10.6135],[107.56637,10.60906],[107.56973,10.59731],[107.56657,10.58439],[107.56878,10.57034],[107.55229,10.55518],[107.50996,10.50273],[107.46892,10.49912],[107.44293,10.47011],[107.36716,10.4685],[107.33588,10.45193],[107.32943,10.45287],[107.31728,10.44628],[107.29165,10.42418],[107.25353,10.38071],[107.24632,10.38213],[107.23866,10.37992],[107.22011,10.40072],[107.21733,10.40313],[107.21359,10.40495],[107.20948,10.40638],[107.2073,10.40678],[107.20077,10.40709],[107.16276,10.39909],[107.15529,10.39018],[107.13087,10.37794],[107.1073,10.36028],[107.09129,10.34024],[107.08257,10.32127],[107.0707,10.33386],[107.06983,10.34866],[107.05911,10.35688],[107.05976,10.36787],[107.05382,10.37489],[107.05498,10.38474],[107.05716,10.38772],[107.05924,10.38813],[107.06018,10.38798],[107.0617,10.38741],[107.06954,10.38077],[107.07022,10.37947],[107.07081,10.37508],[107.07085,10.37503],[107.07888,10.37424],[107.08308,10.37712],[107.08289,10.37761],[107.07562,10.37903],[107.075,10.38503],[107.07443,10.38596],[107.07132,10.38729],[107.07511,10.39416],[107.0908,10.38891],[107.09728,10.39321],[107.09947,10.39404],[107.10033,10.39453],[107.10701,10.40898],[107.11544,10.41243],[107.11541,10.42005],[107.12015,10.42624],[107.11503,10.42671],[107.11184,10.43694],[107.1001,10.43797],[107.09554,10.43524],[107.08358,10.43662],[107.08015,10.43448],[107.06992,10.44472],[107.0574,10.44537],[107.04905,10.45269],[107.03665,10.47559],[107.0345,10.47711],[107.03413,10.47753],[107.03184,10.47936],[107.0268,10.48042],[107.02388,10.46954],[107.01809,10.47393],[107.02002,10.48325],[107.01626,10.49532],[107.00571,10.49406],[106.99765,10.50667],[106.9853,10.49475],[106.97167,10.45913],[106.97192,10.45125],[106.97302,10.4168],[106.97024,10.40866],[106.89576,10.37847],[106.87407,10.37882],[106.83264,10.39613],[106.81218,10.38869],[106.81218,10.38869],[106.80376,10.40546],[106.7951,10.4162],[106.77978,10.42949],[106.7515,10.46765],[106.73283,10.49802],[106.73763,10.50642],[106.74165,10.51345],[106.74562,10.52526],[106.74567,10.53504],[106.74209,10.55213],[106.74195,10.56692],[106.74246,10.57602],[106.73545,10.58725],[106.73047,10.58114],[106.72687,10.58137],[106.72193,10.58895],[106.71753,10.60589],[106.72265,10.61153],[106.73043,10.61096],[106.72745,10.61707],[106.73108,10.62936],[106.73105,10.6313],[106.72977,10.63655],[106.70943,10.65119],[106.70488,10.65279],[106.70034,10.65404],[106.69026,10.65051],[106.68473,10.65725],[106.68413,10.65234],[106.67149,10.64164],[106.6609,10.6404],[106.65461,10.64444],[106.64996,10.63423],[106.64351,10.63304],[106.64203,10.63077],[106.63888,10.62432],[106.63779,10.6243],[106.63641,10.62457],[106.63333,10.6257],[106.62743,10.62684],[106.62793,10.64081],[106.62134,10.64203],[106.62185,10.64854],[106.60512,10.6587],[106.59863,10.65175],[106.59527,10.65463],[106.59054,10.6513],[106.57908,10.65733],[106.57736,10.65022],[106.57556,10.64977],[106.57335,10.64978],[106.57127,10.65008],[106.56881,10.65622],[106.56693,10.65681],[106.56326,10.65875],[106.5615,10.65897],[106.56126,10.65653],[106.56099,10.65378],[106.5609,10.65289],[106.55401,10.65233],[106.55375,10.65449],[106.55365,10.65577],[106.55357,10.65692],[106.54861,10.65871],[106.55181,10.67457],[106.54893,10.6861],[106.53264,10.68833],[106.52544,10.71022],[106.52759,10.71867],[106.52447,10.72045],[106.51837,10.72467],[106.50757,10.71806],[106.4999,10.72755],[106.49989,10.72753],[106.49973,10.7274],[106.49794,10.726],[106.48776,10.73206],[106.48766,10.73198],[106.48568,10.73044],[106.46184,10.75754],[106.50291,10.78996],[106.53016,10.90329],[106.45212,10.94325],[106.42604,10.96361],[106.41034,10.97584],[106.39328,10.97433],[106.37214,10.97144],[106.36236,10.98351],[106.35714,10.98965],[106.35552,10.99177],[106.36593,10.99963],[106.38912,11.0009],[106.41137,11.00863],[106.40681,11.02185],[106.40972,11.03042],[106.4176,11.03732],[106.42155,11.04642],[106.41976,11.0629],[106.41977,11.06291],[106.41838,11.06437],[106.421,11.06705],[106.42393,11.06758],[106.42588,11.06641],[106.42646,11.09241],[106.43565,11.11286],[106.44063,11.11661],[106.44296,11.12781],[106.44696,11.13132],[106.4461,11.13687],[106.43955,11.13819],[106.42844,11.14948],[106.43513,11.15813],[106.42979,11.17435],[106.42757,11.17536],[106.42352,11.17149],[106.41045,11.17462],[106.40632,11.18511],[106.39819,11.183],[106.38564,11.18769],[106.3822,11.19744],[106.38742,11.2137],[106.37856,11.21946],[106.37799,11.23319],[106.36936,11.24531],[106.35915,11.23959],[106.35059,11.25046],[106.35424,11.28726],[106.34523,11.29056],[106.34181,11.2856],[106.33904,11.28729],[106.34173,11.2965],[106.33533,11.30234],[106.34403,11.32372],[106.33252,11.33751],[106.32789,11.35098],[106.34081,11.37115],[106.34321,11.37823],[106.3456,11.38687],[106.34664,11.39024],[106.35023,11.39668],[106.35397,11.40423],[106.35971,11.41518],[106.36146,11.42627],[106.36407,11.44013],[106.36562,11.44685],[106.37202,11.4543],[106.38236,11.46113],[106.39801,11.46793],[106.40424,11.47119],[106.42166,11.49602],[106.42728,11.49833],[106.43086,11.50111],[106.43334,11.50268],[106.46998,11.49752],[106.49145,11.49827],[106.54029,11.46893],[106.54205,11.46892],[106.5439,11.46978],[106.54596,11.47121],[106.54842,11.47467],[106.55118,11.47927],[106.55492,11.48501],[106.55493,11.485],[106.55851,11.47298],[106.57161,11.45857],[106.57139,11.45679],[106.5701,11.45353],[106.56635,11.44939],[106.56044,11.4435],[106.55026,11.43941],[106.54043,11.42934],[106.53979,11.42475],[106.54108,11.42292],[106.54426,11.41804],[106.54603,11.41547],[106.54657,11.41384],[106.54662,11.41135],[106.5466,11.40797],[106.54274,11.39486],[106.53991,11.39123],[106.5372,11.38864],[106.54477,11.38417],[106.55192,11.37402],[106.55964,11.3715],[106.58875,11.38078],[106.59491,11.38589],[106.59746,11.38745],[106.61165,11.38852],[106.61125,11.38067],[106.61437,11.36422],[106.61958,11.36337],[106.6245,11.3609],[106.63109,11.3601],[106.63322,11.36024],[106.64134,11.36117],[106.64886,11.36076],[106.6515,11.36017],[106.6538,11.35809],[106.66491,11.35499],[106.66787,11.35505],[106.67265,11.3551],[106.67271,11.3551],[106.67619,11.37027],[106.67713,11.37668],[106.6774,11.38658],[106.67299,11.39833],[106.68179,11.39988],[106.68385,11.39807],[106.68419,11.39754],[106.68458,11.39656],[106.69609,11.40416],[106.69863,11.40011],[106.70243,11.39712],[106.70808,11.40097],[106.70762,11.40717],[106.71691,11.41563],[106.7181,11.4208],[106.71862,11.42399],[106.72461,11.42566],[106.72572,11.43371],[106.73696,11.43349],[106.74012,11.44178],[106.75364,11.44979],[106.75456,11.45152],[106.75501,11.4533],[106.75495,11.4545],[106.7505,11.4581],[106.74991,11.4597],[106.74907,11.46292],[106.74834,11.46768],[106.75155,11.477],[106.76463,11.48053],[106.78809,11.49255],[106.78939,11.49294],[106.793,11.49276],[106.79526,11.49214],[106.79873,11.48887],[106.80015,11.48697],[106.80134,11.48476],[106.8019,11.48251],[106.80157,11.47922],[106.80162,11.47407],[106.80212,11.4721],[106.80642,11.46196],[106.80386,11.45223],[106.78632,11.43274],[106.78208,11.42975],[106.77763,11.42783],[106.77569,11.42742],[106.7702,11.4278],[106.76893,11.42753],[106.76877,11.41857],[106.76823,11.40489],[106.78721,11.40199],[106.78665,11.38388],[106.81052,11.37677],[106.81426,11.37819],[106.81917,11.38145],[106.82384,11.38548],[106.82404,11.3845],[106.82537,11.381],[106.83225,11.38155],[106.83266,11.38145],[106.8383,11.37627],[106.83883,11.37598],[106.84834,11.37684],[106.85267,11.37777],[106.85544,11.37399],[106.85476,11.35354],[106.86138,11.34154],[106.85435,11.33094],[106.85501,11.31895],[106.87317,11.30837],[106.8684,11.32339],[106.88278,11.34108],[106.90173,11.34308],[106.90482,11.35342],[106.91434,11.3572],[106.91768,11.35208],[106.92621,11.35517],[106.94243,11.34976],[106.94928,11.33848],[106.95064,11.33299],[106.95113,11.32999],[106.95095,11.32689],[106.93668,11.31207],[106.93541,11.30664],[106.9397,11.29445],[106.93011,11.28405],[106.92702,11.27854],[106.92553,11.2736],[106.92627,11.2603],[106.92343,11.2551],[106.92995,11.24628],[106.92487,11.24283],[106.90953,11.24309],[106.91615,11.22139],[106.91346,11.21531],[106.89954,11.20982],[106.90542,11.20383],[106.90464,11.19373],[106.91806,11.1941],[106.92178,11.18803],[106.92591,11.19077],[106.93211,11.18951],[106.93736,11.18052],[106.94399,11.17762],[106.93978,11.16844],[106.95161,11.16473],[106.95412,11.15369],[106.96418,11.14867],[106.96354,11.14371],[106.95221,11.14155],[106.95165,11.1301],[106.9641,11.11098],[106.95632,11.10794],[106.95757,11.10144],[106.95115,11.09844],[106.94593,11.09029],[106.94382,11.07936],[106.95077,11.07311],[106.94566,11.05985],[106.93991,11.0578],[106.93142,11.06581],[106.92093,11.05741],[106.92163,11.0491],[106.91098,11.04218],[106.9096,11.02787],[106.90604,11.02313],[106.89071,11.02831],[106.87169,11.02091],[106.85649,11.03356],[106.83745,11.04178],[106.82613,11.06531],[106.82442,11.06624],[106.82209,11.0664],[106.81976,11.06606],[106.7996,11.0603],[106.79787,11.05502],[106.80929,11.04296],[106.81046,11.03127],[106.80711,11.02742],[106.79068,11.02352],[106.77328,11.00502],[106.77965,10.98819],[106.79443,10.97283],[106.77359,10.96026],[106.76851,10.96518],[106.76022,10.96461],[106.76297,10.96034],[106.7613,10.95435],[106.76766,10.95089],[106.76946,10.94378],[106.78998,10.93163],[106.7888,10.9241],[106.80734,10.92084],[106.81511,10.90335],[106.83067,10.90605],[106.83786,10.90048]]],[[[106.66653,8.68214],[106.67118,8.68154],[106.679,8.67401],[106.68428,8.67598],[106.68972,8.67385],[106.694,8.68031],[106.69877,8.67918],[106.70213,8.67255],[106.70911,8.66827],[106.69425,8.66134],[106.68105,8.66728],[106.67637,8.65689],[106.67147,8.65813],[106.65689,8.67591],[106.66062,8.68191],[106.66653,8.68214]]],[[[106.74153,8.68908],[106.73859,8.68362],[106.73795,8.6873],[106.73171,8.6891],[106.73858,8.69983],[106.74153,8.68908]]],[[[106.54368,8.70991],[106.54739,8.70906],[106.54448,8.70468],[106.53484,8.70717],[106.53635,8.71075],[106.54368,8.70991]]],[[[106.65611,8.76053],[106.66242,8.76146],[106.66236,8.7583],[106.66839,8.75354],[106.6614,8.74752],[106.65645,8.75473],[106.65091,8.75066],[106.65129,8.74605],[106.65469,8.74895],[106.65511,8.74507],[106.66312,8.74083],[106.66151,8.73438],[106.65923,8.73152],[106.64361,8.73179],[106.63738,8.71671],[106.65745,8.69712],[106.65787,8.69396],[106.6501,8.69215],[106.63424,8.7006],[106.62273,8.68629],[106.6257,8.68446],[106.6226,8.67921],[106.61625,8.67929],[106.61055,8.67517],[106.6099,8.67598],[106.60922,8.67752],[106.60895,8.67841],[106.61261,8.68193],[106.61305,8.68418],[106.61282,8.68504],[106.61234,8.68562],[106.60096,8.67821],[106.59688,8.6688],[106.60792,8.65302],[106.61177,8.64134],[106.57496,8.64775],[106.57118,8.64197],[106.5611,8.63827],[106.55663,8.63159],[106.55137,8.63662],[106.54964,8.64348],[106.54008,8.6483],[106.53906,8.66202],[106.55021,8.66577],[106.55736,8.65531],[106.57397,8.64984],[106.55524,8.67588],[106.56672,8.69383],[106.57345,8.69768],[106.57741,8.70753],[106.5883,8.70737],[106.58719,8.71728],[106.592,8.72564],[106.59931,8.72498],[106.61157,8.7356],[106.61843,8.73155],[106.62307,8.73818],[106.62161,8.74446],[106.65611,8.76053]]],[[[107.07524,10.43308],[107.06294,10.44279],[107.07114,10.44179],[107.07473,10.43792],[107.07611,10.43656],[107.07761,10.43509],[107.07524,10.43308]]],[[[107.01432,10.48348],[107.00412,10.49067],[107.01268,10.49317],[107.01432,10.48348]]]],"type":"MultiPolygon"},"id":"tinh34.22","properties":{"matinh":"29","name":"TP. Hồ Chí Minh","atlasId":29},"type":"Feature"},{"geometry":{"coordinates":[[[[105.56328,23.1107],[105.56015,23.08788],[105.56773,23.07546],[105.56848,23.07479],[105.57023,23.07323],[105.57639,23.07098],[105.58747,23.07113],[105.58925,23.072],[105.5924,23.07682],[105.59471,23.07788],[105.60025,23.07786],[105.60276,23.07785],[105.61756,23.0684],[105.63152,23.08132],[105.6417,23.08318],[105.67408,23.06469],[105.70731,23.06387],[105.70888,23.06434],[105.70652,23.07152],[105.70786,23.07215],[105.70935,23.07286],[105.71986,23.06478],[105.72079,23.06187],[105.72077,23.05819],[105.72316,23.05557],[105.7266,23.05468],[105.72975,23.03774],[105.7361,23.03403],[105.73787,23.03305],[105.74603,23.03524],[105.74844,23.03504],[105.75355,23.03385],[105.75595,23.03326],[105.75645,23.02997],[105.75749,23.0287],[105.76261,23.02858],[105.77127,23.02612],[105.77805,23.02377],[105.80158,22.99201],[105.81264,22.98992],[105.8161,22.99222],[105.81727,22.99686],[105.82093,22.99733],[105.82563,22.99701],[105.83218,22.99166],[105.84118,22.97738],[105.84075,22.97613],[105.83814,22.97508],[105.83656,22.97441],[105.83645,22.97276],[105.838,22.97034],[105.84385,22.9703],[105.84941,22.97357],[105.85252,22.97045],[105.85282,22.96842],[105.84902,22.96205],[105.84651,22.96158],[105.84442,22.96159],[105.84368,22.95928],[105.8498,22.95344],[105.85102,22.94714],[105.8535,22.94374],[105.85809,22.94226],[105.86278,22.94156],[105.86496,22.94],[105.86787,22.93679],[105.86994,22.93407],[105.86992,22.93214],[105.86865,22.92914],[105.86852,22.92469],[105.86986,22.92169],[105.87401,22.91876],[105.87725,22.91865],[105.88289,22.9189],[105.88562,22.92141],[105.8847,22.92422],[105.8819,22.92665],[105.8817,22.92849],[105.88499,22.93602],[105.88752,22.94017],[105.90673,22.94074],[105.91019,22.94178],[105.92046,22.94753],[105.92463,22.94625],[105.92961,22.94196],[105.9343,22.94048],[105.94766,22.94011],[105.9517,22.9412],[105.95274,22.94239],[105.95354,22.94513],[105.9541,22.94984],[105.9563,22.95177],[105.9585,22.95185],[105.96663,22.94986],[105.97373,22.94963],[105.97831,22.94825],[105.98455,22.94405],[105.98797,22.94151],[105.99173,22.94081],[105.99456,22.94224],[105.99624,22.94388],[106.00025,22.94975],[106.00635,22.96994],[106.00013,22.98284],[106.00033,22.99252],[106.06253,22.99321],[106.08154,23.00162],[106.08273,23.00125],[106.08369,23.00042],[106.08607,22.99753],[106.094,22.99655],[106.09838,22.9881],[106.11055,22.98921],[106.11585,22.98633],[106.13295,22.99747],[106.13405,22.99756],[106.14078,22.99691],[106.16808,22.98542],[106.18734,22.98915],[106.19473,22.98605],[106.19777,22.98638],[106.19925,22.98595],[106.21057,22.97231],[106.23425,22.95472],[106.23601,22.94392],[106.24735,22.92698],[106.25563,22.92251],[106.25984,22.91746],[106.26129,22.91462],[106.26231,22.91246],[106.25766,22.89909],[106.24948,22.89686],[106.24803,22.89521],[106.24771,22.89392],[106.24786,22.8927],[106.25769,22.88579],[106.25944,22.88255],[106.25747,22.8788],[106.2781,22.87096],[106.28477,22.86919],[106.28605,22.86907],[106.28932,22.87586],[106.29002,22.87621],[106.29115,22.87649],[106.29501,22.87581],[106.30787,22.86549],[106.31994,22.86965],[106.32444,22.87528],[106.34405,22.85718],[106.34582,22.85666],[106.34768,22.85664],[106.36118,22.86821],[106.36347,22.88103],[106.36821,22.88328],[106.37233,22.88468],[106.39737,22.88245],[106.40375,22.87817],[106.40483,22.87751],[106.40653,22.87728],[106.41078,22.87696],[106.41225,22.87716],[106.41045,22.88979],[106.41318,22.89171],[106.41636,22.89325],[106.41946,22.89344],[106.4307,22.88487],[106.44137,22.89368],[106.4467,22.90463],[106.44763,22.90491],[106.45201,22.90448],[106.45308,22.90366],[106.45502,22.90149],[106.45721,22.89889],[106.46289,22.89927],[106.46736,22.90205],[106.47281,22.91041],[106.4847,22.90322],[106.49692,22.90741],[106.5013,22.91573],[106.5011,22.91655],[106.50038,22.91718],[106.49811,22.92159],[106.4987,22.92823],[106.50312,22.93163],[106.50442,22.93238],[106.50531,22.93376],[106.50749,22.93905],[106.50874,22.94486],[106.51031,22.94724],[106.52133,22.94947],[106.52842,22.94214],[106.53874,22.94223],[106.54237,22.92982],[106.56286,22.9215],[106.58005,22.92745],[106.58764,22.93444],[106.6001,22.93011],[106.60696,22.92072],[106.60798,22.91096],[106.61388,22.90254],[106.62694,22.89325],[106.62873,22.88774],[106.63523,22.88757],[106.6363,22.88642],[106.63774,22.88253],[106.63607,22.87657],[106.63736,22.87627],[106.63922,22.87626],[106.64174,22.87594],[106.64937,22.86741],[106.66394,22.87762],[106.66408,22.88967],[106.66457,22.89124],[106.66655,22.89337],[106.67527,22.89347],[106.67871,22.88784],[106.6897,22.89226],[106.70384,22.88924],[106.7081,22.8827],[106.71537,22.87846],[106.71551,22.87731],[106.71447,22.87307],[106.71364,22.87213],[106.71188,22.87162],[106.70873,22.871],[106.70623,22.86942],[106.7061,22.86873],[106.70725,22.86677],[106.73995,22.84502],[106.75255,22.83236],[106.76678,22.82676],[106.76375,22.8133],[106.77159,22.81786],[106.78307,22.81501],[106.80713,22.82202],[106.81693,22.82047],[106.8343,22.80361],[106.82163,22.78897],[106.82094,22.77917],[106.82006,22.77769],[106.81592,22.77359],[106.7934,22.77124],[106.79127,22.76613],[106.78415,22.768],[106.78563,22.75591],[106.77666,22.75166],[106.77356,22.74608],[106.76309,22.74333],[106.76753,22.73795],[106.76005,22.73287],[106.76354,22.72067],[106.77737,22.70974],[106.76487,22.70681],[106.76308,22.70217],[106.75123,22.69752],[106.7507,22.69621],[106.75068,22.69454],[106.75111,22.6931],[106.75315,22.69129],[106.75677,22.68712],[106.75759,22.68568],[106.75489,22.67597],[106.73989,22.67064],[106.72965,22.65534],[106.73002,22.64907],[106.72123,22.6405],[106.72689,22.63154],[106.72129,22.61983],[106.71282,22.61622],[106.71281,22.61514],[106.71343,22.61322],[106.71577,22.60991],[106.72751,22.60238],[106.72614,22.59546],[106.72439,22.59447],[106.72415,22.59435],[106.72154,22.59306],[106.72026,22.58824],[106.70639,22.57996],[106.70427,22.58011],[106.69557,22.58414],[106.69217,22.58483],[106.65165,22.57702],[106.64977,22.57743],[106.64765,22.57792],[106.64588,22.57865],[106.64508,22.57963],[106.64469,22.58225],[106.64382,22.58387],[106.63296,22.59327],[106.62863,22.60576],[106.62625,22.60632],[106.6223,22.60678],[106.62009,22.60667],[106.6098,22.60508],[106.60835,22.60459],[106.60695,22.60344],[106.6049,22.59901],[106.60437,22.59683],[106.60413,22.59289],[106.60768,22.5824],[106.60063,22.57819],[106.5992,22.55686],[106.59808,22.55377],[106.59684,22.55259],[106.58949,22.55099],[106.58882,22.54908],[106.5885,22.53676],[106.58817,22.53556],[106.57971,22.5185],[106.58136,22.47525],[106.57432,22.47013],[106.57239,22.47175],[106.57142,22.47302],[106.5713,22.47394],[106.57237,22.47565],[106.57288,22.47673],[106.57126,22.47687],[106.56953,22.47643],[106.56266,22.46713],[106.55754,22.46644],[106.55668,22.44932],[106.56178,22.44786],[106.56541,22.44113],[106.56392,22.4395],[106.56327,22.43888],[106.56327,22.43831],[106.56569,22.43174],[106.56248,22.42422],[106.53451,22.41987],[106.52896,22.40925],[106.51714,22.39973],[106.50295,22.4048],[106.49197,22.40316],[106.49203,22.39677],[106.48285,22.39159],[106.48807,22.38718],[106.48099,22.38008],[106.48788,22.37566],[106.4857,22.37006],[106.46416,22.36054],[106.45101,22.35848],[106.43559,22.36464],[106.42193,22.36091],[106.41979,22.36277],[106.4141,22.36741],[106.41043,22.37065],[106.39486,22.37337],[106.37567,22.36034],[106.35784,22.35952],[106.3413,22.37442],[106.34176,22.39033],[106.33118,22.40397],[106.33048,22.41222],[106.32818,22.41345],[106.32649,22.41361],[106.3165,22.40896],[106.31196,22.41051],[106.29815,22.42589],[106.29638,22.42626],[106.28898,22.42696],[106.28675,22.42784],[106.27606,22.44779],[106.26916,22.45179],[106.26531,22.45282],[106.26346,22.45283],[106.26052,22.45221],[106.25836,22.45187],[106.25644,22.45303],[106.25208,22.45658],[106.24901,22.45825],[106.24108,22.46068],[106.23738,22.46092],[106.21712,22.45491],[106.19886,22.43031],[106.18573,22.40087],[106.18467,22.39399],[106.18352,22.38715],[106.18434,22.38709],[106.17717,22.387],[106.17237,22.38643],[106.16786,22.38479],[106.16485,22.38254],[106.16116,22.3815],[106.15784,22.38583],[106.15524,22.38842],[106.15383,22.3898],[106.15271,22.3983],[106.13724,22.39532],[106.11829,22.40239],[106.10736,22.40017],[106.10336,22.40921],[106.09723,22.41475],[106.10014,22.4238],[106.09923,22.43573],[106.09281,22.44306],[106.09282,22.44449],[106.09308,22.44615],[106.11698,22.47349],[106.11363,22.48523],[106.11724,22.5085],[106.11687,22.51006],[106.11635,22.51241],[106.11582,22.51372],[106.09867,22.51797],[106.09868,22.5194],[106.09931,22.52145],[106.09932,22.5225],[106.09232,22.53512],[106.09179,22.54588],[106.08536,22.55329],[106.07247,22.55634],[106.07217,22.55806],[106.07256,22.56088],[106.07366,22.56316],[106.0804,22.56986],[106.08046,22.5711],[106.08026,22.57239],[106.07976,22.57369],[106.07044,22.57351],[106.06812,22.57219],[106.06594,22.57062],[106.0646,22.57039],[106.04583,22.57874],[106.0394,22.56621],[106.03764,22.56436],[106.03438,22.56203],[106.03087,22.56043],[106.01707,22.5599],[105.95597,22.52799],[105.92813,22.52744],[105.90919,22.49729],[105.90596,22.49731],[105.90061,22.50067],[105.89028,22.51038],[105.85811,22.52238],[105.85659,22.52201],[105.84556,22.51945],[105.83373,22.51951],[105.81333,22.52328],[105.80225,22.52609],[105.78624,22.54764],[105.77308,22.55222],[105.77082,22.56241],[105.77523,22.5763],[105.76525,22.58811],[105.74898,22.59077],[105.7476,22.59257],[105.74645,22.59436],[105.74614,22.59587],[105.75081,22.60907],[105.72682,22.63751],[105.73723,22.64378],[105.74,22.64995],[105.74375,22.65629],[105.7481,22.66481],[105.75596,22.67076],[105.76663,22.68114],[105.77125,22.68787],[105.77162,22.6902],[105.75198,22.70728],[105.75639,22.72491],[105.75067,22.72894],[105.74103,22.73798],[105.73469,22.73015],[105.7295,22.72515],[105.7246,22.72424],[105.71872,22.72266],[105.71038,22.72563],[105.69912,22.72643],[105.69316,22.7233],[105.68783,22.72223],[105.66799,22.72547],[105.66309,22.72386],[105.65798,22.71861],[105.64951,22.70647],[105.64518,22.70177],[105.61347,22.69971],[105.60915,22.69537],[105.60206,22.6854],[105.59792,22.67906],[105.59907,22.67306],[105.59906,22.66979],[105.59728,22.66762],[105.59102,22.66746],[105.58008,22.66986],[105.57087,22.66717],[105.56284,22.66447],[105.55734,22.65995],[105.54775,22.6578],[105.54167,22.65292],[105.53671,22.63495],[105.52894,22.63407],[105.52888,22.63407],[105.51618,22.63647],[105.5062,22.64624],[105.50275,22.6496],[105.49826,22.6548],[105.48563,22.67317],[105.48492,22.6755],[105.48493,22.6775],[105.4898,22.68448],[105.49447,22.69063],[105.49755,22.69628],[105.49774,22.69945],[105.49722,22.70295],[105.494,22.70562],[105.48792,22.70964],[105.47836,22.71433],[105.47417,22.71976],[105.47323,22.73027],[105.47464,22.73624],[105.47395,22.7449],[105.46913,22.75208],[105.46637,22.75387],[105.45506,22.75803],[105.4523,22.75994],[105.44558,22.76772],[105.43806,22.77341],[105.42659,22.7791],[105.40904,22.79047],[105.3936,22.79913],[105.37858,22.81186],[105.36315,22.81623],[105.3531,22.81792],[105.34736,22.81993],[105.31591,22.84756],[105.31166,22.84934],[105.30889,22.85061],[105.30126,22.85498],[105.29323,22.85718],[105.2862,22.85805],[105.27717,22.85847],[105.26876,22.86557],[105.26484,22.86849],[105.26551,22.8771],[105.26587,22.88029],[105.26731,22.88096],[105.30215,22.8764],[105.30333,22.90493],[105.30629,22.91365],[105.31648,22.91617],[105.33363,22.93221],[105.35053,22.93601],[105.36088,22.94323],[105.35877,22.97294],[105.35966,22.97939],[105.36054,22.98295],[105.36648,22.98744],[105.42261,23.00162],[105.48742,23.01015],[105.49383,23.03515],[105.51462,23.0736],[105.51658,23.07774],[105.52903,23.11213],[105.53295,23.1115],[105.53696,23.11105],[105.54481,23.11048],[105.55209,23.11427],[105.55741,23.11952],[105.56135,23.11954],[105.56049,23.11845],[105.55933,23.11681],[105.56225,23.11399],[105.56328,23.1107]]]],"type":"MultiPolygon"},"id":"tinh34.11","properties":{"matinh":"7","name":"Cao Bằng","atlasId":2},"type":"Feature"},{"geometry":{"coordinates":[[[[105.97175,9.88795],[105.9676,9.89123],[105.96033,9.901],[105.95264,9.90667],[105.93575,9.91755],[105.92481,9.92743],[105.91423,9.93292],[105.90996,9.93347],[105.90059,9.93448],[105.89594,9.93808],[105.88505,9.9465],[105.86149,9.96465],[105.82515,10.0048],[105.78528,10.06615],[105.78093,10.06971],[105.77773,10.07225],[105.75309,10.08298],[105.71289,10.11489],[105.68095,10.13517],[105.68428,10.13975],[105.68464,10.14033],[105.68213,10.1432],[105.726,10.20623],[105.745,10.19842],[105.75634,10.18528],[105.76267,10.17935],[105.77361,10.18939],[105.78999,10.16851],[105.79881,10.15727],[105.79961,10.15643],[105.82529,10.15087],[105.84734,10.15145],[105.84982,10.16124],[105.86703,10.15387],[105.86937,10.15741],[105.87015,10.15974],[105.87261,10.16734],[105.86832,10.16985],[105.86922,10.17166],[105.87415,10.19014],[105.87416,10.19063],[105.89252,10.18736],[105.91114,10.19343],[105.91741,10.21195],[105.91743,10.2123],[105.91081,10.22767],[105.90374,10.23268],[105.89992,10.23518],[105.90027,10.24652],[105.88836,10.24611],[105.87492,10.26603],[105.87869,10.26656],[105.88233,10.26801],[105.89079,10.27822],[105.8991,10.27506],[105.92486,10.28444],[105.96884,10.32488],[105.98076,10.33124],[105.99032,10.33149],[106.03697,10.29804],[106.06628,10.2831],[106.07714,10.27875],[106.08503,10.27765],[106.10209,10.28421],[106.14325,10.28586],[106.17822,10.30111],[106.20117,10.31582],[106.21081,10.31763],[106.23648,10.31934],[106.2581,10.3243],[106.27567,10.3272],[106.2881,10.3243],[106.3017,10.32083],[106.34444,10.33312],[106.37779,10.34137],[106.37936,10.34175],[106.38811,10.34122],[106.44114,10.30997],[106.44186,10.30991],[106.46981,10.30779],[106.50765,10.28835],[106.53436,10.26915],[106.53645,10.26764],[106.59255,10.2513],[106.67283,10.23706],[106.68791,10.22948],[106.71154,10.2103],[106.74666,10.19381],[106.75,10.19324],[106.75403,10.19217],[106.75847,10.19136],[106.78702,10.19244],[106.78203,10.15958],[106.78369,10.15718],[106.78753,10.15114],[106.78794,10.14707],[106.78681,10.13982],[106.78619,10.1373],[106.78384,10.13441],[106.77057,10.13274],[106.78414,10.12804],[106.78928,10.12231],[106.79038,10.11509],[106.77711,10.09107],[106.73609,10.04543],[106.72886,10.04054],[106.72208,10.03812],[106.72181,10.03802],[106.72058,10.03815],[106.72056,10.03818],[106.71999,10.03907],[106.72055,10.04079],[106.72305,10.04283],[106.7234,10.04362],[106.72331,10.04498],[106.72185,10.04604],[106.70391,10.04139],[106.68885,10.0242],[106.68694,10.01672],[106.6793,10.00804],[106.66939,10.00219],[106.64691,9.9771],[106.63348,9.9725],[106.62197,9.95102],[106.66044,9.9278],[106.66822,9.90904],[106.67214,9.90444],[106.67781,9.89848],[106.68293,9.89172],[106.68618,9.8782],[106.65173,9.82668],[106.62977,9.80422],[106.6134,9.79492],[106.56601,9.73921],[106.56889,9.72345],[106.56786,9.69727],[106.57605,9.69466],[106.57737,9.68928],[106.57606,9.66606],[106.56961,9.64555],[106.55389,9.61427],[106.52613,9.57878],[106.49686,9.55751],[106.48199,9.55055],[106.40869,9.52871],[106.40681,9.53574],[106.40321,9.53752],[106.37651,9.53067],[106.37891,9.53783],[106.37966,9.54111],[106.3711,9.55166],[106.34135,9.57949],[106.3261,9.59071],[106.32158,9.58882],[106.31875,9.59051],[106.30168,9.58153],[106.30168,9.58153],[106.29854,9.58483],[106.2777,9.60065],[106.24606,9.61866],[106.22307,9.63735],[106.19074,9.66753],[106.14999,9.70926],[106.11157,9.75193],[106.08564,9.77055],[106.06384,9.78611],[106.0456,9.80599],[106.03128,9.81851],[106.0166,9.82992],[106.00014,9.8427],[105.99436,9.85954],[105.98973,9.87304],[105.98949,9.87373],[105.98246,9.88296],[105.98019,9.88483],[105.97175,9.88795]]],[[[106.83605,10.15352],[106.82904,10.15672],[106.82138,10.15935],[106.81575,10.16275],[106.80619,10.17601],[106.80684,10.17645],[106.80815,10.17736],[106.81323,10.17834],[106.8188,10.17787],[106.82458,10.17614],[106.82726,10.17517],[106.83924,10.16649],[106.84716,10.15956],[106.84801,10.15625],[106.84699,10.15368],[106.84414,10.15039],[106.84211,10.15026],[106.83605,10.15352]]]],"type":"MultiPolygon"},"id":"tinh34.19","properties":{"matinh":"30","name":"Vĩnh Long","atlasId":30},"type":"Feature"},{"geometry":{"coordinates":[[[[105.45017,10.95757],[105.46223,10.96494],[105.46986,10.96555],[105.49364,10.94923],[105.49726,10.9544],[105.5098,10.93156],[105.51517,10.92727],[105.51453,10.92289],[105.58036,10.89356],[105.5911,10.87452],[105.59464,10.87117],[105.60195,10.85675],[105.60051,10.85313],[105.60961,10.83366],[105.59394,10.83249],[105.59493,10.83092],[105.77881,10.65972],[105.80536,10.65617],[105.80942,10.65199],[105.81865,10.64726],[105.83346,10.63834],[105.87498,10.58293],[105.88831,10.56512],[105.90737,10.54011],[106.09516,10.5237],[106.10163,10.52746],[106.10286,10.54463],[106.10222,10.57702],[106.28441,10.58791],[106.30863,10.56644],[106.31856,10.57081],[106.33708,10.54973],[106.34328,10.54636],[106.3451,10.54508],[106.34633,10.54367],[106.3501,10.52511],[106.36685,10.51975],[106.36505,10.51225],[106.36999,10.50738],[106.36688,10.49909],[106.36845,10.49781],[106.36983,10.49696],[106.37272,10.49521],[106.36892,10.48894],[106.38778,10.47765],[106.39005,10.47824],[106.39201,10.47944],[106.39306,10.48161],[106.3941,10.48578],[106.39431,10.48779],[106.39612,10.48736],[106.39881,10.48634],[106.40184,10.49431],[106.40208,10.49419],[106.4076,10.49258],[106.41503,10.48831],[106.41527,10.48317],[106.43771,10.46732],[106.44095,10.45881],[106.45176,10.45157],[106.41938,10.43506],[106.41926,10.43496],[106.41889,10.43413],[106.41588,10.42796],[106.42664,10.41283],[106.45229,10.41224],[106.45562,10.40866],[106.45528,10.40579],[106.45396,10.40348],[106.44509,10.4033],[106.44558,10.40077],[106.44605,10.39944],[106.45081,10.39722],[106.45238,10.39649],[106.45439,10.39597],[106.46129,10.40144],[106.47178,10.3997],[106.48389,10.40447],[106.48471,10.40951],[106.50587,10.42407],[106.50858,10.42947],[106.51755,10.42624],[106.52575,10.4335],[106.52997,10.43213],[106.53704,10.42315],[106.54341,10.42996],[106.55667,10.42514],[106.5576,10.41387],[106.58335,10.41826],[106.58633,10.42271],[106.58542,10.4257],[106.58316,10.43026],[106.58257,10.43266],[106.58258,10.43433],[106.58331,10.436],[106.58459,10.43755],[106.59448,10.43759],[106.62552,10.45313],[106.62993,10.45763],[106.63674,10.47976],[106.6455,10.48478],[106.65281,10.48273],[106.65676,10.4769],[106.65781,10.45382],[106.65942,10.44775],[106.66105,10.44378],[106.66362,10.44144],[106.66855,10.43908],[106.67254,10.43883],[106.67631,10.43951],[106.68556,10.44471],[106.70993,10.47987],[106.73283,10.49802],[106.7515,10.46765],[106.77978,10.42949],[106.7951,10.4162],[106.80376,10.40546],[106.81218,10.38869],[106.81218,10.38869],[106.78053,10.37716],[106.77983,10.31771],[106.77976,10.31025],[106.77958,10.29226],[106.78805,10.23034],[106.79248,10.22552],[106.79732,10.21742],[106.79879,10.21018],[106.7978,10.20442],[106.79327,10.20073],[106.78798,10.19853],[106.78794,10.19851],[106.78713,10.19319],[106.78713,10.19319],[106.78702,10.19244],[106.75847,10.19136],[106.75403,10.19217],[106.75,10.19324],[106.74666,10.19381],[106.71154,10.2103],[106.68791,10.22948],[106.67543,10.23608],[106.59255,10.2513],[106.53645,10.26764],[106.53436,10.26915],[106.50765,10.28835],[106.46981,10.30779],[106.44186,10.30991],[106.44114,10.30997],[106.38811,10.34122],[106.37936,10.34175],[106.37779,10.34137],[106.34444,10.33312],[106.3017,10.32083],[106.2881,10.3243],[106.27567,10.3272],[106.2581,10.3243],[106.23648,10.31934],[106.21081,10.31763],[106.20117,10.31582],[106.17822,10.30111],[106.14325,10.28586],[106.10209,10.28421],[106.08503,10.27765],[106.07714,10.27875],[106.06628,10.2831],[106.03697,10.29804],[106.01042,10.3188],[105.98642,10.33224],[105.96884,10.32488],[105.92486,10.28444],[105.8991,10.27506],[105.89079,10.27822],[105.88233,10.26801],[105.87869,10.26656],[105.87492,10.26603],[105.88836,10.24611],[105.90027,10.24652],[105.89992,10.23518],[105.90374,10.23268],[105.91081,10.22767],[105.91743,10.2123],[105.91741,10.21195],[105.91114,10.19343],[105.89252,10.18736],[105.87416,10.19063],[105.87415,10.19014],[105.86922,10.17166],[105.86832,10.16985],[105.87261,10.16734],[105.87015,10.15974],[105.86937,10.15741],[105.86703,10.15387],[105.84982,10.16124],[105.84734,10.15145],[105.82529,10.15087],[105.79961,10.15643],[105.79881,10.15727],[105.78999,10.16851],[105.77361,10.18939],[105.76267,10.17935],[105.75634,10.18528],[105.745,10.19842],[105.726,10.20623],[105.68213,10.1432],[105.68464,10.14033],[105.68428,10.13975],[105.68095,10.13517],[105.66016,10.14921],[105.62308,10.18738],[105.61274,10.21874],[105.58867,10.24948],[105.54677,10.28886],[105.51302,10.3073],[105.48785,10.33349],[105.48924,10.34666],[105.51703,10.36481],[105.51731,10.37189],[105.52346,10.37821],[105.52246,10.38897],[105.51887,10.39943],[105.52017,10.40409],[105.5222,10.40509],[105.52786,10.40411],[105.52791,10.41021],[105.53025,10.41261],[105.53538,10.41676],[105.54201,10.41712],[105.5527,10.43535],[105.57243,10.42996],[105.57116,10.43924],[105.57388,10.44898],[105.5698,10.47654],[105.55087,10.51893],[105.54123,10.5305],[105.53027,10.53444],[105.51923,10.54562],[105.48827,10.5425],[105.48505,10.53726],[105.48221,10.53405],[105.44374,10.55527],[105.41468,10.5511],[105.39254,10.56927],[105.36971,10.57397],[105.34796,10.61761],[105.33818,10.64707],[105.33626,10.67313],[105.34929,10.71488],[105.34274,10.72191],[105.33688,10.72387],[105.29976,10.71709],[105.27681,10.72398],[105.27407,10.72845],[105.27572,10.73353],[105.2994,10.749],[105.30171,10.76034],[105.29469,10.76419],[105.27193,10.76528],[105.26068,10.77128],[105.2563,10.78354],[105.25937,10.80097],[105.23597,10.80653],[105.22701,10.8125],[105.22269,10.82042],[105.2224,10.82879],[105.21162,10.84742],[105.18794,10.87339],[105.1904,10.89102],[105.18642,10.91254],[105.197,10.9122],[105.21385,10.90073],[105.21603,10.89996],[105.22272,10.89762],[105.23718,10.89326],[105.26318,10.89744],[105.33537,10.86122],[105.34067,10.86874],[105.34165,10.86913],[105.34639,10.8708],[105.34759,10.87208],[105.35255,10.88094],[105.35806,10.88158],[105.35773,10.88743],[105.36585,10.88864],[105.36886,10.90107],[105.37207,10.90494],[105.3785,10.90383],[105.37838,10.91108],[105.38164,10.91169],[105.38544,10.92026],[105.40286,10.93208],[105.4246,10.97289],[105.4317,10.9736],[105.45017,10.95757]]]],"type":"MultiPolygon"},"id":"tinh34.34","properties":{"matinh":"31","name":"Đồng Tháp","atlasId":31},"type":"Feature"},{"geometry":{"coordinates":[[[[103.49427,9.31977],[103.50486,9.32023],[103.50874,9.31017],[103.50227,9.30892],[103.49995,9.30526],[103.49892,9.30256],[103.50283,9.29833],[103.49338,9.30023],[103.48164,9.28684],[103.48053,9.28674],[103.47745,9.28694],[103.47443,9.28698],[103.47092,9.28983],[103.47099,9.29712],[103.47526,9.30006],[103.47365,9.3038],[103.47188,9.30476],[103.47012,9.30528],[103.46875,9.30514],[103.4627,9.30122],[103.45603,9.30476],[103.46154,9.31341],[103.47523,9.32048],[103.49427,9.31977]]],[[[103.53193,9.31641],[103.52102,9.32262],[103.52637,9.32865],[103.5325,9.32443],[103.53028,9.32158],[103.53193,9.31641]]],[[[103.602,9.38586],[103.60066,9.38634],[103.60017,9.3873],[103.60016,9.39033],[103.6004,9.39119],[103.60088,9.39287],[103.60209,9.39469],[103.60354,9.3953],[103.60488,9.3953],[103.60598,9.3947],[103.60623,9.39277],[103.60564,9.3895],[103.60358,9.38635],[103.602,9.38586]]],[[[104.40155,9.63513],[104.39919,9.63191],[104.39819,9.63532],[104.39223,9.63746],[104.40549,9.64267],[104.40155,9.63513]]],[[[104.40172,9.67497],[104.40457,9.67483],[104.40072,9.67201],[104.40086,9.66563],[104.39332,9.66062],[104.39815,9.67116],[104.39764,9.67614],[104.40172,9.67497]]],[[[104.38588,9.68142],[104.38605,9.68886],[104.39371,9.69296],[104.39193,9.68605],[104.38588,9.68142]]],[[[104.38402,9.70953],[104.3868,9.70885],[104.38705,9.70217],[104.38274,9.69818],[104.38153,9.71041],[104.38402,9.70953]]],[[[104.35956,9.69469],[104.35599,9.69127],[104.36048,9.66255],[104.3584,9.66018],[104.35183,9.66152],[104.34911,9.66805],[104.34589,9.6687],[104.34415,9.68075],[104.34453,9.68644],[104.3495,9.68938],[104.34836,9.69353],[104.3535,9.69489],[104.35256,9.7129],[104.35911,9.70617],[104.35956,9.69469]]],[[[104.65007,9.81823],[104.6566,9.81849],[104.65748,9.81431],[104.6538,9.80289],[104.64754,9.7966],[104.63593,9.7938],[104.62984,9.79948],[104.61302,9.79809],[104.61741,9.81261],[104.62156,9.81615],[104.62849,9.82101],[104.63056,9.82216],[104.63456,9.82338],[104.65007,9.81823]]],[[[102.88424,9.93237],[102.89086,9.9227],[102.89758,9.92219],[102.90496,9.91659],[102.89486,9.91571],[102.87989,9.92771],[102.8777,9.93271],[102.87978,9.93441],[102.88424,9.93237]]],[[[102.92466,9.92591],[102.93428,9.9233],[102.9355,9.91874],[102.92828,9.91589],[102.9166,9.92586],[102.91084,9.93529],[102.91494,9.93605],[102.91928,9.92808],[102.92466,9.92591]]],[[[104.02126,9.9585],[104.01949,9.95151],[104.0238,9.94555],[104.02021,9.94121],[104.00846,9.94965],[104.01185,9.95482],[104.00912,9.95824],[104.01105,9.96234],[104.00854,9.96917],[104.01605,9.9682],[104.02126,9.9585]]],[[[104.85409,9.97857],[104.85603,9.97529],[104.84386,9.96899],[104.83928,9.95339],[104.83441,9.94953],[104.82941,9.95299],[104.82569,9.96042],[104.82782,9.96983],[104.83603,9.97253],[104.83757,9.97582],[104.85409,9.97857]]],[[[104.02332,9.9745],[104.02421,9.96965],[104.01576,9.97483],[104.01165,9.98531],[104.0183,9.98393],[104.02332,9.9745]]],[[[104.00941,9.99178],[104.0056,9.99516],[104.00594,9.9994],[104.01216,9.99594],[104.00941,9.99178]]],[[[104.5498,10.01521],[104.54253,10.03124],[104.55268,10.04092],[104.55999,10.02368],[104.55743,10.0172],[104.5498,10.01521]]],[[[104.541,10.1234],[104.53853,10.12767],[104.54437,10.13839],[104.541,10.1234]]],[[[104.5294,10.17023],[104.52836,10.17983],[104.52201,10.18593],[104.52511,10.18949],[104.52956,10.18749],[104.53179,10.18252],[104.53272,10.1725],[104.5294,10.17023]]],[[[104.3353,10.31978],[104.32712,10.31353],[104.32166,10.32204],[104.32826,10.3199],[104.3326,10.32428],[104.33597,10.32246],[104.3353,10.31978]]],[[[104.03124,10.41463],[104.04039,10.41559],[104.06037,10.39565],[104.07298,10.37739],[104.07912,10.35799],[104.07913,10.35537],[104.07896,10.35483],[104.07874,10.35456],[104.07237,10.34985],[104.0714,10.34642],[104.07084,10.33949],[104.07083,10.33937],[104.07821,10.30887],[104.0731,10.27923],[104.07917,10.25559],[104.07917,10.25525],[104.07967,10.25133],[104.07905,10.24605],[104.06911,10.21711],[104.05793,10.20746],[104.05182,10.19528],[104.04102,10.15382],[104.03407,10.14875],[104.02984,10.14134],[104.02851,10.13406],[104.03459,10.11999],[104.02467,10.10778],[104.02299,10.0932],[104.01617,10.08488],[104.02237,10.0748],[104.02639,10.07977],[104.04148,10.07005],[104.03354,10.05467],[104.03717,10.04231],[104.03044,10.04016],[104.02853,10.03228],[104.03874,10.01941],[104.04864,10.01199],[104.04908,10.00694],[104.03581,10.01674],[104.02872,10.01177],[104.02166,10.01928],[104.01466,10.01821],[104.01144,10.01151],[104.00749,10.01159],[104.00696,10.02262],[103.99893,10.04497],[103.98901,10.05011],[103.98362,10.09475],[103.96557,10.18135],[103.94579,10.24555],[103.94213,10.25137],[103.93883,10.25586],[103.93708,10.25777],[103.9279,10.26503],[103.91393,10.28879],[103.90499,10.29311],[103.89037,10.29136],[103.87988,10.3035],[103.86972,10.30858],[103.8627,10.30849],[103.85882,10.30345],[103.85407,10.30979],[103.84087,10.35687],[103.83074,10.36474],[103.83635,10.37181],[103.835,10.37795],[103.83689,10.37895],[103.88618,10.37051],[103.91757,10.36076],[103.92594,10.36279],[103.93932,10.37984],[103.94526,10.40234],[103.96528,10.41065],[103.97199,10.44131],[103.98241,10.45013],[103.98463,10.45066],[103.99011,10.45141],[103.99502,10.45134],[104.0015,10.44927],[104.00409,10.44779],[104.02423,10.41863],[104.03124,10.41463]]],[[[104.71429,10.53265],[104.75241,10.52005],[104.86652,10.52268],[104.89869,10.55305],[104.90498,10.56296],[104.91289,10.57507],[104.91748,10.58278],[104.93323,10.61457],[104.95575,10.64008],[105.09623,10.72249],[105.09645,10.72311],[105.09318,10.74233],[105.09067,10.75715],[105.07433,10.77942],[105.06293,10.78167],[105.05468,10.82559],[105.04192,10.84813],[105.02704,10.89186],[105.0436,10.90233],[105.03973,10.91204],[105.05119,10.91777],[105.04882,10.92616],[105.04902,10.92731],[105.04989,10.92914],[105.0513,10.93064],[105.06737,10.94012],[105.07644,10.93842],[105.07934,10.95573],[105.08213,10.9577],[105.09805,10.95633],[105.11161,10.96341],[105.1152,10.96226],[105.11625,10.94618],[105.0987,10.92307],[105.10598,10.91917],[105.15402,10.92488],[105.17848,10.91279],[105.17855,10.91279],[105.18356,10.91264],[105.18642,10.91254],[105.1904,10.89102],[105.18794,10.87339],[105.21008,10.84994],[105.2224,10.82879],[105.22269,10.82042],[105.22701,10.8125],[105.23597,10.80653],[105.25937,10.80097],[105.25633,10.78293],[105.26156,10.77064],[105.27288,10.76503],[105.29469,10.76419],[105.30171,10.76034],[105.2994,10.749],[105.27572,10.73353],[105.27596,10.72482],[105.28831,10.71875],[105.29976,10.71709],[105.33688,10.72387],[105.34274,10.72191],[105.34929,10.71488],[105.33626,10.67313],[105.33818,10.64707],[105.34796,10.61761],[105.36971,10.57397],[105.39254,10.56927],[105.41468,10.5511],[105.44374,10.55527],[105.48221,10.53405],[105.48646,10.53861],[105.49296,10.54365],[105.50032,10.54431],[105.51018,10.5454],[105.51717,10.5452],[105.53027,10.53444],[105.54123,10.5305],[105.55441,10.51341],[105.57109,10.47072],[105.57388,10.44898],[105.57116,10.43924],[105.57243,10.42996],[105.5527,10.43535],[105.54201,10.41712],[105.53538,10.41676],[105.53025,10.41261],[105.52791,10.41021],[105.52786,10.40411],[105.5222,10.40509],[105.52017,10.40409],[105.51887,10.39943],[105.52246,10.38897],[105.52346,10.37821],[105.51731,10.37189],[105.51703,10.36481],[105.48861,10.34551],[105.48785,10.33349],[105.4951,10.32603],[105.48565,10.3248],[105.47557,10.31287],[105.47286,10.31235],[105.44894,10.30833],[105.42475,10.3041],[105.43946,10.27065],[105.40393,10.25707],[105.39765,10.25467],[105.33454,10.23539],[105.3142,10.26853],[105.30993,10.27435],[105.30569,10.27072],[105.30473,10.27006],[105.30193,10.27445],[105.29986,10.2777],[105.29915,10.27768],[105.29013,10.2677],[105.28686,10.26068],[105.26536,10.23992],[105.25914,10.24686],[105.25754,10.24535],[105.25472,10.24271],[105.24547,10.23168],[105.23011,10.21056],[105.22398,10.20196],[105.26257,10.17076],[105.27622,10.15999],[105.29684,10.13906],[105.29889,10.13693],[105.30335,10.14148],[105.30979,10.14804],[105.31437,10.1433],[105.33714,10.1172],[105.3508,10.10154],[105.35495,10.08338],[105.36273,10.07428],[105.36282,10.07418],[105.53825,9.91305],[105.51887,9.87069],[105.51696,9.86302],[105.51874,9.86012],[105.51873,9.86011],[105.48197,9.8376],[105.4751,9.8334],[105.44336,9.82057],[105.429,9.81668],[105.43249,9.79238],[105.42193,9.78064],[105.41354,9.78186],[105.4141,9.77401],[105.40579,9.77457],[105.40475,9.77374],[105.40371,9.77175],[105.40518,9.76202],[105.41265,9.76067],[105.41178,9.75221],[105.3917,9.74579],[105.38919,9.73725],[105.37095,9.73057],[105.35632,9.71444],[105.32651,9.70145],[105.3359,9.68762],[105.33741,9.67713],[105.35483,9.66968],[105.37094,9.67335],[105.37195,9.67031],[105.36685,9.66351],[105.36882,9.65997],[105.39548,9.65761],[105.40352,9.65296],[105.40466,9.65167],[105.40466,9.65165],[105.40475,9.64462],[105.39722,9.63118],[105.39722,9.63116],[105.3976,9.62301],[105.38752,9.62899],[105.38216,9.6211],[105.37399,9.61364],[105.37345,9.60093],[105.37202,9.59728],[105.36078,9.59351],[105.34739,9.59909],[105.34045,9.61342],[105.32899,9.60572],[105.30863,9.60943],[105.30264,9.6187],[105.30232,9.62874],[105.2957,9.63152],[105.29355,9.63763],[105.28633,9.62997],[105.28471,9.61773],[105.28959,9.59347],[105.30851,9.57402],[105.30537,9.56185],[105.30733,9.55679],[105.32218,9.55971],[105.32156,9.54222],[105.3286,9.52902],[105.31803,9.51348],[105.30721,9.50769],[105.30577,9.50761],[105.30041,9.508],[105.29767,9.50735],[105.28852,9.45776],[105.2935,9.43365],[105.30706,9.41555],[105.31755,9.38425],[105.29925,9.39144],[105.29504,9.39224],[105.2945,9.39145],[105.29297,9.38918],[105.27611,9.39977],[105.27299,9.39589],[105.2576,9.40112],[105.14882,9.47054],[105.00147,9.55944],[104.9977,9.54791],[104.98964,9.54056],[104.97606,9.54425],[104.96097,9.55646],[104.94406,9.53341],[104.91453,9.56228],[104.87946,9.4951],[104.85433,9.51715],[104.84412,9.53032],[104.8337,9.53362],[104.8384,9.58835],[104.85651,9.72279],[104.87287,9.77256],[104.88536,9.83026],[104.89184,9.84375],[104.9006,9.85215],[104.92786,9.84836],[104.9529,9.85466],[104.96352,9.8621],[105.01699,9.92268],[105.02663,9.9302],[105.02761,9.93079],[105.03915,9.93976],[105.05061,9.94704],[105.06214,9.95137],[105.07755,9.94892],[105.07755,9.94892],[105.08703,9.95303],[105.09892,9.95818],[105.07288,10.01176],[104.99053,10.09944],[104.95372,10.09862],[104.89738,10.08733],[104.88277,10.09076],[104.86624,10.10722],[104.83074,10.16218],[104.80779,10.19136],[104.79456,10.20351],[104.76875,10.21804],[104.75029,10.22387],[104.74157,10.22678],[104.72197,10.22435],[104.69781,10.21059],[104.68386,10.19919],[104.65029,10.15732],[104.64285,10.13862],[104.6383,10.13766],[104.62974,10.14499],[104.62349,10.14699],[104.62285,10.14712],[104.61923,10.14767],[104.59901,10.14485],[104.59778,10.14844],[104.6058,10.15649],[104.60787,10.16405],[104.58798,10.18694],[104.59482,10.19282],[104.58373,10.20775],[104.59038,10.21617],[104.58827,10.23001],[104.58186,10.25013],[104.5685,10.27329],[104.55662,10.28598],[104.5455,10.29143],[104.53164,10.27864],[104.53083,10.27855],[104.52975,10.2789],[104.52858,10.28015],[104.52774,10.31677],[104.52506,10.32469],[104.51221,10.3439],[104.48165,10.37773],[104.44076,10.36612],[104.44447,10.38777],[104.4507,10.40086],[104.44588,10.41327],[104.43699,10.42414],[104.47656,10.43246],[104.48033,10.42883],[104.48492,10.42457],[104.48714,10.42192],[104.49621,10.40558],[104.51656,10.44132],[104.52633,10.44785],[104.54111,10.44911],[104.55007,10.45757],[104.55649,10.47429],[104.55761,10.48357],[104.55805,10.49278],[104.55811,10.49378],[104.58303,10.5071],[104.58686,10.52982],[104.60133,10.53558],[104.61469,10.52941],[104.64436,10.53194],[104.64378,10.5402],[104.64374,10.54072],[104.64414,10.54094],[104.68892,10.53898],[104.71429,10.53265]]]],"type":"MultiPolygon"},"id":"tinh34.14","properties":{"matinh":"32","name":"An Giang","atlasId":32},"type":"Feature"},{"geometry":{"coordinates":[[[[105.60983,10.22366],[105.62308,10.18738],[105.66016,10.14921],[105.71289,10.11489],[105.75309,10.08298],[105.77773,10.07225],[105.78093,10.06971],[105.78528,10.06615],[105.82515,10.0048],[105.86149,9.96465],[105.88505,9.9465],[105.89594,9.93808],[105.90059,9.93448],[105.90996,9.93347],[105.91423,9.93292],[105.92481,9.92743],[105.93575,9.91755],[105.95264,9.90667],[105.96033,9.901],[105.9676,9.89123],[105.97175,9.88795],[105.98019,9.88483],[105.98246,9.88296],[105.98949,9.87373],[105.98973,9.87304],[105.99436,9.85954],[106.00014,9.8427],[106.0166,9.82992],[106.03128,9.81851],[106.0456,9.80599],[106.06384,9.78611],[106.08564,9.77055],[106.11157,9.75193],[106.14999,9.70926],[106.19074,9.66753],[106.22307,9.63735],[106.24606,9.61866],[106.2777,9.60065],[106.29854,9.58483],[106.30168,9.58153],[106.30168,9.58153],[106.29137,9.5761],[106.28497,9.54536],[106.26852,9.51503],[106.26623,9.51132],[106.2608,9.50605],[106.2516,9.49798],[106.24588,9.49479],[106.24026,9.49345],[106.23812,9.49291],[106.23219,9.49421],[106.22924,9.5],[106.20985,9.50068],[106.20702,9.4735],[106.20061,9.45573],[106.16624,9.42573],[106.16633,9.42319],[106.16636,9.42233],[106.16649,9.4186],[106.17753,9.4209],[106.1875,9.41529],[106.19024,9.40333],[106.18812,9.3919],[106.19356,9.38904],[106.18781,9.38776],[106.18931,9.37914],[106.18317,9.36925],[106.15714,9.34493],[106.13802,9.33372],[106.13795,9.34163],[106.12458,9.33377],[106.12165,9.33511],[106.12662,9.33868],[106.12234,9.34039],[106.11328,9.34171],[106.11203,9.3392],[106.10024,9.34172],[105.91197,9.27996],[105.82578,9.24648],[105.81711,9.27456],[105.8241,9.27771],[105.81037,9.3404],[105.85809,9.36269],[105.85126,9.38014],[105.85511,9.38534],[105.84698,9.39022],[105.84642,9.39794],[105.8456,9.39903],[105.84135,9.40463],[105.84117,9.40503],[105.82939,9.402],[105.83329,9.39867],[105.82892,9.39176],[105.81916,9.3948],[105.81848,9.38239],[105.81181,9.37758],[105.81618,9.37355],[105.8133,9.37123],[105.80361,9.37656],[105.79143,9.37841],[105.78848,9.38488],[105.78372,9.38374],[105.7746,9.39478],[105.78355,9.40151],[105.78244,9.40395],[105.77637,9.40305],[105.76992,9.41227],[105.74907,9.41203],[105.74147,9.40186],[105.73537,9.40245],[105.73481,9.39645],[105.72583,9.396],[105.72135,9.39159],[105.71435,9.39233],[105.70814,9.39879],[105.70376,9.39741],[105.70626,9.39556],[105.70356,9.37883],[105.70009,9.37847],[105.69228,9.38068],[105.68358,9.37929],[105.68074,9.38539],[105.67666,9.38479],[105.67136,9.39178],[105.65211,9.38692],[105.64803,9.38847],[105.64819,9.39334],[105.64665,9.3954],[105.63491,9.39727],[105.64027,9.40302],[105.63863,9.40577],[105.6384,9.40613],[105.63546,9.41028],[105.6343,9.41088],[105.6304,9.41212],[105.62629,9.42024],[105.61692,9.41472],[105.61434,9.40768],[105.60093,9.41758],[105.59876,9.42382],[105.59294,9.42083],[105.59049,9.42224],[105.58585,9.4243],[105.57959,9.413],[105.55644,9.43884],[105.55337,9.44223],[105.54216,9.45459],[105.54774,9.51741],[105.55363,9.55433],[105.55293,9.57027],[105.54491,9.5865],[105.54445,9.58743],[105.54155,9.58652],[105.53329,9.59497],[105.53145,9.59599],[105.53021,9.59607],[105.52779,9.59613],[105.52318,9.59564],[105.51668,9.58793],[105.51416,9.58627],[105.51049,9.58505],[105.51023,9.58497],[105.50553,9.5861],[105.50164,9.59235],[105.49268,9.59203],[105.48423,9.58651],[105.47249,9.59433],[105.44727,9.58783],[105.44543,9.59728],[105.43926,9.5955],[105.42841,9.60167],[105.42764,9.59631],[105.41614,9.59375],[105.41618,9.60105],[105.41339,9.60249],[105.40832,9.59857],[105.40587,9.59861],[105.4011,9.59898],[105.39961,9.59873],[105.39284,9.59045],[105.37643,9.58731],[105.37202,9.59728],[105.37345,9.60093],[105.37399,9.61364],[105.38216,9.6211],[105.38752,9.62899],[105.3976,9.62301],[105.39722,9.63116],[105.39722,9.63118],[105.40475,9.64462],[105.40466,9.65165],[105.40466,9.65167],[105.39548,9.65761],[105.36882,9.65997],[105.36685,9.66351],[105.37195,9.67031],[105.37094,9.67335],[105.35483,9.66968],[105.33741,9.67713],[105.3359,9.68762],[105.32651,9.70145],[105.35632,9.71444],[105.37095,9.73057],[105.38919,9.73725],[105.3917,9.74579],[105.41178,9.75221],[105.41265,9.76067],[105.40518,9.76202],[105.40371,9.77175],[105.40475,9.77374],[105.40579,9.77457],[105.4141,9.77401],[105.41354,9.78186],[105.42193,9.78064],[105.43249,9.79238],[105.429,9.81668],[105.44336,9.82057],[105.4751,9.8334],[105.48197,9.8376],[105.51873,9.86011],[105.51874,9.86012],[105.51696,9.86302],[105.51887,9.87069],[105.53825,9.91305],[105.36282,10.07418],[105.36273,10.07428],[105.35495,10.08338],[105.3508,10.10154],[105.33714,10.1172],[105.31437,10.1433],[105.30979,10.14804],[105.30335,10.14148],[105.29889,10.13693],[105.29684,10.13906],[105.27622,10.15999],[105.26257,10.17076],[105.22398,10.20196],[105.23011,10.21056],[105.24547,10.23168],[105.25472,10.24271],[105.25754,10.24535],[105.25914,10.24686],[105.26536,10.23992],[105.28686,10.26068],[105.29013,10.2677],[105.29915,10.27768],[105.29986,10.2777],[105.30193,10.27445],[105.30473,10.27006],[105.30569,10.27072],[105.30993,10.27435],[105.3142,10.26853],[105.33454,10.23539],[105.39765,10.25467],[105.40393,10.25707],[105.43946,10.27065],[105.42475,10.3041],[105.44894,10.30833],[105.47286,10.31235],[105.47557,10.31287],[105.48565,10.3248],[105.4951,10.32603],[105.51302,10.3073],[105.5285,10.30063],[105.55452,10.28222],[105.59501,10.24285],[105.60983,10.22366]]]],"type":"MultiPolygon"},"id":"tinh34.12","properties":{"matinh":"33","name":"Cần Thơ","atlasId":33},"type":"Feature"},{"geometry":{"coordinates":[[[[104.85296,8.42049],[104.85573,8.42036],[104.8525,8.41558],[104.84738,8.41399],[104.84707,8.41998],[104.85017,8.42239],[104.85296,8.42049]]],[[[104.83967,8.43995],[104.83513,8.43816],[104.83737,8.42779],[104.83134,8.42407],[104.82235,8.42249],[104.81726,8.42781],[104.83007,8.43993],[104.83033,8.44412],[104.83933,8.45398],[104.84353,8.44714],[104.83967,8.43995]]],[[[104.70551,8.6302],[104.70254,8.63033],[104.70068,8.62578],[104.70479,8.61382],[104.70373,8.60873],[104.70462,8.60688],[104.70737,8.60279],[104.70821,8.60052],[104.70808,8.60002],[104.7071,8.59874],[104.7058,8.59849],[104.69463,8.60952],[104.6923,8.6148],[104.68999,8.61996],[104.68809,8.62611],[104.68743,8.63102],[104.68732,8.63386],[104.68782,8.63622],[104.69643,8.64607],[104.69847,8.6465],[104.70151,8.64666],[104.70218,8.64657],[104.70551,8.6302]]],[[[104.52683,8.94387],[104.52053,8.94973],[104.52348,8.95769],[104.52683,8.94387]]],[[[104.94406,9.53341],[104.96097,9.55646],[104.97606,9.54425],[104.98964,9.54056],[104.9977,9.54791],[105.00147,9.55944],[105.14882,9.47054],[105.2576,9.40112],[105.27299,9.39589],[105.27611,9.39977],[105.29297,9.38918],[105.2945,9.39145],[105.29504,9.39224],[105.29925,9.39144],[105.31755,9.38425],[105.30706,9.41555],[105.2935,9.43365],[105.28852,9.45776],[105.29767,9.50735],[105.30041,9.508],[105.30577,9.50761],[105.30721,9.50769],[105.31803,9.51348],[105.3286,9.52902],[105.32156,9.54222],[105.32218,9.55971],[105.30604,9.5582],[105.30894,9.57312],[105.29226,9.5884],[105.28959,9.59347],[105.28918,9.5945],[105.28792,9.5977],[105.28462,9.62017],[105.28887,9.63435],[105.29355,9.63763],[105.2957,9.63152],[105.30178,9.62959],[105.30264,9.6187],[105.30863,9.60943],[105.32899,9.60572],[105.34045,9.61342],[105.34555,9.60169],[105.34739,9.59909],[105.35126,9.59598],[105.36468,9.59368],[105.37064,9.59817],[105.37782,9.58657],[105.38798,9.59117],[105.3896,9.59119],[105.39138,9.58988],[105.39284,9.59045],[105.39961,9.59873],[105.4011,9.59898],[105.40587,9.59861],[105.40832,9.59857],[105.41339,9.60249],[105.41618,9.60105],[105.41614,9.59375],[105.42764,9.59631],[105.42841,9.60167],[105.43926,9.5955],[105.44543,9.59728],[105.44727,9.58783],[105.47249,9.59433],[105.48423,9.58651],[105.49268,9.59203],[105.50164,9.59235],[105.50553,9.5861],[105.51023,9.58497],[105.51049,9.58505],[105.51416,9.58627],[105.51668,9.58793],[105.52318,9.59564],[105.53145,9.59599],[105.54155,9.58652],[105.54445,9.58743],[105.54491,9.5865],[105.55293,9.57027],[105.55363,9.55433],[105.54774,9.51741],[105.54216,9.45459],[105.55337,9.44223],[105.55644,9.43884],[105.57959,9.413],[105.58585,9.4243],[105.59049,9.42224],[105.59294,9.42083],[105.59876,9.42382],[105.60093,9.41758],[105.61434,9.40768],[105.61692,9.41472],[105.62629,9.42024],[105.6304,9.41212],[105.6343,9.41088],[105.63546,9.41028],[105.6384,9.40613],[105.63863,9.40577],[105.64027,9.40302],[105.63491,9.39727],[105.64665,9.3954],[105.64819,9.39334],[105.64803,9.38847],[105.65211,9.38692],[105.67136,9.39178],[105.67666,9.38479],[105.68074,9.38539],[105.68358,9.37929],[105.69228,9.38068],[105.70009,9.37847],[105.70356,9.37883],[105.70626,9.39556],[105.70376,9.39741],[105.70814,9.39879],[105.71435,9.39233],[105.72135,9.39159],[105.72583,9.396],[105.73481,9.39645],[105.73537,9.40245],[105.74147,9.40186],[105.74907,9.41203],[105.76992,9.41227],[105.77637,9.40305],[105.78244,9.40395],[105.78355,9.40151],[105.7746,9.39478],[105.78372,9.38374],[105.78848,9.38488],[105.79143,9.37841],[105.80361,9.37656],[105.8133,9.37123],[105.81618,9.37355],[105.81181,9.37758],[105.81848,9.38239],[105.81916,9.3948],[105.82703,9.39135],[105.83147,9.39305],[105.83319,9.3995],[105.82939,9.402],[105.84023,9.4055],[105.84642,9.39794],[105.84698,9.39022],[105.85511,9.38534],[105.85126,9.38014],[105.85858,9.364],[105.85809,9.36269],[105.85716,9.36079],[105.85317,9.36105],[105.84695,9.35586],[105.81037,9.3404],[105.8241,9.27771],[105.81711,9.27456],[105.82578,9.24648],[105.75174,9.21272],[105.75041,9.20779],[105.60795,9.15355],[105.59704,9.1446],[105.56737,9.13486],[105.56746,9.13247],[105.53981,9.12288],[105.50984,9.10728],[105.50607,9.10166],[105.47575,9.08334],[105.42131,9.02153],[105.41666,9.02257],[105.4146,9.02921],[105.41061,9.01759],[105.40207,9.01303],[105.40414,9.01016],[105.39128,8.99681],[105.39269,8.99415],[105.38211,8.96959],[105.38384,8.9584],[105.37805,8.94258],[105.37226,8.93699],[105.35408,8.89171],[105.32578,8.83938],[105.31537,8.82988],[105.30399,8.82444],[105.30402,8.82028],[105.29804,8.81692],[105.29628,8.80841],[105.28762,8.8028],[105.26662,8.77757],[105.24143,8.76565],[105.20315,8.75727],[105.17668,8.7429],[105.16412,8.72189],[105.15926,8.72084],[105.15544,8.71402],[105.13437,8.69561],[105.12829,8.68153],[105.12146,8.67442],[105.12512,8.66239],[105.10464,8.6414],[105.06987,8.62898],[105.04997,8.62509],[105.0,8.60225],[104.98103,8.60563],[104.96931,8.60117],[104.9525,8.58947],[104.91248,8.58398],[104.87281,8.57334],[104.85326,8.57269],[104.82882,8.5637],[104.81186,8.56894],[104.80479,8.57331],[104.80226,8.57949],[104.74434,8.59509],[104.72061,8.60425],[104.71572,8.60882],[104.71062,8.63536],[104.71513,8.64963],[104.72801,8.65634],[104.73417,8.65663],[104.73696,8.65635],[104.73917,8.65568],[104.7513,8.64726],[104.77111,8.65005],[104.77888,8.6464],[104.77953,8.65277],[104.7945,8.65874],[104.78656,8.66197],[104.7862,8.66857],[104.79225,8.6739],[104.78381,8.68322],[104.78045,8.69575],[104.79021,8.71934],[104.79136,8.72056],[104.79418,8.72357],[104.79619,8.72551],[104.79742,8.72602],[104.7993,8.72595],[104.80188,8.7247],[104.81187,8.73353],[104.81848,8.73048],[104.81537,8.74452],[104.8155,8.7458],[104.81627,8.74665],[104.81807,8.74759],[104.81009,8.77291],[104.8078,8.77367],[104.80474,8.77522],[104.80284,8.77654],[104.78614,8.79612],[104.78008,8.80759],[104.77947,8.81072],[104.77931,8.81406],[104.77911,8.81957],[104.78348,8.84524],[104.79262,8.86596],[104.78984,8.87254],[104.79785,8.89943],[104.80154,8.92572],[104.80424,8.98093],[104.80175,9.01372],[104.81071,9.13037],[104.8068,9.1778],[104.82047,9.25085],[104.8337,9.53362],[104.84412,9.53032],[104.85433,9.51715],[104.87946,9.4951],[104.91453,9.56228],[104.94406,9.53341]]]],"type":"MultiPolygon"},"id":"tinh34.17","properties":{"matinh":"34","name":"Cà Mau","atlasId":34},"type":"Feature"},{"geometry":{"coordinates":[[[[105.51618,22.63647],[105.52888,22.63407],[105.52894,22.63407],[105.52749,22.62789],[105.52746,22.62149],[105.52746,22.62136],[105.53253,22.61589],[105.53522,22.61262],[105.54275,22.60337],[105.54774,22.5852],[105.55483,22.57435],[105.55911,22.57],[105.56268,22.56499],[105.56661,22.56298],[105.57814,22.55903],[105.58049,22.55723],[105.58198,22.55517],[105.58501,22.54992],[105.59302,22.53557],[105.59403,22.52124],[105.59395,22.50226],[105.59391,22.49359],[105.59174,22.48894],[105.58599,22.48496],[105.5709,22.47436],[105.56406,22.46572],[105.55613,22.45176],[105.55143,22.43978],[105.54995,22.42913],[105.54992,22.4218],[105.55062,22.41813],[105.55455,22.41379],[105.55954,22.40944],[105.55953,22.40744],[105.55917,22.40511],[105.55701,22.40279],[105.55307,22.4028],[105.54485,22.40583],[105.53603,22.40804],[105.52659,22.40689],[105.52161,22.40363],[105.51977,22.40258],[105.51688,22.39526],[105.51217,22.37928],[105.51396,22.36395],[105.51399,22.36269],[105.51342,22.35805],[105.51135,22.35131],[105.50812,22.34799],[105.50131,22.34501],[105.49772,22.34269],[105.49442,22.32038],[105.48669,22.31846],[105.48511,22.31807],[105.48009,22.31442],[105.47829,22.31177],[105.48681,22.2941],[105.46067,22.28417],[105.4603,22.28184],[105.46066,22.28017],[105.46244,22.2785],[105.46744,22.27649],[105.46815,22.27382],[105.46563,22.2705],[105.46312,22.26717],[105.45918,22.26652],[105.45596,22.26653],[105.44881,22.26655],[105.44297,22.26417],[105.43716,22.26227],[105.4348,22.25901],[105.43717,22.23285],[105.4296,22.21371],[105.4337,22.20854],[105.44207,22.19952],[105.45045,22.19117],[105.45598,22.18832],[105.45901,22.18598],[105.45949,22.17282],[105.46551,22.16499],[105.46862,22.16298],[105.47584,22.16405],[105.48908,22.15984],[105.49083,22.15747],[105.49061,22.15256],[105.48632,22.15021],[105.4787,22.14442],[105.47283,22.1379],[105.4728,22.13099],[105.47221,22.12936],[105.47026,22.12737],[105.46576,22.12302],[105.46106,22.1154],[105.4622,22.10813],[105.46492,22.10504],[105.47037,22.10212],[105.47133,22.09811],[105.46941,22.09456],[105.46681,22.08627],[105.465,22.07895],[105.46464,22.07595],[105.4664,22.06995],[105.47839,22.05649],[105.47956,22.0554],[105.48608,22.04805],[105.48773,22.03991],[105.49018,22.02558],[105.49372,22.01624],[105.49763,22.01223],[105.50244,22.0071],[105.50361,22.00564],[105.50689,21.99324],[105.52421,21.98175],[105.52871,21.975],[105.53339,21.96994],[105.54223,21.96504],[105.55306,21.95928],[105.55452,21.95916],[105.55126,21.95403],[105.54913,21.94835],[105.54866,21.93726],[105.54873,21.92607],[105.55038,21.92107],[105.55147,21.91645],[105.55164,21.91388],[105.5496,21.90994],[105.54462,21.90602],[105.54424,21.90414],[105.5444,21.89882],[105.54347,21.89626],[105.54144,21.89352],[105.53683,21.89131],[105.52541,21.88963],[105.52006,21.88708],[105.51802,21.88263],[105.52691,21.84629],[105.52577,21.83858],[105.52392,21.83396],[105.52041,21.83123],[105.51544,21.83073],[105.51232,21.83194],[105.50809,21.83435],[105.50257,21.83437],[105.49778,21.83318],[105.4941,21.83165],[105.49261,21.82806],[105.49488,21.79225],[105.4919,21.78095],[105.49244,21.7782],[105.49436,21.77397],[105.50025,21.77173],[105.50407,21.77237],[105.5114,21.77394],[105.51716,21.77296],[105.52102,21.77121],[105.52201,21.76869],[105.50762,21.74783],[105.51383,21.74113],[105.51474,21.73873],[105.50994,21.73344],[105.50332,21.73123],[105.49981,21.72764],[105.49851,21.72353],[105.49776,21.71925],[105.49406,21.71412],[105.49037,21.70985],[105.48781,21.70528],[105.48227,21.70303],[105.47983,21.70097],[105.47871,21.69912],[105.47915,21.69788],[105.48047,21.69519],[105.48469,21.69086],[105.48386,21.67151],[105.50201,21.61636],[105.51899,21.59335],[105.54088,21.57604],[105.53657,21.56879],[105.53129,21.56116],[105.52569,21.55353],[105.52402,21.54528],[105.52039,21.53856],[105.51558,21.53521],[105.51513,21.5349],[105.50858,21.53523],[105.50365,21.5331],[105.48296,21.52062],[105.4787,21.52125],[105.47378,21.52218],[105.46689,21.52006],[105.4564,21.51917],[105.45278,21.5152],[105.45193,21.51442],[105.44817,21.51093],[105.43899,21.50943],[105.43112,21.50792],[105.42521,21.50334],[105.42193,21.50274],[105.41996,21.50427],[105.41604,21.50857],[105.4072,21.51348],[105.4,21.51442],[105.39179,21.5126],[105.38721,21.51506],[105.38165,21.5215],[105.37478,21.52518],[105.37319,21.52536],[105.36921,21.52581],[105.36166,21.52368],[105.35608,21.51972],[105.35116,21.51912],[105.34329,21.51852],[105.33507,21.50538],[105.32417,21.50767],[105.31791,21.51393],[105.29913,21.51038],[105.29569,21.51577],[105.29327,21.52091],[105.29547,21.53274],[105.2949,21.53569],[105.29218,21.53866],[105.26876,21.54401],[105.26604,21.54592],[105.2649,21.54741],[105.27106,21.55546],[105.2722,21.55822],[105.2722,21.56034],[105.27155,21.56301],[105.25713,21.57271],[105.25317,21.57738],[105.24807,21.58372],[105.24299,21.59808],[105.24839,21.60314],[105.24964,21.60662],[105.24891,21.61173],[105.24667,21.61545],[105.24344,21.61777],[105.23697,21.61871],[105.23274,21.61895],[105.22951,21.62057],[105.22454,21.62685],[105.22284,21.63127],[105.224,21.63214],[105.22546,21.63254],[105.22911,21.63551],[105.23184,21.63932],[105.2339,21.64378],[105.23482,21.64802],[105.23528,21.6529],[105.23324,21.65842],[105.23294,21.65985],[105.19833,21.66572],[105.19422,21.66989],[105.19113,21.67485],[105.17071,21.68864],[105.16556,21.68929],[105.16212,21.68849],[105.15954,21.68625],[105.15696,21.68369],[105.15456,21.68353],[105.14745,21.69972],[105.13002,21.69973],[105.10986,21.70717],[105.10488,21.71135],[105.09891,21.71808],[105.09144,21.72064],[105.08632,21.71884],[105.08483,21.71822],[105.08102,21.72474],[105.0742,21.72458],[105.07421,21.73628],[105.05645,21.74572],[105.05677,21.7476],[105.05747,21.74894],[105.05836,21.74985],[105.06075,21.75022],[105.0634,21.75059],[105.0659,21.75164],[105.06886,21.75463],[105.0733,21.76153],[105.07701,21.76635],[105.07849,21.77003],[105.07356,21.78199],[105.08592,21.80658],[105.09925,21.81347],[105.08593,21.83026],[105.08223,21.83072],[105.07778,21.83141],[105.07482,21.83279],[105.06199,21.84659],[105.05952,21.85165],[105.05779,21.85671],[105.0542,21.85963],[105.04722,21.86268],[105.04333,21.86574],[105.03985,21.88674],[105.03657,21.89056],[105.01215,21.89935],[105.02016,21.92073],[105.01646,21.93544],[105.01359,21.93696],[105.01133,21.93735],[105.00887,21.93735],[104.99215,21.93114],[104.98838,21.93353],[104.98506,21.93804],[104.98506,21.94128],[104.98702,21.94677],[104.99109,21.95706],[104.99139,21.96326],[104.99079,21.97114],[104.992,21.97692],[104.99637,21.98495],[104.99667,21.99045],[104.99562,21.99354],[104.99139,21.99439],[104.98868,21.99495],[104.98835,22.00001],[104.98837,22.00063],[104.98848,22.00474],[104.98961,22.00916],[104.99255,22.01264],[104.99379,22.01527],[104.99232,22.01738],[104.99097,22.02043],[104.99243,22.03644],[104.99356,22.03907],[104.99627,22.04128],[104.9965,22.0436],[104.99401,22.04571],[104.99142,22.04645],[104.98284,22.04465],[104.9729,22.04171],[104.96229,22.0297],[104.96004,22.03128],[104.95687,22.03412],[104.95303,22.03643],[104.94976,22.03643],[104.94491,22.03759],[104.94174,22.04138],[104.9396,22.0438],[104.93914,22.04675],[104.94005,22.05149],[104.93892,22.05412],[104.93507,22.05781],[104.92807,22.06212],[104.91701,22.06075],[104.91373,22.0619],[104.91,22.06496],[104.90763,22.06548],[104.90368,22.06474],[104.9012,22.0658],[104.89736,22.06937],[104.89329,22.07221],[104.89001,22.07305],[104.88538,22.07274],[104.88121,22.07294],[104.87748,22.07578],[104.86311,22.09778],[104.85968,22.14886],[104.85515,22.15275],[104.85221,22.15812],[104.85299,22.16402],[104.85434,22.16855],[104.84577,22.18649],[104.84495,22.18592],[104.8384,22.18233],[104.83298,22.18032],[104.8167,22.18304],[104.81467,22.17893],[104.8114,22.17461],[104.80767,22.17261],[104.78202,22.17415],[104.77931,22.17183],[104.77683,22.16899],[104.77254,22.16761],[104.76643,22.16887],[104.76044,22.17128],[104.7575,22.17254],[104.75558,22.17433],[104.75387,22.18128],[104.75341,22.18401],[104.73928,22.18862],[104.73758,22.19115],[104.73622,22.1942],[104.73113,22.19735],[104.72626,22.19903],[104.72388,22.20187],[104.72263,22.20566],[104.7198,22.20987],[104.71934,22.21387],[104.72024,22.2164],[104.72305,22.22072],[104.72553,22.22483],[104.72711,22.22852],[104.7272,22.23873],[104.71744,22.26062],[104.69911,22.26459],[104.69357,22.26374],[104.68622,22.26299],[104.68012,22.26287],[104.6765,22.26466],[104.67389,22.26781],[104.67071,22.27391],[104.66968,22.27602],[104.66787,22.27664],[104.66369,22.27474],[104.65917,22.27452],[104.656,22.27557],[104.65125,22.27903],[104.64502,22.28123],[104.64299,22.27922],[104.63971,22.27879],[104.63733,22.27995],[104.63348,22.28289],[104.62533,22.28792],[104.61854,22.28864],[104.61231,22.29053],[104.60925,22.2921],[104.60541,22.29135],[104.60124,22.28818],[104.58524,22.26729],[104.58457,22.26265],[104.58437,22.25634],[104.58426,22.25337],[104.55524,22.24246],[104.54958,22.24297],[104.54664,22.24454],[104.54337,22.27813],[104.54799,22.28246],[104.55296,22.28374],[104.55782,22.28586],[104.5771,22.30476],[104.57753,22.31055],[104.57627,22.31561],[104.56991,22.32528],[104.56514,22.33074],[104.56389,22.33253],[104.5789,22.34552],[104.57923,22.34889],[104.57684,22.35205],[104.5731,22.3553],[104.54797,22.35776],[104.54536,22.36039],[104.54479,22.36281],[104.54625,22.36565],[104.54997,22.36945],[104.55155,22.37167],[104.54949,22.37788],[104.54722,22.38166],[104.54336,22.38344],[104.53419,22.38658],[104.5292,22.38877],[104.50469,22.40555],[104.49926,22.40606],[104.49586,22.40584],[104.49439,22.40678],[104.48562,22.42118],[104.46478,22.42617],[104.44804,22.45065],[104.44712,22.45454],[104.4471,22.45854],[104.47146,22.484],[104.47168,22.48558],[104.47168,22.48738],[104.44898,22.49994],[104.44022,22.50801],[104.4384,22.5099],[104.43554,22.51737],[104.43258,22.52168],[104.42701,22.52461],[104.42123,22.52574],[104.41669,22.52752],[104.41453,22.5293],[104.41282,22.53203],[104.42102,22.54891],[104.41985,22.55817],[104.42095,22.56534],[104.42195,22.57061],[104.42443,22.57451],[104.42873,22.57663],[104.43609,22.57729],[104.44368,22.57711],[104.4548,22.57388],[104.46183,22.57338],[104.46408,22.57686],[104.46189,22.58728],[104.4606,22.59686],[104.45819,22.60601],[104.44907,22.60577],[104.44382,22.6046],[104.43877,22.6097],[104.43194,22.61266],[104.43439,22.64234],[104.41424,22.63111],[104.41464,22.6431],[104.40868,22.65251],[104.40777,22.65525],[104.40587,22.66115],[104.40222,22.68064],[104.35744,22.67482],[104.35279,22.67649],[104.34414,22.68214],[104.33572,22.68853],[104.33434,22.69168],[104.33477,22.696],[104.33813,22.70497],[104.34146,22.71454],[104.34709,22.70059],[104.35046,22.69509],[104.35286,22.69394],[104.36099,22.69388],[104.36276,22.69321],[104.36528,22.6907],[104.36789,22.68965],[104.37195,22.69092],[104.37641,22.69578],[104.3845,22.70491],[104.38939,22.70579],[104.39649,22.70253],[104.40403,22.7194],[104.40713,22.72531],[104.42167,22.73853],[104.47017,22.76143],[104.49719,22.78659],[104.51489,22.79758],[104.52545,22.81861],[104.54866,22.83503],[104.54887,22.83619],[104.54657,22.83763],[104.54375,22.83879],[104.54624,22.84141],[104.55281,22.84404],[104.56156,22.84764],[104.57136,22.85144],[104.58912,22.85316],[104.59524,22.84707],[104.60106,22.83415],[104.59651,22.82366],[104.59831,22.81899],[104.6056,22.81996],[104.60824,22.8195],[104.60927,22.81879],[104.61117,22.81729],[104.61235,22.81818],[104.61579,22.82132],[104.61748,22.82335],[104.61902,22.8259],[104.61964,22.83113],[104.618,22.8372],[104.61736,22.8406],[104.6175,22.84249],[104.61897,22.84484],[104.62178,22.84766],[104.62524,22.84036],[104.62712,22.83823],[104.65186,22.83548],[104.65771,22.8323],[104.66116,22.82931],[104.66524,22.82612],[104.66549,22.8257],[104.66796,22.82158],[104.66984,22.81955],[104.69799,22.82745],[104.72273,22.82149],[104.7267,22.82237],[104.73055,22.8245],[104.7319,22.82683],[104.73273,22.83022],[104.73032,22.83834],[104.72905,22.84424],[104.72341,22.84975],[104.7234,22.85227],[104.72767,22.85547],[104.73163,22.85838],[104.73487,22.85935],[104.74029,22.85936],[104.74247,22.8591],[104.75146,22.85802],[104.75386,22.85996],[104.77132,22.90189],[104.77622,22.90596],[104.79219,22.90947],[104.81389,22.92285],[104.8191,22.92411],[104.82464,22.92537],[104.82756,22.92557],[104.83059,22.9249],[104.83466,22.92355],[104.83665,22.92355],[104.8379,22.925],[104.83883,22.92897],[104.86314,22.95377],[104.86366,22.95667],[104.86355,22.96161],[104.85779,22.97796],[104.84786,22.97949],[104.84274,22.98346],[104.84075,22.985],[104.83814,22.985],[104.83511,22.98325],[104.83229,22.98345],[104.83083,22.98528],[104.82597,23.02408],[104.82,23.03395],[104.81822,23.03781],[104.81883,23.05136],[104.81883,23.05446],[104.81778,23.05639],[104.81391,23.05745],[104.81203,23.05919],[104.81201,23.07294],[104.81513,23.08068],[104.81356,23.08126],[104.81001,23.08135],[104.80823,23.08125],[104.8053,23.08309],[104.80446,23.08463],[104.80025,23.11691],[104.80148,23.11786],[104.80279,23.11823],[104.81814,23.11888],[104.81877,23.11853],[104.81917,23.11753],[104.82063,23.11126],[104.82199,23.11088],[104.82408,23.11098],[104.82659,23.11582],[104.83799,23.11606],[104.85478,23.12825],[104.86184,23.12478],[104.86312,23.12483],[104.87237,23.12624],[104.87403,23.12692],[104.87505,23.12776],[104.87644,23.12933],[104.87602,23.13861],[104.87989,23.14325],[104.88064,23.1677],[104.90433,23.18091],[104.90893,23.18005],[104.91448,23.17744],[104.91616,23.17473],[104.91459,23.17066],[104.91993,23.16786],[104.92369,23.16496],[104.92443,23.16322],[104.92453,23.16157],[104.92568,23.15867],[104.94606,23.15221],[104.94778,23.15566],[104.94817,23.15719],[104.94884,23.16372],[104.94534,23.16855],[104.94534,23.17136],[104.94633,23.17168],[104.94823,23.17285],[104.95413,23.18074],[104.95486,23.18403],[104.95584,23.19284],[104.95937,23.19847],[104.96096,23.19987],[104.9682,23.20322],[104.97495,23.20565],[104.9776,23.20614],[104.98563,23.20231],[104.98724,23.20239],[104.99492,23.20436],[105.00026,23.21752],[105.02307,23.22062],[105.03417,23.23339],[105.03762,23.23416],[105.03992,23.23522],[105.04976,23.24877],[105.07793,23.26714],[105.09572,23.26084],[105.09959,23.25813],[105.09864,23.24884],[105.10073,23.24778],[105.10513,23.2469],[105.10795,23.2471],[105.15319,23.26728],[105.17091,23.2903],[105.17688,23.28913],[105.17907,23.28632],[105.18074,23.28051],[105.18053,23.27886],[105.1933,23.28166],[105.20156,23.27216],[105.20825,23.26925],[105.21674,23.27117],[105.21904,23.27127],[105.22134,23.2702],[105.22395,23.26778],[105.22395,23.26565],[105.22447,23.26274],[105.22583,23.26187],[105.22876,23.26197],[105.23295,23.2638],[105.23557,23.2667],[105.23641,23.27105],[105.23675,23.28189],[105.23361,23.28383],[105.23247,23.28731],[105.23278,23.28963],[105.23655,23.29108],[105.24169,23.29262],[105.24368,23.29339],[105.24567,23.2962],[105.24941,23.30184],[105.24852,23.30809],[105.2479,23.31042],[105.24989,23.31215],[105.25251,23.31283],[105.25419,23.31321],[105.25555,23.31534],[105.25618,23.31776],[105.25619,23.32037],[105.25389,23.32531],[105.25275,23.32754],[105.25128,23.32986],[105.24927,23.33083],[105.24825,23.33132],[105.24784,23.33432],[105.24952,23.33731],[105.25225,23.33992],[105.25455,23.34185],[105.25843,23.34388],[105.27173,23.34086],[105.28168,23.34297],[105.28643,23.35999],[105.28969,23.3624],[105.29283,23.36443],[105.29524,23.36617],[105.29903,23.37216],[105.3046,23.38047],[105.32226,23.39331],[105.32861,23.3844],[105.34814,23.36758],[105.34964,23.34635],[105.36827,23.32069],[105.37985,23.31247],[105.3845,23.317],[105.38451,23.31701],[105.40183,23.2951],[105.40955,23.28889],[105.41437,23.28694],[105.41897,23.28596],[105.42233,23.28808],[105.42673,23.29174],[105.42674,23.29368],[105.42487,23.29813],[105.42572,23.30142],[105.42719,23.30374],[105.43028,23.30378],[105.43648,23.30183],[105.43961,23.30066],[105.44709,23.28152],[105.45917,23.2708],[105.48584,23.2353],[105.48803,23.2352],[105.48919,23.2351],[105.48987,23.22145],[105.49206,23.21932],[105.49351,23.21689],[105.49538,23.21273],[105.496,23.2105],[105.49568,23.20798],[105.49577,23.20527],[105.51405,23.19757],[105.51666,23.19514],[105.51968,23.193],[105.52229,23.19058],[105.54103,23.19371],[105.55011,23.18922],[105.55715,23.17178],[105.57279,23.16031],[105.5712,23.15509],[105.57046,23.15267],[105.56941,23.15045],[105.56573,23.14717],[105.5629,23.14496],[105.56216,23.14428],[105.5638,23.13518],[105.55813,23.12939],[105.55812,23.12756],[105.56249,23.1227],[105.56301,23.12164],[105.56135,23.11954],[105.55741,23.11952],[105.55209,23.11427],[105.54481,23.11048],[105.53696,23.11105],[105.53295,23.1115],[105.52903,23.11213],[105.51658,23.07774],[105.51462,23.0736],[105.49383,23.03515],[105.48742,23.01015],[105.42261,23.00162],[105.36648,22.98744],[105.36054,22.98295],[105.35966,22.97939],[105.35877,22.97294],[105.36088,22.94323],[105.35053,22.93601],[105.33363,22.93221],[105.31648,22.91617],[105.30629,22.91365],[105.30333,22.90493],[105.30215,22.8764],[105.26731,22.88096],[105.26587,22.88029],[105.26551,22.8771],[105.26484,22.86849],[105.26876,22.86557],[105.27717,22.85847],[105.2862,22.85805],[105.29323,22.85718],[105.30126,22.85498],[105.30889,22.85061],[105.31166,22.84934],[105.31591,22.84756],[105.34736,22.81993],[105.3531,22.81792],[105.36315,22.81623],[105.37858,22.81186],[105.3936,22.79913],[105.40904,22.79047],[105.42659,22.7791],[105.43806,22.77341],[105.44558,22.76772],[105.4523,22.75994],[105.45506,22.75803],[105.46637,22.75387],[105.46913,22.75208],[105.47395,22.7449],[105.47464,22.73624],[105.47323,22.73027],[105.47417,22.71976],[105.47836,22.71433],[105.48792,22.70964],[105.494,22.70562],[105.49722,22.70295],[105.49774,22.69945],[105.49755,22.69628],[105.49447,22.69063],[105.4898,22.68448],[105.48493,22.6775],[105.48492,22.6755],[105.48563,22.67317],[105.49761,22.65525],[105.50322,22.64962],[105.50799,22.64443],[105.51618,22.63647]]]],"type":"MultiPolygon"},"id":"tinh34.32","properties":{"matinh":"8","name":"Tuyên Quang","atlasId":3},"type":"Feature"},{"geometry":{"coordinates":[[[[104.33813,22.70497],[104.33477,22.696],[104.33434,22.69168],[104.33572,22.68853],[104.34414,22.68214],[104.35279,22.67649],[104.35744,22.67482],[104.36663,22.67455],[104.3783,22.67764],[104.3885,22.68003],[104.40222,22.68064],[104.40643,22.65761],[104.40847,22.65391],[104.41169,22.64814],[104.41363,22.64378],[104.41424,22.63111],[104.43437,22.64139],[104.43194,22.61266],[104.43872,22.60999],[104.44208,22.60679],[104.44742,22.60521],[104.45819,22.60601],[104.4606,22.59686],[104.46189,22.58728],[104.46408,22.57686],[104.46183,22.57338],[104.4548,22.57388],[104.44368,22.57711],[104.43609,22.57729],[104.42873,22.57663],[104.42443,22.57451],[104.42195,22.57061],[104.42095,22.56534],[104.41985,22.55817],[104.42102,22.54891],[104.41282,22.53361],[104.41282,22.53203],[104.41453,22.5293],[104.41669,22.52752],[104.42123,22.52574],[104.42701,22.52461],[104.43258,22.52168],[104.43554,22.51737],[104.4384,22.5099],[104.44022,22.50801],[104.44898,22.49994],[104.47168,22.48738],[104.47168,22.48558],[104.47146,22.484],[104.44788,22.46128],[104.4471,22.45854],[104.44712,22.45454],[104.44804,22.45065],[104.45134,22.44508],[104.46478,22.42617],[104.48562,22.42118],[104.49439,22.40678],[104.49586,22.40584],[104.49926,22.40606],[104.50469,22.40555],[104.5292,22.38877],[104.53419,22.38658],[104.54336,22.38344],[104.54722,22.38166],[104.54949,22.37788],[104.55155,22.37167],[104.54997,22.36945],[104.54625,22.36565],[104.54479,22.36281],[104.54536,22.36039],[104.54797,22.35776],[104.5731,22.3553],[104.57684,22.35205],[104.57923,22.34889],[104.5789,22.34552],[104.56389,22.33253],[104.56514,22.33074],[104.56991,22.32528],[104.57627,22.31561],[104.57753,22.31055],[104.5771,22.30476],[104.55782,22.28586],[104.55296,22.28374],[104.54799,22.28246],[104.54337,22.27813],[104.54664,22.24454],[104.54958,22.24297],[104.55524,22.24246],[104.58426,22.25337],[104.58437,22.25634],[104.58457,22.26265],[104.58524,22.26729],[104.60124,22.28818],[104.60541,22.29135],[104.60925,22.2921],[104.61231,22.29053],[104.61854,22.28864],[104.62533,22.28792],[104.63348,22.28289],[104.63733,22.27995],[104.63971,22.27879],[104.64299,22.27922],[104.64502,22.28123],[104.65125,22.27903],[104.656,22.27557],[104.65917,22.27452],[104.66369,22.27474],[104.66787,22.27664],[104.66968,22.27602],[104.67071,22.27391],[104.67389,22.26781],[104.6765,22.26466],[104.68012,22.26287],[104.68622,22.26299],[104.69357,22.26374],[104.69911,22.26459],[104.71744,22.26062],[104.7272,22.23873],[104.72711,22.22852],[104.72553,22.22483],[104.72305,22.22072],[104.72024,22.2164],[104.71934,22.21387],[104.7198,22.20987],[104.72263,22.20566],[104.72388,22.20187],[104.72626,22.19903],[104.73113,22.19735],[104.73622,22.1942],[104.73758,22.19115],[104.73928,22.18862],[104.75341,22.18401],[104.75387,22.18128],[104.75558,22.17433],[104.7575,22.17254],[104.76044,22.17128],[104.76643,22.16887],[104.77254,22.16761],[104.77683,22.16899],[104.77931,22.17183],[104.78202,22.17415],[104.80767,22.17261],[104.8114,22.17461],[104.81467,22.17893],[104.8167,22.18304],[104.83298,22.18032],[104.8384,22.18233],[104.84495,22.18592],[104.84577,22.18649],[104.85434,22.16855],[104.85299,22.16402],[104.85221,22.15812],[104.85515,22.15275],[104.85968,22.14886],[104.86311,22.09778],[104.87748,22.07578],[104.88121,22.07294],[104.88538,22.07274],[104.89001,22.07305],[104.89329,22.07221],[104.89736,22.06937],[104.9012,22.0658],[104.90368,22.06474],[104.90763,22.06548],[104.91,22.06496],[104.91373,22.0619],[104.91701,22.06075],[104.92807,22.06212],[104.93507,22.05781],[104.93892,22.05412],[104.94005,22.05149],[104.93914,22.04675],[104.9396,22.0438],[104.94174,22.04138],[104.94491,22.03759],[104.94976,22.03643],[104.95303,22.03643],[104.95687,22.03412],[104.96004,22.03128],[104.96229,22.0297],[104.9729,22.04171],[104.98284,22.04465],[104.99142,22.04645],[104.99401,22.04571],[104.9965,22.0436],[104.99627,22.04128],[104.99356,22.03907],[104.99243,22.03644],[104.99097,22.02043],[104.99232,22.01738],[104.99379,22.01527],[104.99255,22.01264],[104.98961,22.00916],[104.98848,22.00474],[104.98837,22.00063],[104.98835,22.00001],[104.98868,21.99495],[104.99139,21.99439],[104.99562,21.99354],[104.99667,21.99045],[104.99637,21.98495],[104.992,21.97692],[104.99079,21.97114],[104.99139,21.96326],[104.99109,21.95706],[104.98702,21.94677],[104.98506,21.94128],[104.98506,21.93804],[104.98838,21.93353],[104.99215,21.93114],[105.00887,21.93735],[105.01133,21.93735],[105.01359,21.93696],[105.01646,21.93544],[105.02016,21.92073],[105.01215,21.89935],[105.03657,21.89056],[105.03985,21.88674],[105.04333,21.86574],[105.04722,21.86268],[105.0542,21.85963],[105.05779,21.85671],[105.05952,21.85165],[105.06199,21.84659],[105.07482,21.83279],[105.07778,21.83141],[105.08223,21.83072],[105.08593,21.83026],[105.09925,21.81347],[105.08592,21.80658],[105.07356,21.78199],[105.07849,21.77003],[105.07701,21.76635],[105.0733,21.76153],[105.06886,21.75463],[105.0659,21.75164],[105.0634,21.75059],[105.06075,21.75022],[105.05836,21.74985],[105.05747,21.74894],[105.05677,21.7476],[105.05645,21.74572],[105.07421,21.73628],[105.0742,21.72458],[105.08102,21.72474],[105.08872,21.71475],[105.08972,21.71257],[105.08955,21.71085],[105.08637,21.70898],[105.08469,21.70586],[105.08452,21.7043],[105.0949,21.69899],[105.09523,21.69618],[105.09707,21.6915],[105.0979,21.68839],[105.09723,21.68433],[105.09639,21.68153],[105.07386,21.68366],[105.06749,21.68613],[105.06298,21.68898],[105.06139,21.69046],[105.05116,21.6896],[105.03285,21.70086],[105.03139,21.70087],[105.029,21.70025],[105.01838,21.68924],[105.01426,21.68899],[105.00669,21.6901],[105.0,21.69193],[104.99668,21.68039],[104.97764,21.67378],[104.98414,21.66456],[104.98145,21.66194],[104.97551,21.65932],[104.97193,21.6565],[104.97115,21.65325],[104.97092,21.64853],[104.96891,21.6478],[104.96532,21.64968],[104.95894,21.65639],[104.95513,21.66079],[104.953,21.66215],[104.95121,21.66058],[104.94875,21.65775],[104.9446,21.65575],[104.93614,21.65291],[104.93123,21.64272],[104.90706,21.63444],[104.90236,21.62789],[104.90491,21.6105],[104.88646,21.61252],[104.89692,21.57703],[104.89807,21.57429],[104.90099,21.57156],[104.90036,21.56977],[104.89349,21.56357],[104.88943,21.56036],[104.87912,21.55797],[104.87251,21.55701],[104.86844,21.55498],[104.86616,21.54664],[104.88195,21.52605],[104.88375,21.49961],[104.89126,21.4833],[104.89432,21.47401],[104.89929,21.46449],[104.90858,21.45092],[104.90998,21.44687],[104.91087,21.43913],[104.90999,21.43567],[104.90732,21.43293],[104.90516,21.43031],[104.90453,21.41459],[104.89907,21.40589],[104.89361,21.39684],[104.89044,21.39481],[104.88396,21.3923],[104.88218,21.3898],[104.88054,21.38396],[104.88156,21.37622],[104.88308,21.37372],[104.88626,21.36932],[104.89313,21.36385],[104.89758,21.35742],[104.89835,21.35384],[104.89784,21.35122],[104.8953,21.3467],[104.89149,21.34407],[104.88717,21.34336],[104.88222,21.34347],[104.87777,21.34514],[104.87193,21.34894],[104.86391,21.36466],[104.86124,21.36704],[104.85666,21.36703],[104.85362,21.36548],[104.85298,21.36119],[104.85299,21.355],[104.8521,21.35298],[104.84766,21.35285],[104.84435,21.35249],[104.84359,21.35142],[104.8464,21.33987],[104.84183,21.33856],[104.8262,21.33842],[104.81985,21.3377],[104.81211,21.33531],[104.80487,21.33268],[104.80144,21.33184],[104.79775,21.33279],[104.79305,21.33541],[104.78987,21.33528],[104.78302,21.33015],[104.77896,21.3286],[104.77451,21.32848],[104.77197,21.32871],[104.76905,21.33073],[104.76739,21.33383],[104.76713,21.34145],[104.76687,21.34502],[104.76483,21.34787],[104.76,21.34775],[104.74677,21.35654],[104.74511,21.36571],[104.7437,21.36952],[104.73772,21.37594],[104.73466,21.38296],[104.73223,21.3882],[104.73159,21.39499],[104.73348,21.40309],[104.73207,21.40583],[104.7289,21.40666],[104.72268,21.40236],[104.71671,21.40116],[104.71175,21.40151],[104.70628,21.40388],[104.70386,21.40578],[104.70094,21.40565],[104.69662,21.40291],[104.68989,21.40159],[104.68761,21.40027],[104.6866,21.39598],[104.68598,21.38586],[104.68371,21.38002],[104.68117,21.37775],[104.67622,21.37655],[104.67215,21.37654],[104.63858,21.38719],[104.63107,21.39313],[104.62114,21.39918],[104.6135,21.40393],[104.60943,21.40725],[104.60637,21.41201],[104.60318,21.41558],[104.59096,21.42281],[104.58562,21.42375],[104.57739,21.41075],[104.55566,21.41081],[104.54841,21.41186],[104.53811,21.41529],[104.5315,21.41551],[104.52693,21.41347],[104.52236,21.40953],[104.51668,21.39963],[104.50631,21.38292],[104.50201,21.37815],[104.49186,21.373],[104.48566,21.36631],[104.47756,21.35652],[104.47363,21.35424],[104.46741,21.35339],[104.45571,21.35538],[104.44732,21.35785],[104.44237,21.35759],[104.43564,21.35602],[104.42954,21.35577],[104.4219,21.35919],[104.4191,21.36145],[104.41483,21.38191],[104.40947,21.38761],[104.40476,21.38986],[104.39814,21.39162],[104.39406,21.39601],[104.38882,21.40183],[104.38335,21.40324],[104.37853,21.40274],[104.37104,21.4001],[104.36634,21.4002],[104.34503,21.41941],[104.34237,21.41761],[104.34074,21.4126],[104.33846,21.41009],[104.33313,21.40912],[104.32753,21.40993],[104.32473,21.41159],[104.32293,21.41539],[104.31805,21.42728],[104.29868,21.43816],[104.29961,21.45591],[104.28097,21.4719],[104.28108,21.47607],[104.28356,21.48764],[104.28303,21.4924],[104.28415,21.49621],[104.28984,21.50422],[104.29184,21.51185],[104.2918,21.5184],[104.2905,21.52577],[104.28946,21.52922],[104.28473,21.53444],[104.28013,21.53978],[104.27743,21.54513],[104.27485,21.55143],[104.27573,21.55358],[104.28167,21.56146],[104.28673,21.56768],[104.28939,21.56983],[104.29371,21.57188],[104.29497,21.57331],[104.28707,21.60245],[104.31398,21.61745],[104.31714,21.62128],[104.31953,21.62676],[104.32396,21.6319],[104.33157,21.63908],[104.33677,21.64208],[104.33702,21.64398],[104.33712,21.65053],[104.3357,21.65386],[104.33302,21.65576],[104.29713,21.6537],[104.29406,21.65619],[104.28895,21.66081],[104.25519,21.66555],[104.25339,21.66733],[104.25274,21.67102],[104.25019,21.67255],[104.23911,21.67226],[104.22357,21.6735],[104.21581,21.67335],[104.21123,21.6719],[104.20681,21.6658],[104.19669,21.65301],[104.19417,21.64883],[104.19036,21.64798],[104.18208,21.64865],[104.17431,21.64992],[104.1719,21.63816],[104.15976,21.6419],[104.14372,21.6562],[104.0883,21.64328],[104.08485,21.64541],[104.07935,21.65002],[104.07679,21.65143],[104.05996,21.65622],[104.04899,21.65926],[104.04363,21.66184],[104.03339,21.66965],[104.02739,21.67247],[104.00665,21.66664],[104.00359,21.67078],[104.00256,21.67327],[103.99923,21.6748],[103.98853,21.67676],[103.98215,21.67827],[103.97986,21.67814],[103.96882,21.67438],[103.96405,21.67884],[103.96121,21.66969],[103.9575,21.67085],[103.93587,21.67048],[103.93341,21.69285],[103.93148,21.69534],[103.92151,21.70123],[103.9197,21.70649],[103.91718,21.71065],[103.91181,21.71639],[103.91128,21.71816],[103.91417,21.72195],[103.91564,21.7265],[103.91579,21.73003],[103.91489,21.735],[103.91573,21.73726],[103.92359,21.74277],[103.93164,21.74571],[103.93353,21.74572],[103.93631,21.74172],[103.93991,21.74319],[103.9435,21.74498],[103.94781,21.74357],[103.9509,21.74262],[103.95158,21.74455],[103.95085,21.75033],[103.95065,21.75418],[103.95304,21.7558],[103.9563,21.75598],[103.96246,21.75923],[103.96365,21.76165],[103.9648,21.76824],[103.96444,21.77097],[103.96028,21.7756],[103.95142,21.78951],[103.95052,21.79497],[103.94997,21.79978],[103.94788,21.8033],[103.93022,21.82197],[103.91866,21.82816],[103.91599,21.84019],[103.90646,21.84992],[103.88761,21.86553],[103.88621,21.86825],[103.88545,21.89924],[103.88793,21.91258],[103.8908,21.91999],[103.8937,21.92177],[103.90076,21.92134],[103.90488,21.92249],[103.90932,21.92589],[103.91566,21.92995],[103.91926,21.93125],[103.93568,21.9198],[103.93964,21.9187],[103.94256,21.91984],[103.94717,21.92421],[103.9569,21.93455],[103.95979,21.93826],[103.96011,21.94228],[103.95974,21.94597],[103.96126,21.94903],[103.96859,21.95887],[103.97219,21.96098],[103.9775,21.96358],[103.98332,21.96811],[103.95396,22.0014],[103.9624,22.01272],[103.95123,22.02792],[103.95188,22.03151],[103.95432,22.03721],[103.95542,22.0409],[103.95409,22.05248],[103.95086,22.06278],[103.93681,22.08501],[103.94194,22.10842],[103.94044,22.11252],[103.93758,22.11692],[103.93575,22.11996],[103.93663,22.13924],[103.93559,22.14124],[103.93389,22.14238],[103.91353,22.14625],[103.89851,22.15931],[103.89566,22.16287],[103.89041,22.17031],[103.88744,22.17419],[103.86626,22.18036],[103.86512,22.18225],[103.86499,22.18362],[103.86599,22.18562],[103.86902,22.18838],[103.87092,22.19124],[103.871,22.19482],[103.87041,22.1984],[103.85621,22.20714],[103.8545,22.20913],[103.85334,22.2127],[103.85127,22.21753],[103.8458,22.22255],[103.84205,22.22505],[103.84091,22.22736],[103.84088,22.23073],[103.84126,22.23894],[103.82758,22.26633],[103.82393,22.27083],[103.8181,22.27753],[103.80842,22.28577],[103.79864,22.29286],[103.79146,22.29881],[103.77377,22.3051],[103.76091,22.31395],[103.76112,22.31543],[103.76528,22.31862],[103.76931,22.3236],[103.76996,22.32687],[103.76902,22.33086],[103.76809,22.33338],[103.77034,22.33519],[103.7761,22.33629],[103.78005,22.33716],[103.78048,22.33958],[103.77665,22.35114],[103.7737,22.35217],[103.76949,22.35403],[103.76619,22.35685],[103.76412,22.38653],[103.74229,22.41068],[103.73024,22.41669],[103.72695,22.41751],[103.7044,22.40849],[103.64366,22.40472],[103.62267,22.39897],[103.61744,22.40145],[103.61163,22.40529],[103.60548,22.40935],[103.60262,22.41227],[103.60155,22.41732],[103.60125,22.42489],[103.59998,22.42751],[103.58749,22.43151],[103.58735,22.43425],[103.58607,22.4374],[103.5822,22.43915],[103.57913,22.4406],[103.5536,22.46859],[103.55356,22.47227],[103.5559,22.4763],[103.57599,22.4929],[103.59331,22.52717],[103.58065,22.53548],[103.57867,22.54178],[103.57761,22.54556],[103.57789,22.55072],[103.57628,22.55344],[103.5717,22.55804],[103.56699,22.56473],[103.5657,22.56851],[103.57024,22.57887],[103.55009,22.58817],[103.53038,22.58746],[103.52911,22.59008],[103.52683,22.59648],[103.53088,22.59884],[103.5313,22.59944],[103.53736,22.60816],[103.54381,22.61896],[103.5489,22.63143],[103.55201,22.63693],[103.55991,22.641],[103.56735,22.64444],[103.57092,22.64973],[103.57511,22.66135],[103.5771,22.66621],[103.57203,22.67396],[103.56652,22.68259],[103.56535,22.68443],[103.56437,22.68771],[103.56217,22.69593],[103.56208,22.69832],[103.56266,22.7043],[103.56347,22.70717],[103.56704,22.71061],[103.57039,22.71614],[103.5743,22.7243],[103.59002,22.73686],[103.59683,22.75005],[103.59795,22.75017],[103.60061,22.75014],[103.60221,22.75044],[103.60447,22.75327],[103.60703,22.75702],[103.6083,22.7658],[103.61858,22.77639],[103.61589,22.78589],[103.62962,22.79243],[103.64376,22.79513],[103.65891,22.78935],[103.66632,22.77227],[103.67044,22.76915],[103.67751,22.76541],[103.68095,22.76144],[103.68306,22.75472],[103.7008,22.74561],[103.73688,22.71321],[103.73582,22.70338],[103.75178,22.68931],[103.76606,22.691],[103.78202,22.66897],[103.78575,22.66627],[103.79049,22.66308],[103.79454,22.65945],[103.8114,22.6395],[103.81944,22.62122],[103.86082,22.58502],[103.87425,22.56625],[103.87665,22.56484],[103.87882,22.56442],[103.88028,22.56465],[103.88332,22.57098],[103.88966,22.56995],[103.91224,22.54565],[103.91371,22.53476],[103.91564,22.5342],[103.9168,22.53407],[103.91819,22.53472],[103.91964,22.53703],[103.92208,22.54063],[103.92331,22.54099],[103.92524,22.54065],[103.93051,22.52878],[103.94295,22.52628],[103.9503,22.51378],[103.9524,22.51186],[103.95651,22.50902],[103.95991,22.50796],[103.96715,22.5117],[103.97078,22.50778],[103.97425,22.50787],[103.97618,22.50848],[103.98934,22.52009],[104.0035,22.51851],[104.00987,22.52458],[104.00477,22.5414],[104.01295,22.54782],[104.01075,22.561],[104.01366,22.56612],[104.00563,22.57796],[104.0122,22.58316],[104.01274,22.58662],[104.01319,22.59264],[104.02363,22.61396],[104.0242,22.61906],[104.02364,22.62323],[104.02297,22.62821],[104.03319,22.67055],[104.03596,22.67546],[104.03775,22.67873],[104.03771,22.68025],[104.03769,22.68159],[104.03683,22.6831],[104.02749,22.68789],[104.02624,22.69387],[104.02814,22.69638],[104.03162,22.70156],[104.04055,22.72905],[104.04287,22.7318],[104.06258,22.7553],[104.08697,22.77315],[104.09714,22.79643],[104.10636,22.80587],[104.11518,22.81241],[104.12195,22.81409],[104.12258,22.81407],[104.12529,22.81401],[104.1276,22.81218],[104.13117,22.80756],[104.13337,22.80689],[104.13608,22.80681],[104.15908,22.81671],[104.16114,22.82001],[104.16217,22.82263],[104.16331,22.82331],[104.16613,22.82352],[104.1701,22.8218],[104.17292,22.82143],[104.17854,22.82397],[104.18228,22.82709],[104.18832,22.82905],[104.19124,22.82945],[104.1928,22.82936],[104.19573,22.82754],[104.20084,22.82834],[104.20324,22.82884],[104.21323,22.83208],[104.21574,22.83103],[104.21805,22.82968],[104.2246,22.83359],[104.23687,22.84129],[104.24228,22.84432],[104.24437,22.84365],[104.24699,22.84076],[104.25012,22.84097],[104.25125,22.84378],[104.25406,22.84553],[104.25698,22.84535],[104.2595,22.84275],[104.26273,22.84364],[104.26982,22.82979],[104.2548,22.78179],[104.25508,22.77305],[104.26001,22.76275],[104.26663,22.75552],[104.26616,22.74909],[104.26778,22.74299],[104.30005,22.73219],[104.3089,22.7318],[104.31639,22.73247],[104.3273,22.72788],[104.33527,22.72223],[104.34146,22.71454],[104.33813,22.70497]]]],"type":"MultiPolygon"},"id":"tinh34.29","properties":{"matinh":"9","name":"Lào Cai","atlasId":4},"type":"Feature"},{"geometry":{"coordinates":[[[[102.39384,22.42003],[102.39207,22.4179],[102.38871,22.41574],[102.38494,22.41189],[102.38636,22.40854],[102.40842,22.38974],[102.41161,22.38853],[102.41681,22.38862],[102.41936,22.3855],[102.42107,22.37858],[102.42298,22.37293],[102.42688,22.37004],[102.4403,22.36584],[102.44672,22.36131],[102.45206,22.35339],[102.45492,22.34523],[102.45589,22.34188],[102.4582,22.33939],[102.46553,22.33403],[102.47204,22.32382],[102.4797,22.31278],[102.48686,22.30468],[102.48878,22.2984],[102.49405,22.29406],[102.50303,22.28473],[102.507,22.27805],[102.50823,22.27197],[102.51153,22.26465],[102.51706,22.25863],[102.52874,22.24955],[102.53491,22.24585],[102.54172,22.24406],[102.54893,22.24523],[102.55384,22.24888],[102.55709,22.2565],[102.55997,22.26012],[102.56379,22.26145],[102.56874,22.26236],[102.57327,22.26201],[102.57872,22.26041],[102.5833,22.25669],[102.59592,22.24572],[102.59981,22.24283],[102.60617,22.24103],[102.61232,22.23838],[102.61575,22.23569],[102.61716,22.23256],[102.61565,22.2018],[102.63955,22.17752],[102.64522,22.17592],[102.65221,22.17644],[102.65901,22.17507],[102.66768,22.16993],[102.67312,22.16874],[102.69424,22.20336],[102.69548,22.21011],[102.69123,22.22163],[102.68492,22.23417],[102.68372,22.23878],[102.6635,22.25486],[102.66732,22.25618],[102.67378,22.25949],[102.67672,22.26211],[102.68023,22.2581],[102.68918,22.24981],[102.69601,22.24675],[102.70557,22.24246],[102.71556,22.24008],[102.7244,22.2383],[102.73218,22.23231],[102.74046,22.22316],[102.74667,22.2163],[102.74946,22.21129],[102.75024,22.20519],[102.74863,22.19275],[102.74538,22.18365],[102.74345,22.17752],[102.73853,22.1745],[102.73495,22.17214],[102.74027,22.13601],[102.77163,22.10928],[102.77693,22.10219],[102.77766,22.09884],[102.775,22.09585],[102.77415,22.09226],[102.77691,22.08914],[102.82333,22.06535],[102.85221,22.06636],[102.8545,22.06365],[102.8568,22.06074],[102.85884,22.06055],[102.86647,22.07855],[102.87732,22.08192],[102.87976,22.0804],[102.88636,22.0767],[102.8902,22.07675],[102.89672,22.07873],[102.90249,22.08512],[102.91055,22.08943],[102.91887,22.09185],[102.92338,22.09233],[102.92316,22.10707],[102.92634,22.10627],[102.92841,22.10356],[102.93097,22.09832],[102.93217,22.09329],[102.93224,22.08845],[102.9274,22.08017],[102.92659,22.07343],[102.92868,22.06924],[102.93298,22.06845],[102.93682,22.0685],[102.93953,22.06811],[102.94275,22.06437],[102.94644,22.05915],[102.95167,22.05585],[102.95669,22.05233],[102.96464,22.03327],[102.96849,22.03226],[102.97504,22.0315],[102.98231,22.02801],[102.98524,22.02847],[102.98927,22.03105],[102.99212,22.03656],[102.99423,22.04732],[102.99645,22.05008],[103.00002,22.05244],[103.00497,22.05398],[103.00947,22.05508],[103.01644,22.05664],[103.03935,22.04871],[103.04654,22.05069],[103.05236,22.05434],[103.05592,22.05859],[103.05858,22.0622],[103.06082,22.06286],[103.06491,22.06101],[103.07148,22.05941],[103.09337,22.05987],[103.08867,22.07393],[103.09266,22.07903],[103.09772,22.08898],[103.09938,22.09974],[103.10092,22.1027],[103.10614,22.10087],[103.11408,22.09843],[103.11841,22.09491],[103.12394,22.08697],[103.12879,22.0786],[103.13473,22.07298],[103.14063,22.07074],[103.14424,22.07078],[103.1485,22.07314],[103.15366,22.07594],[103.16427,22.07606],[103.16559,22.07839],[103.16646,22.08113],[103.16871,22.082],[103.17188,22.08077],[103.17764,22.0761],[103.18707,22.07178],[103.21805,22.06718],[103.22601,22.06253],[103.23297,22.0566],[103.24059,22.05215],[103.24671,22.05001],[103.25952,22.04572],[103.27142,22.04174],[103.27866,22.04003],[103.28294,22.04071],[103.28675,22.04264],[103.28839,22.04729],[103.28846,22.05098],[103.27161,22.07228],[103.28173,22.09428],[103.28296,22.10409],[103.28427,22.1081],[103.28427,22.10821],[103.28795,22.11193],[103.29042,22.11312],[103.29662,22.11434],[103.30101,22.11512],[103.30403,22.11736],[103.31996,22.14501],[103.32568,22.14854],[103.3298,22.15353],[103.38217,22.15732],[103.3859,22.15683],[103.38851,22.15612],[103.38957,22.15203],[103.39043,22.14635],[103.39331,22.14132],[103.39997,22.1317],[103.42141,22.07232],[103.43422,22.05686],[103.43671,22.05646],[103.44166,22.05788],[103.44754,22.05741],[103.45277,22.05377],[103.45772,22.04445],[103.46301,22.03576],[103.46576,22.03189],[103.45252,22.0146],[103.45188,22.01081],[103.4535,22.00692],[103.47446,21.98035],[103.47838,21.97856],[103.48514,21.9773],[103.48995,21.97536],[103.49487,21.97199],[103.49782,21.96996],[103.50033,21.96767],[103.50213,21.96487],[103.50452,21.9571],[103.49921,21.94968],[103.5052,21.94404],[103.52184,21.91368],[103.51825,21.91332],[103.51425,21.91302],[103.51237,21.91229],[103.50864,21.91005],[103.50696,21.90665],[103.50414,21.90494],[103.49673,21.91065],[103.48823,21.91226],[103.48185,21.91646],[103.47747,21.915],[103.47897,21.91119],[103.48412,21.90729],[103.48545,21.90539],[103.4849,21.90226],[103.48261,21.89787],[103.48322,21.89515],[103.49173,21.87738],[103.50606,21.87411],[103.50813,21.87113],[103.51124,21.8672],[103.51739,21.86453],[103.52077,21.86211],[103.52738,21.84309],[103.52771,21.83955],[103.5263,21.83545],[103.53819,21.82779],[103.53851,21.81021],[103.54414,21.80182],[103.55315,21.79278],[103.55085,21.78276],[103.54672,21.77997],[103.53942,21.77834],[103.55502,21.76403],[103.55709,21.76037],[103.55891,21.75316],[103.57073,21.73746],[103.59477,21.67879],[103.59348,21.67647],[103.59114,21.67713],[103.58806,21.67955],[103.58378,21.68497],[103.58042,21.68589],[103.57563,21.68422],[103.56896,21.68075],[103.55989,21.66964],[103.55746,21.66512],[103.55664,21.6598],[103.5555,21.6572],[103.55276,21.65472],[103.5439,21.65192],[103.54087,21.6493],[103.55743,21.62451],[103.55351,21.62298],[103.55294,21.62161],[103.55384,21.61943],[103.55286,21.61534],[103.54666,21.60902],[103.54074,21.60351],[103.53757,21.60076],[103.53631,21.59584],[103.53605,21.59203],[103.53302,21.58941],[103.52956,21.58652],[103.53019,21.56731],[103.51724,21.5661],[103.5167,21.56228],[103.51857,21.55017],[103.51876,21.54595],[103.51692,21.54048],[103.51536,21.53624],[103.49879,21.53446],[103.48334,21.52287],[103.46766,21.51864],[103.46431,21.51929],[103.4595,21.5202],[103.45762,21.51896],[103.45896,21.51584],[103.45971,21.51366],[103.45726,21.51146],[103.45351,21.50816],[103.45079,21.50391],[103.44853,21.49734],[103.44814,21.49298],[103.44672,21.48997],[103.44675,21.48765],[103.44867,21.48494],[103.45103,21.4817],[103.4512,21.47884],[103.45157,21.47148],[103.45414,21.46224],[103.45404,21.45842],[103.45032,21.45266],[103.44616,21.44718],[103.44603,21.44513],[103.44776,21.4395],[103.44562,21.43724],[103.43558,21.43238],[103.43291,21.4319],[103.42178,21.43065],[103.41673,21.42979],[103.41202,21.44217],[103.40948,21.45057],[103.40555,21.43997],[103.39838,21.43438],[103.39377,21.43713],[103.39163,21.43866],[103.3849,21.43556],[103.38199,21.43539],[103.3785,21.4355],[103.37692,21.43357],[103.37594,21.43043],[103.37436,21.42905],[103.37058,21.42901],[103.36605,21.4302],[103.36198,21.43016],[103.35836,21.42862],[103.35402,21.42681],[103.35053,21.42718],[103.3441,21.42944],[103.34018,21.42912],[103.3357,21.42608],[103.32926,21.41757],[103.329,21.41457],[103.33918,21.402],[103.34884,21.39569],[103.35369,21.39151],[103.35984,21.3744],[103.36218,21.37334],[103.37324,21.37222],[103.3827,21.37136],[103.38622,21.36853],[103.3864,21.36485],[103.38543,21.3613],[103.38114,21.35472],[103.37524,21.3488],[103.36978,21.3437],[103.36737,21.33755],[103.36741,21.33401],[103.3968,21.31794],[103.40638,21.31912],[103.41263,21.31918],[103.41699,21.31867],[103.42634,21.31467],[103.42928,21.3117],[103.43243,21.30233],[103.43812,21.28576],[103.43845,21.28222],[103.43753,21.27322],[103.435,21.26556],[103.43158,21.25831],[103.42858,21.25378],[103.43439,21.23993],[103.43171,21.23269],[103.43089,21.22818],[103.43095,21.20829],[103.43363,21.20273],[103.43528,21.19729],[103.43399,21.18147],[103.43121,21.16986],[103.42794,21.1637],[103.42419,21.16121],[103.40876,21.16515],[103.3957,21.151],[103.39572,21.14909],[103.4006,21.14096],[103.40388,21.13295],[103.40437,21.12737],[103.40348,21.11632],[103.40396,21.11169],[103.41966,21.08159],[103.42043,21.07737],[103.42225,21.07057],[103.42154,21.06825],[103.41895,21.067],[103.41301,21.06544],[103.40765,21.06526],[103.40183,21.06643],[103.39806,21.06653],[103.38505,21.06232],[103.3823,21.06148],[103.37882,21.06185],[103.35313,21.07591],[103.34756,21.0809],[103.3439,21.08386],[103.33645,21.08801],[103.32143,21.09454],[103.29077,21.099],[103.286,21.09705],[103.28856,21.07534],[103.28301,21.0638],[103.27563,21.06137],[103.27525,21.05775],[103.27573,21.05294],[103.27642,21.04853],[103.28146,21.03793],[103.28583,21.02954],[103.28675,21.02432],[103.28637,21.0197],[103.28305,21.01123],[103.2812,21.00438],[103.28103,21.00117],[103.2817,20.99853],[103.28992,20.99413],[103.29508,20.97975],[103.29608,20.97177],[103.29507,20.95679],[103.296,20.95007],[103.29506,20.94795],[103.29336,20.94733],[103.2878,20.94768],[103.28438,20.94815],[103.28087,20.9465],[103.2759,20.94234],[103.2738,20.9383],[103.274,20.93067],[103.27446,20.92746],[103.27666,20.92256],[103.28553,20.9124],[103.28717,20.9097],[103.27788,20.89967],[103.26598,20.90336],[103.26205,20.90182],[103.25536,20.89783],[103.26716,20.89325],[103.26249,20.89034],[103.25584,20.88743],[103.24211,20.88577],[103.22579,20.89682],[103.21369,20.89715],[103.212,20.90115],[103.19588,20.90698],[103.19444,20.90677],[103.19035,20.9044],[103.18706,20.90437],[103.18334,20.90529],[103.17877,20.90912],[103.17131,20.91349],[103.16551,20.91594],[103.15083,20.90514],[103.12443,20.9093],[103.12179,20.90657],[103.11857,20.90072],[103.11735,20.89916],[103.1151,20.89798],[103.11242,20.89853],[103.11013,20.90082],[103.10906,20.90371],[103.10919,20.9103],[103.10914,20.91378],[103.10353,20.93423],[103.08678,20.94062],[103.08406,20.94388],[103.08239,20.94618],[103.08232,20.95141],[103.0828,20.96205],[103.08149,20.96823],[103.07875,20.97304],[103.07166,20.97954],[103.06789,20.98453],[103.06784,20.98878],[103.06738,20.99226],[103.06591,20.99457],[103.06051,20.99857],[103.05654,21.00278],[103.05459,21.01011],[103.0516,21.01801],[103.04928,21.02244],[103.04468,21.02761],[103.04174,21.03183],[103.03028,21.05801],[103.01206,21.06438],[102.98984,21.06218],[102.9639,21.07581],[102.96054,21.08041],[102.9601,21.08292],[102.96189,21.08759],[102.96449,21.09304],[102.96444,21.0971],[102.96438,21.10135],[102.96244,21.10713],[102.93843,21.12968],[102.94571,21.14002],[102.94651,21.14216],[102.94605,21.14525],[102.93832,21.1527],[102.93536,21.15828],[102.93285,21.16057],[102.92995,21.16169],[102.92706,21.16224],[102.92152,21.15985],[102.91823,21.15923],[102.91389,21.16014],[102.90413,21.16505],[102.90099,21.16888],[102.9062,21.1792],[102.90616,21.1821],[102.90337,21.18981],[102.90331,21.19406],[102.90683,21.22274],[102.90883,21.22683],[102.91023,21.23014],[102.91022,21.23091],[102.90543,21.23395],[102.89983,21.23639],[102.89501,21.24175],[102.89019,21.24672],[102.88582,21.24938],[102.87484,21.25291],[102.86346,21.25567],[102.85437,21.25652],[102.84697,21.2543],[102.84107,21.2492],[102.83553,21.247],[102.82851,21.2471],[102.8215,21.2472],[102.8177,21.24793],[102.81555,21.25384],[102.81478,21.25517],[102.81376,21.25744],[102.81299,21.25983],[102.81261,21.26228],[102.81264,21.26473],[102.8131,21.26711],[102.81398,21.26937],[102.81531,21.27144],[102.84504,21.29585],[102.85854,21.30098],[102.88974,21.30333],[102.8958,21.30929],[102.89656,21.31394],[102.89523,21.3205],[102.89184,21.32665],[102.88971,21.33088],[102.89532,21.36462],[102.89548,21.36791],[102.89518,21.3741],[102.89526,21.38319],[102.89644,21.38727],[102.89866,21.39059],[102.90337,21.39374],[102.90661,21.39785],[102.91372,21.40606],[102.92766,21.44299],[102.93799,21.45725],[102.9359,21.45896],[102.93072,21.46045],[102.92597,21.46039],[102.91919,21.45721],[102.91471,21.4527],[102.90848,21.44082],[102.903,21.43417],[102.8993,21.43277],[102.89351,21.43328],[102.88815,21.43283],[102.8814,21.42829],[102.8775,21.4265],[102.87399,21.42646],[102.87047,21.4268],[102.86795,21.42967],[102.8837,21.45463],[102.88362,21.46063],[102.88373,21.46721],[102.88668,21.47731],[102.90524,21.47986],[102.91602,21.50612],[102.95802,21.5463],[102.95919,21.55135],[102.95954,21.55619],[102.97603,21.57419],[102.98455,21.58629],[102.98737,21.59155],[102.98393,21.63098],[102.97869,21.65104],[102.98609,21.68383],[102.97682,21.69571],[102.98775,21.71306],[102.97053,21.74574],[102.96762,21.74668],[102.96413,21.74508],[102.95801,21.73843],[102.95065,21.73176],[102.94428,21.72897],[102.89293,21.71614],[102.87425,21.70623],[102.85766,21.72285],[102.85677,21.7267],[102.85928,21.76717],[102.85224,21.83634],[102.84904,21.84269],[102.84675,21.84362],[102.84363,21.84455],[102.83124,21.84168],[102.82095,21.83767],[102.81377,21.83313],[102.81034,21.82728],[102.80919,21.82107],[102.8122,21.81395],[102.8171,21.80454],[102.81615,21.79911],[102.81524,21.79097],[102.81846,21.76635],[102.8214,21.75333],[102.8224,21.74154],[102.82225,21.73805],[102.82003,21.73435],[102.81305,21.73058],[102.80738,21.72219],[102.79943,21.71473],[102.79492,21.71157],[102.78937,21.70937],[102.78423,21.70718],[102.77813,21.70032],[102.77042,21.69035],[102.76312,21.68097],[102.75455,21.67311],[102.74761,21.66722],[102.7427,21.66367],[102.73632,21.66184],[102.69016,21.6641],[102.68402,21.65996],[102.6783,21.65543],[102.67602,21.65539],[102.67414,21.65672],[102.67092,21.66403],[102.66492,21.67671],[102.66216,21.68151],[102.66232,21.68422],[102.66372,21.68714],[102.65914,21.70217],[102.65626,21.71373],[102.65203,21.71928],[102.64454,21.73446],[102.64799,21.76411],[102.65096,21.77247],[102.65603,21.77892],[102.65758,21.78514],[102.65896,21.7898],[102.65849,21.79289],[102.65614,21.7973],[102.64959,21.80592],[102.64722,21.81149],[102.64253,21.85766],[102.61852,21.86931],[102.6137,21.87272],[102.61031,21.87673],[102.61676,21.90004],[102.61606,21.90487],[102.61325,21.91218],[102.61002,21.91909],[102.6058,21.92348],[102.59664,21.92644],[102.58291,21.92934],[102.57226,21.9344],[102.56348,21.93872],[102.52178,21.96595],[102.51493,21.96662],[102.50888,21.96866],[102.50274,21.97592],[102.49576,21.98393],[102.4873,21.99367],[102.48533,21.99944],[102.48532,22.00004],[102.48522,22.00582],[102.487,22.01069],[102.49335,22.01485],[102.5008,22.01593],[102.50801,22.01855],[102.5156,22.02312],[102.5178,22.02779],[102.51753,22.03127],[102.51374,22.03469],[102.50686,22.03672],[102.49836,22.03659],[102.49253,22.03804],[102.48541,22.04219],[102.47825,22.04827],[102.4706,22.0584],[102.46428,22.06392],[102.4557,22.06862],[102.45022,22.07337],[102.44402,22.07511],[102.44018,22.07505],[102.43981,22.07833],[102.44347,22.08216],[102.44406,22.08449],[102.44162,22.08716],[102.4374,22.09096],[102.43623,22.09259],[102.43609,22.095],[102.43808,22.09948],[102.43846,22.10171],[102.43228,22.11632],[102.42637,22.11603],[102.42356,22.11637],[102.42011,22.11777],[102.41644,22.12013],[102.41064,22.12545],[102.40656,22.12742],[102.38433,22.1288],[102.38201,22.1308],[102.38206,22.13399],[102.3834,22.1401],[102.38299,22.14503],[102.38233,22.14705],[102.3805,22.15089],[102.35675,22.16724],[102.35426,22.16719],[102.35004,22.16548],[102.34559,22.16473],[102.33757,22.16615],[102.33475,22.16707],[102.33075,22.19196],[102.32822,22.19558],[102.3206,22.20194],[102.31514,22.20533],[102.31158,22.20721],[102.30887,22.20774],[102.30274,22.20242],[102.28854,22.20712],[102.28489,22.20764],[102.28035,22.2063],[102.27755,22.20645],[102.27634,22.22045],[102.27242,22.22454],[102.27041,22.22664],[102.26999,22.23775],[102.24986,22.23722],[102.24539,22.23763],[102.24224,22.23902],[102.23838,22.24041],[102.24065,22.25669],[102.23799,22.26013],[102.23353,22.26498],[102.23184,22.26679],[102.23179,22.2694],[102.22869,22.2738],[102.22812,22.27611],[102.23203,22.28343],[102.21148,22.2881],[102.19107,22.30129],[102.17453,22.30777],[102.17504,22.31329],[102.17638,22.31883],[102.17777,22.32214],[102.19389,22.33682],[102.19124,22.33929],[102.18736,22.34106],[102.17533,22.34047],[102.16972,22.3452],[102.1646,22.35217],[102.16264,22.35639],[102.16164,22.35956],[102.16189,22.36276],[102.1641,22.36647],[102.16695,22.36942],[102.16761,22.37292],[102.16694,22.37503],[102.15708,22.38482],[102.15371,22.38698],[102.15108,22.38829],[102.1479,22.38953],[102.14605,22.39574],[102.14442,22.39891],[102.14149,22.40151],[102.15815,22.43052],[102.16325,22.43032],[102.17566,22.43315],[102.18499,22.43447],[102.20015,22.4301],[102.20535,22.4298],[102.21031,22.43153],[102.21672,22.42787],[102.22318,22.42731],[102.23386,22.42865],[102.23868,22.4266],[102.25206,22.41755],[102.25854,22.41602],[102.26175,22.41636],[102.26512,22.41932],[102.26712,22.4238],[102.26657,22.43056],[102.25934,22.44368],[102.24855,22.45859],[102.24826,22.46254],[102.25404,22.46477],[102.26086,22.46701],[102.26361,22.47015],[102.26321,22.47991],[102.29023,22.51303],[102.29525,22.52237],[102.29913,22.53254],[102.30289,22.53723],[102.30871,22.54049],[102.31806,22.54864],[102.32726,22.53848],[102.33302,22.5331],[102.33696,22.52844],[102.3456,22.49396],[102.35631,22.48992],[102.36154,22.47675],[102.36679,22.47431],[102.37385,22.47253],[102.38023,22.46969],[102.3862,22.46537],[102.3892,22.46205],[102.39019,22.45764],[102.39008,22.45175],[102.38844,22.44246],[102.39125,22.43745],[102.39434,22.4293],[102.3949,22.42341],[102.39384,22.42003]]]],"type":"MultiPolygon"},"id":"tinh34.8","properties":{"matinh":"13","name":"Điện Biên","atlasId":5},"type":"Feature"},{"geometry":{"coordinates":[[[[103.32744,22.81214],[103.32934,22.80984],[103.33501,22.8068],[103.37138,22.80021],[103.37667,22.79408],[103.38343,22.7866],[103.41065,22.77739],[103.41214,22.7747],[103.41344,22.77065],[103.41474,22.7664],[103.4377,22.75455],[103.4398,22.74933],[103.43984,22.74556],[103.43915,22.74275],[103.43688,22.7406],[103.42816,22.73712],[103.42662,22.73488],[103.4264,22.71747],[103.42883,22.71536],[103.43104,22.71297],[103.43127,22.71113],[103.43099,22.70871],[103.42935,22.70569],[103.42937,22.70444],[103.45587,22.68302],[103.45495,22.6626],[103.46417,22.64876],[103.46744,22.6455],[103.47309,22.64265],[103.47436,22.64072],[103.47534,22.63706],[103.47621,22.63387],[103.47863,22.63158],[103.48382,22.62793],[103.48561,22.62245],[103.48656,22.62062],[103.4897,22.6192],[103.49723,22.61656],[103.50456,22.61276],[103.50644,22.60329],[103.51449,22.60047],[103.51932,22.59894],[103.52683,22.59648],[103.52911,22.59008],[103.53038,22.58746],[103.55009,22.58817],[103.57024,22.57887],[103.5657,22.56851],[103.56699,22.56473],[103.5717,22.55804],[103.57628,22.55344],[103.57789,22.55072],[103.57761,22.54556],[103.57867,22.54178],[103.58065,22.53548],[103.59331,22.52717],[103.57599,22.4929],[103.5559,22.4763],[103.55356,22.47227],[103.5536,22.46859],[103.57913,22.4406],[103.5822,22.43915],[103.58607,22.4374],[103.58735,22.43425],[103.58749,22.43151],[103.59998,22.42751],[103.60125,22.42489],[103.60155,22.41732],[103.60262,22.41227],[103.60548,22.40935],[103.61163,22.40529],[103.61744,22.40145],[103.62267,22.39897],[103.62629,22.39879],[103.63058,22.39945],[103.63836,22.40247],[103.64366,22.40472],[103.7044,22.40849],[103.72695,22.41751],[103.73024,22.41669],[103.74229,22.41068],[103.76412,22.38653],[103.76619,22.35685],[103.76949,22.35403],[103.7737,22.35217],[103.77665,22.35114],[103.78048,22.33958],[103.78005,22.33716],[103.7761,22.33629],[103.77034,22.33519],[103.76809,22.33338],[103.76902,22.33086],[103.76996,22.32687],[103.76931,22.3236],[103.76528,22.31862],[103.76112,22.31543],[103.76091,22.31395],[103.77377,22.3051],[103.79146,22.29881],[103.79864,22.29286],[103.80842,22.28577],[103.8181,22.27753],[103.82393,22.27083],[103.82758,22.26633],[103.84126,22.23894],[103.84088,22.23073],[103.84091,22.22736],[103.84205,22.22505],[103.8458,22.22255],[103.85127,22.21753],[103.85334,22.2127],[103.8545,22.20913],[103.85621,22.20714],[103.87041,22.1984],[103.871,22.19482],[103.87092,22.19124],[103.86902,22.18838],[103.86599,22.18562],[103.86499,22.18362],[103.86512,22.18225],[103.86626,22.18036],[103.88744,22.17419],[103.89041,22.17031],[103.89566,22.16287],[103.89851,22.15931],[103.91353,22.14625],[103.93559,22.14124],[103.93575,22.11996],[103.93758,22.11692],[103.94044,22.11252],[103.94194,22.10842],[103.93681,22.08501],[103.95086,22.06278],[103.95409,22.05248],[103.95542,22.0409],[103.95432,22.03721],[103.95188,22.03151],[103.95123,22.02792],[103.9624,22.01272],[103.95396,22.0014],[103.98332,21.96811],[103.9775,21.96358],[103.97219,21.96098],[103.96859,21.95887],[103.96126,21.94903],[103.95974,21.94597],[103.96011,21.94228],[103.95979,21.93826],[103.9569,21.93455],[103.94717,21.92421],[103.94256,21.91984],[103.93964,21.9187],[103.93568,21.9198],[103.91926,21.93125],[103.91566,21.92995],[103.90932,21.92589],[103.90488,21.92249],[103.90076,21.92134],[103.8937,21.92177],[103.8908,21.91999],[103.88793,21.91258],[103.88545,21.89924],[103.88621,21.86825],[103.88761,21.86553],[103.90646,21.84992],[103.91599,21.84019],[103.91866,21.82816],[103.93022,21.82197],[103.94788,21.8033],[103.94997,21.79978],[103.95052,21.79497],[103.95142,21.78951],[103.96028,21.7756],[103.96444,21.77097],[103.9648,21.76824],[103.96365,21.76165],[103.96246,21.75923],[103.9563,21.75598],[103.95304,21.7558],[103.95065,21.75418],[103.95085,21.75033],[103.95158,21.74455],[103.9509,21.74262],[103.94781,21.74357],[103.9435,21.74498],[103.93991,21.74319],[103.93631,21.74172],[103.93353,21.74572],[103.93164,21.74571],[103.92359,21.74277],[103.91573,21.73726],[103.91489,21.735],[103.91579,21.73003],[103.91564,21.7265],[103.91417,21.72195],[103.91128,21.71816],[103.92151,21.70123],[103.91516,21.69845],[103.90957,21.69686],[103.90588,21.69648],[103.90064,21.69835],[103.89439,21.70093],[103.88992,21.70268],[103.88325,21.70883],[103.88069,21.71036],[103.87628,21.68747],[103.85154,21.69266],[103.84923,21.69455],[103.8478,21.69847],[103.84664,21.7012],[103.84395,21.70201],[103.83897,21.70436],[103.83548,21.71029],[103.83245,21.72277],[103.83163,21.73074],[103.83198,21.73468],[103.83423,21.7391],[103.83319,21.74195],[103.83076,21.74384],[103.82241,21.73663],[103.80276,21.74113],[103.80069,21.74529],[103.79989,21.74933],[103.79204,21.75892],[103.78896,21.76128],[103.78244,21.76444],[103.78025,21.76717],[103.77685,21.77691],[103.77416,21.77962],[103.76816,21.78089],[103.75732,21.78212],[103.75323,21.78399],[103.75465,21.81032],[103.72128,21.80959],[103.71693,21.81146],[103.71487,21.81382],[103.71278,21.81905],[103.7097,21.82152],[103.70624,21.82364],[103.69833,21.82489],[103.69487,21.82688],[103.69395,21.83033],[103.69389,21.83628],[103.69412,21.83891],[103.69615,21.84059],[103.70072,21.84277],[103.70363,21.84517],[103.70535,21.85185],[103.70861,21.85759],[103.71201,21.86203],[103.71618,21.86658],[103.71867,21.87327],[103.72042,21.87662],[103.72039,21.87983],[103.70377,21.88613],[103.70221,21.88886],[103.70364,21.89959],[103.70258,21.90434],[103.69844,21.91086],[103.6878,21.91696],[103.68177,21.92144],[103.68111,21.92334],[103.68438,21.92896],[103.68714,21.93387],[103.68671,21.93862],[103.68513,21.94373],[103.66466,21.95119],[103.66285,21.95379],[103.66128,21.95807],[103.65866,21.96448],[103.65786,21.96887],[103.6578,21.97471],[103.6566,21.98077],[103.65492,21.98314],[103.65209,21.98538],[103.65054,21.98763],[103.65038,21.99108],[103.64894,21.99416],[103.64562,21.99544],[103.6423,21.9953],[103.63608,21.99191],[103.63226,21.99152],[103.61233,22.00214],[103.60896,22.00514],[103.60596,22.00927],[103.60316,22.01166],[103.53967,22.03082],[103.52406,22.02576],[103.51587,22.02023],[103.51166,22.01527],[103.51123,21.99175],[103.49839,21.98109],[103.49678,21.97735],[103.49487,21.97199],[103.47446,21.98035],[103.45188,22.01081],[103.46576,22.03189],[103.46301,22.03576],[103.45772,22.04445],[103.45277,22.05377],[103.44754,22.05741],[103.44166,22.05788],[103.43671,22.05646],[103.43422,22.05686],[103.42141,22.07232],[103.38851,22.15612],[103.3298,22.15353],[103.32568,22.14854],[103.31996,22.14501],[103.30403,22.11736],[103.30101,22.11512],[103.29662,22.11434],[103.29042,22.11312],[103.28795,22.11193],[103.28427,22.10821],[103.28427,22.1081],[103.28296,22.10409],[103.28173,22.09428],[103.2791,22.08762],[103.27366,22.07956],[103.27169,22.07512],[103.27161,22.07228],[103.27437,22.06778],[103.28032,22.06142],[103.28501,22.0561],[103.28846,22.05098],[103.28839,22.04729],[103.28675,22.04264],[103.28294,22.04071],[103.27866,22.04003],[103.24059,22.05215],[103.23297,22.0566],[103.22601,22.06253],[103.21805,22.06718],[103.18707,22.07178],[103.17764,22.0761],[103.17188,22.08077],[103.16871,22.082],[103.16646,22.08113],[103.16559,22.07839],[103.16427,22.07606],[103.15366,22.07594],[103.1485,22.07314],[103.14424,22.07078],[103.14063,22.07074],[103.13473,22.07298],[103.12879,22.0786],[103.12394,22.08697],[103.11841,22.09491],[103.11408,22.09843],[103.10614,22.10087],[103.10092,22.1027],[103.09938,22.09974],[103.09772,22.08898],[103.09266,22.07903],[103.08867,22.07393],[103.09337,22.05987],[103.07148,22.05941],[103.06491,22.06101],[103.06082,22.06286],[103.05858,22.0622],[103.05592,22.05859],[103.05236,22.05434],[103.04654,22.05069],[103.03935,22.04871],[103.01644,22.05664],[103.00947,22.05508],[103.00497,22.05398],[103.00002,22.05244],[102.99645,22.05008],[102.99423,22.04732],[102.99212,22.03656],[102.98927,22.03105],[102.98524,22.02847],[102.98231,22.02801],[102.97504,22.0315],[102.96849,22.03226],[102.96464,22.03327],[102.95669,22.05233],[102.95167,22.05585],[102.94644,22.05915],[102.94275,22.06437],[102.93953,22.06811],[102.93682,22.0685],[102.93298,22.06845],[102.92868,22.06924],[102.92659,22.07343],[102.9274,22.08017],[102.93224,22.08845],[102.93217,22.09329],[102.93097,22.09832],[102.92841,22.10356],[102.92634,22.10627],[102.92316,22.10707],[102.9216,22.106],[102.92338,22.09233],[102.91887,22.09185],[102.91055,22.08943],[102.90249,22.08512],[102.89672,22.07873],[102.8902,22.07675],[102.88636,22.0767],[102.87976,22.0804],[102.87732,22.08192],[102.86647,22.07855],[102.85884,22.06055],[102.8568,22.06074],[102.8545,22.06365],[102.85221,22.06636],[102.82333,22.06535],[102.77691,22.08914],[102.77415,22.09226],[102.775,22.09585],[102.77766,22.09884],[102.77693,22.10219],[102.77163,22.10928],[102.74027,22.13601],[102.73495,22.17214],[102.73853,22.1745],[102.74345,22.17752],[102.74538,22.18365],[102.74863,22.19275],[102.75024,22.20519],[102.74946,22.21129],[102.74667,22.2163],[102.74046,22.22316],[102.73218,22.23231],[102.7244,22.2383],[102.71556,22.24008],[102.70557,22.24246],[102.69601,22.24675],[102.68918,22.24981],[102.68023,22.2581],[102.67672,22.26211],[102.67378,22.25949],[102.66714,22.25608],[102.6635,22.25486],[102.68372,22.23878],[102.68492,22.23417],[102.69123,22.22163],[102.69548,22.21011],[102.68218,22.18087],[102.67647,22.17132],[102.67312,22.16874],[102.66768,22.16993],[102.65901,22.17507],[102.65221,22.17644],[102.64522,22.17592],[102.63955,22.17752],[102.61565,22.2018],[102.61575,22.23569],[102.61232,22.23838],[102.60617,22.24103],[102.59981,22.24283],[102.59592,22.24572],[102.5833,22.25669],[102.57872,22.26041],[102.57327,22.26201],[102.56874,22.26236],[102.56379,22.26145],[102.55997,22.26012],[102.55709,22.2565],[102.55384,22.24888],[102.54893,22.24523],[102.54172,22.24406],[102.53491,22.24585],[102.52874,22.24955],[102.51706,22.25863],[102.51153,22.26465],[102.50823,22.27197],[102.507,22.27805],[102.50303,22.28473],[102.49405,22.29406],[102.48878,22.2984],[102.48686,22.30468],[102.4797,22.31278],[102.47204,22.32382],[102.46553,22.33403],[102.4582,22.33939],[102.45589,22.34188],[102.45492,22.34523],[102.45206,22.35339],[102.44672,22.36131],[102.4403,22.36584],[102.42688,22.37004],[102.42298,22.37293],[102.42107,22.37858],[102.41936,22.3855],[102.41681,22.38862],[102.41161,22.38853],[102.40842,22.38974],[102.38636,22.40854],[102.38494,22.41189],[102.3949,22.42341],[102.39434,22.4293],[102.39125,22.43745],[102.38844,22.44246],[102.39008,22.45175],[102.39019,22.45764],[102.3892,22.46205],[102.3862,22.46537],[102.38023,22.46969],[102.37385,22.47253],[102.36679,22.47431],[102.36154,22.47675],[102.35631,22.48992],[102.3456,22.49396],[102.33696,22.52844],[102.33302,22.5331],[102.32726,22.53848],[102.31806,22.54864],[102.32001,22.5533],[102.32058,22.55899],[102.32507,22.55996],[102.33145,22.56068],[102.33515,22.56145],[102.35335,22.5688],[102.34546,22.58097],[102.34438,22.58567],[102.34487,22.58772],[102.34575,22.58914],[102.36724,22.59464],[102.36911,22.59622],[102.3727,22.59897],[102.37683,22.60202],[102.38698,22.61607],[102.39562,22.62653],[102.40274,22.63338],[102.40377,22.63353],[102.40621,22.63452],[102.41099,22.63486],[102.41363,22.63647],[102.41513,22.63872],[102.41511,22.64002],[102.41281,22.64286],[102.40327,22.64163],[102.39976,22.6443],[102.39647,22.65315],[102.38708,22.66518],[102.38363,22.67411],[102.38214,22.68134],[102.38476,22.68593],[102.39105,22.68932],[102.3948,22.68948],[102.40412,22.68654],[102.41024,22.68818],[102.43359,22.70365],[102.44292,22.72865],[102.45406,22.73473],[102.45052,22.74028],[102.44898,22.7447],[102.44955,22.75171],[102.45266,22.75965],[102.45743,22.76659],[102.46352,22.76998],[102.47288,22.771],[102.47609,22.77211],[102.47791,22.77495],[102.47868,22.77825],[102.48219,22.78004],[102.49134,22.78135],[102.49687,22.78105],[102.53123,22.76021],[102.53717,22.75402],[102.54049,22.74952],[102.54541,22.74815],[102.54598,22.74554],[102.54604,22.74368],[102.55002,22.73506],[102.55435,22.73155],[102.56019,22.72545],[102.56236,22.72094],[102.56443,22.71556],[102.56465,22.70918],[102.5649,22.70647],[102.5696,22.70587],[102.57761,22.70676],[102.58206,22.70857],[102.58349,22.71014],[102.5836,22.71585],[102.58473,22.72254],[102.5882,22.72665],[102.59723,22.73453],[102.60327,22.73481],[102.65432,22.69233],[102.68775,22.7053],[102.6968,22.70011],[102.70562,22.69598],[102.70755,22.69272],[102.70776,22.68614],[102.7078,22.68402],[102.72234,22.68016],[102.72448,22.67671],[102.7262,22.67355],[102.72929,22.66943],[102.73369,22.66804],[102.74565,22.66898],[102.74975,22.66682],[102.7528,22.65864],[102.75683,22.65395],[102.76065,22.64946],[102.77046,22.64844],[102.77975,22.6475],[102.78342,22.64581],[102.7812,22.63456],[102.78367,22.63024],[102.78604,22.6275],[102.8143,22.62264],[102.82099,22.62727],[102.8237,22.62741],[102.83828,22.62045],[102.84072,22.61797],[102.84075,22.61574],[102.8412,22.61362],[102.86083,22.6103],[102.86158,22.60886],[102.86028,22.60536],[102.86316,22.60095],[102.86852,22.59725],[102.87249,22.59663],[102.87526,22.59279],[102.86925,22.57685],[102.8697,22.57512],[102.87673,22.57134],[102.87905,22.56914],[102.87898,22.56702],[102.87675,22.56302],[102.87607,22.5603],[102.87767,22.55771],[102.88618,22.55202],[102.89197,22.54803],[102.89284,22.54544],[102.89286,22.54408],[102.88813,22.54054],[102.88692,22.5381],[102.90154,22.52746],[102.90615,22.52568],[102.90898,22.51073],[102.91878,22.50921],[102.92037,22.5071],[102.92181,22.50141],[102.92119,22.49376],[102.92409,22.4879],[102.92695,22.48484],[102.93659,22.48671],[102.93951,22.48626],[102.94527,22.48372],[102.94777,22.48375],[102.95241,22.48642],[102.95669,22.48561],[102.95871,22.48254],[102.96114,22.47986],[102.98433,22.48044],[102.9872,22.47651],[102.99026,22.47307],[102.98991,22.46871],[102.98996,22.46523],[102.99166,22.46293],[102.99643,22.46366],[103.00113,22.46276],[103.00571,22.46242],[103.00888,22.45908],[103.01185,22.45437],[103.01521,22.45267],[103.01843,22.45243],[103.02255,22.44803],[103.02614,22.44478],[103.02833,22.44394],[103.04991,22.44778],[103.05328,22.45227],[103.05493,22.45355],[103.0608,22.45013],[103.0656,22.44874],[103.07256,22.4495],[103.07668,22.45245],[103.07788,22.45595],[103.07861,22.46331],[103.07622,22.47054],[103.07044,22.47511],[103.06873,22.47809],[103.07095,22.48295],[103.07237,22.48616],[103.0714,22.48809],[103.0698,22.49116],[103.0821,22.5122],[103.11458,22.51907],[103.11693,22.52171],[103.12281,22.52603],[103.12868,22.53026],[103.1342,22.53797],[103.13685,22.54206],[103.14599,22.54526],[103.15645,22.54171],[103.18,22.55835],[103.16031,22.58491],[103.15671,22.59698],[103.16642,22.6174],[103.17972,22.6329],[103.18558,22.64729],[103.1914,22.65074],[103.19762,22.65114],[103.19893,22.65086],[103.20539,22.64886],[103.21031,22.64826],[103.21706,22.64899],[103.21733,22.64909],[103.22092,22.64943],[103.24311,22.6669],[103.25414,22.67291],[103.26906,22.67687],[103.28112,22.68568],[103.28034,22.69904],[103.28668,22.71853],[103.28404,22.72988],[103.28462,22.7383],[103.30765,22.76508],[103.3092,22.76883],[103.31272,22.77735],[103.31605,22.78327],[103.31557,22.80791],[103.32744,22.81214]]]],"type":"MultiPolygon"},"id":"tinh34.10","properties":{"matinh":"14","name":"Lai Châu","atlasId":6},"type":"Feature"},{"geometry":{"coordinates":[[[[103.62829,21.99304],[103.64894,21.99416],[103.65038,21.99108],[103.65054,21.98763],[103.65209,21.98538],[103.65492,21.98314],[103.6566,21.98077],[103.6578,21.97471],[103.65786,21.96887],[103.65866,21.96448],[103.66128,21.95807],[103.66285,21.95379],[103.66466,21.95119],[103.68513,21.94373],[103.68671,21.93862],[103.68714,21.93387],[103.68438,21.92896],[103.68111,21.92334],[103.68177,21.92144],[103.6878,21.91696],[103.69844,21.91086],[103.70258,21.90434],[103.70364,21.89959],[103.70221,21.88886],[103.70377,21.88613],[103.72039,21.87983],[103.72042,21.87662],[103.71867,21.87327],[103.71618,21.86658],[103.71201,21.86203],[103.70861,21.85759],[103.70535,21.85185],[103.70363,21.84517],[103.70072,21.84277],[103.69615,21.84059],[103.69412,21.83891],[103.69389,21.83628],[103.69395,21.83033],[103.69487,21.82688],[103.69833,21.82489],[103.70624,21.82364],[103.7097,21.82152],[103.71278,21.81905],[103.71487,21.81382],[103.71693,21.81146],[103.72128,21.80959],[103.75465,21.81032],[103.75323,21.78399],[103.75732,21.78212],[103.76816,21.78089],[103.77416,21.77962],[103.77685,21.77691],[103.78025,21.76717],[103.78244,21.76444],[103.78896,21.76128],[103.79204,21.75892],[103.79989,21.74933],[103.80069,21.74529],[103.80276,21.74113],[103.82241,21.73663],[103.83076,21.74384],[103.83319,21.74195],[103.83423,21.7391],[103.83198,21.73468],[103.83163,21.73074],[103.83245,21.72277],[103.83548,21.71029],[103.83897,21.70436],[103.84395,21.70201],[103.84664,21.7012],[103.8478,21.69847],[103.84923,21.69455],[103.85154,21.69266],[103.87628,21.68747],[103.88069,21.71036],[103.88325,21.70883],[103.88992,21.70268],[103.89439,21.70093],[103.90064,21.69835],[103.90588,21.69648],[103.90957,21.69686],[103.91516,21.69845],[103.92151,21.70123],[103.93148,21.69534],[103.93341,21.69285],[103.93458,21.68881],[103.93364,21.67868],[103.93458,21.67226],[103.93587,21.67048],[103.9575,21.67085],[103.96121,21.66969],[103.96405,21.67884],[103.96882,21.67438],[103.97986,21.67814],[103.98215,21.67827],[103.98853,21.67676],[103.99923,21.6748],[104.00256,21.67327],[104.00359,21.67078],[104.00665,21.66664],[104.02739,21.67247],[104.03339,21.66965],[104.04363,21.66184],[104.04899,21.65926],[104.05996,21.65622],[104.07679,21.65143],[104.07935,21.65002],[104.08485,21.64541],[104.0883,21.64328],[104.14372,21.6562],[104.15817,21.6422],[104.17211,21.63793],[104.17431,21.64992],[104.18208,21.64865],[104.19036,21.64798],[104.19417,21.64883],[104.19669,21.65301],[104.20681,21.6658],[104.21123,21.6719],[104.21581,21.67335],[104.22357,21.6735],[104.23911,21.67226],[104.25019,21.67255],[104.25274,21.67102],[104.25339,21.66733],[104.25519,21.66555],[104.28895,21.66081],[104.29406,21.65619],[104.29713,21.6537],[104.30044,21.65348],[104.30985,21.6559],[104.31558,21.65628],[104.32207,21.65547],[104.33302,21.65576],[104.3357,21.65386],[104.33712,21.65053],[104.33702,21.64398],[104.33677,21.64208],[104.33157,21.63908],[104.32396,21.6319],[104.31953,21.62676],[104.31714,21.62128],[104.31398,21.61745],[104.28707,21.60245],[104.29497,21.57331],[104.29371,21.57188],[104.28939,21.56983],[104.28673,21.56768],[104.28167,21.56146],[104.27573,21.55358],[104.27485,21.55143],[104.27743,21.54513],[104.28013,21.53978],[104.28473,21.53444],[104.28946,21.52922],[104.2905,21.52577],[104.2918,21.5184],[104.29184,21.51185],[104.28984,21.50422],[104.28415,21.49621],[104.28303,21.4924],[104.28356,21.48764],[104.28108,21.47607],[104.28097,21.4719],[104.30063,21.454],[104.29963,21.45031],[104.29738,21.44351],[104.29868,21.43816],[104.30187,21.43472],[104.30912,21.43308],[104.31524,21.43013],[104.32753,21.40993],[104.33313,21.40912],[104.33846,21.41009],[104.34074,21.4126],[104.34237,21.41761],[104.34503,21.41941],[104.34808,21.41835],[104.35421,21.41206],[104.36213,21.40221],[104.36634,21.4002],[104.37104,21.4001],[104.37853,21.40274],[104.38335,21.40324],[104.38882,21.40183],[104.39406,21.39601],[104.39814,21.39162],[104.40476,21.38986],[104.40947,21.38761],[104.41483,21.38191],[104.41764,21.37645],[104.4183,21.37157],[104.41795,21.36466],[104.4191,21.36145],[104.4219,21.35919],[104.42954,21.35577],[104.43564,21.35602],[104.44237,21.35759],[104.44732,21.35785],[104.45571,21.35538],[104.46741,21.35339],[104.47363,21.35424],[104.47756,21.35652],[104.48566,21.36631],[104.49186,21.373],[104.50201,21.37815],[104.50631,21.38292],[104.51668,21.39963],[104.52236,21.40953],[104.52693,21.41347],[104.5315,21.41551],[104.53811,21.41529],[104.54841,21.41186],[104.55566,21.41081],[104.57739,21.41075],[104.57904,21.41254],[104.57966,21.41611],[104.5827,21.42148],[104.58562,21.42375],[104.59096,21.42281],[104.63858,21.38719],[104.67215,21.37654],[104.67622,21.37655],[104.68117,21.37775],[104.68371,21.38002],[104.68598,21.38586],[104.6866,21.39598],[104.68761,21.40027],[104.68989,21.40159],[104.69662,21.40291],[104.70094,21.40565],[104.70386,21.40578],[104.70628,21.40388],[104.71175,21.40151],[104.71671,21.40116],[104.72268,21.40236],[104.7289,21.40666],[104.73207,21.40583],[104.73348,21.40309],[104.73159,21.39499],[104.73223,21.3882],[104.73466,21.38296],[104.73772,21.37594],[104.7437,21.36952],[104.74511,21.36571],[104.74677,21.35654],[104.76,21.34775],[104.76483,21.34787],[104.76905,21.33073],[104.77197,21.32871],[104.77451,21.32848],[104.77896,21.3286],[104.78302,21.33015],[104.78987,21.33528],[104.79305,21.33541],[104.79775,21.33279],[104.80144,21.33184],[104.80487,21.33268],[104.81211,21.33531],[104.8146,21.32665],[104.8181,21.32256],[104.82539,21.31751],[104.83516,21.31328],[104.83953,21.3111],[104.84128,21.30946],[104.84158,21.30509],[104.83973,21.2667],[104.8409,21.26355],[104.84702,21.25905],[104.85374,21.23679],[104.84283,21.22667],[104.84633,21.22503],[104.85361,21.22134],[104.85842,21.21629],[104.86207,21.21056],[104.86251,21.20728],[104.8583,21.19566],[104.84986,21.18363],[104.85715,21.17407],[104.85179,21.15248],[104.89343,21.13065],[104.90945,21.11713],[104.91062,21.1129],[104.89699,21.10956],[104.88783,21.106],[104.87727,21.10094],[104.86594,21.07717],[104.86276,21.07773],[104.85479,21.0796],[104.8518,21.07754],[104.85077,21.07343],[104.8648,21.03305],[104.87828,21.02442],[104.88322,21.01738],[104.88855,21.00977],[104.89122,21.0012],[104.89408,20.99016],[104.89906,20.98197],[104.9222,20.96239],[104.94054,20.9327],[104.94911,20.92566],[104.95438,20.92086],[104.95748,20.91805],[104.97252,20.90929],[104.97481,20.90263],[104.97747,20.89273],[104.99616,20.87063],[104.99782,20.85704],[104.99796,20.85452],[104.99542,20.84937],[104.99568,20.84723],[104.99716,20.8461],[105.0,20.84664],[105.00261,20.84608],[105.00403,20.84466],[105.00441,20.84172],[104.99594,20.81548],[105.02562,20.80281],[105.03253,20.79601],[105.02987,20.78491],[105.03291,20.77367],[105.01991,20.77917],[105.01258,20.77452],[105.00751,20.77062],[105.00713,20.76389],[105.00058,20.76562],[104.99728,20.76593],[104.98887,20.75541],[104.98803,20.75031],[104.98828,20.75042],[104.99093,20.75174],[104.99449,20.75205],[104.99919,20.75019],[105.00167,20.74906],[105.00792,20.74539],[105.0105,20.74107],[105.01514,20.73238],[105.01473,20.72954],[105.01232,20.72765],[105.00285,20.72482],[105.0,20.72391],[104.98712,20.72492],[104.98175,20.72492],[104.96564,20.73181],[104.94342,20.74444],[104.93634,20.7472],[104.92877,20.74628],[104.91608,20.7442],[104.90802,20.74742],[104.8941,20.75568],[104.88506,20.76096],[104.86542,20.76349],[104.8577,20.75469],[104.8428,20.75417],[104.83801,20.75023],[104.83585,20.74813],[104.83554,20.74733],[104.83579,20.73533],[104.84367,20.73141],[104.83735,20.71803],[104.84787,20.70391],[104.83357,20.69836],[104.83896,20.68484],[104.83496,20.66059],[104.84453,20.65184],[104.84067,20.64985],[104.82505,20.64371],[104.81838,20.63941],[104.79705,20.62026],[104.79884,20.59594],[104.79894,20.58948],[104.79747,20.58659],[104.77437,20.57801],[104.77246,20.57834],[104.769,20.58044],[104.76325,20.58251],[104.73963,20.57494],[104.72503,20.59064],[104.72062,20.60122],[104.71763,20.6037],[104.71376,20.60551],[104.69989,20.60516],[104.69603,20.60432],[104.69182,20.60134],[104.68849,20.59819],[104.68533,20.59719],[104.68164,20.59884],[104.68163,20.60132],[104.68196,20.6129],[104.68125,20.61571],[104.67914,20.61819],[104.67281,20.62265],[104.66578,20.62429],[104.66139,20.62527],[104.65998,20.62626],[104.65575,20.63155],[104.64607,20.64261],[104.63439,20.65445],[104.63591,20.6598],[104.6359,20.66716],[104.63507,20.67084],[104.63308,20.67375],[104.59002,20.67809],[104.58488,20.68156],[104.58302,20.68427],[104.58301,20.68814],[104.58402,20.6955],[104.58271,20.7016],[104.55716,20.72079],[104.55253,20.72233],[104.54996,20.72261],[104.54472,20.72037],[104.5402,20.71862],[104.53239,20.71773],[104.52839,20.7151],[104.52696,20.712],[104.52461,20.70561],[104.52226,20.70347],[104.51959,20.70298],[104.51639,20.70423],[104.50805,20.71059],[104.50773,20.7134],[104.5072,20.71659],[104.50638,20.71756],[104.50001,20.71647],[104.49713,20.71579],[104.49301,20.71694],[104.48981,20.72099],[104.48856,20.72506],[104.48637,20.73599],[104.48594,20.73995],[104.48685,20.74625],[104.47823,20.77081],[104.47431,20.77322],[104.46978,20.77611],[104.46606,20.77929],[104.46163,20.78102],[104.45505,20.78196],[104.44908,20.7832],[104.44582,20.80013],[104.44222,20.80109],[104.43749,20.80098],[104.42291,20.79434],[104.38378,20.82876],[104.37996,20.83059],[104.37749,20.83097],[104.37606,20.8297],[104.37639,20.8239],[104.37568,20.82283],[104.37362,20.82253],[104.33539,20.85936],[104.32572,20.85826],[104.32375,20.86077],[104.3261,20.86417],[104.32928,20.86757],[104.3307,20.87299],[104.33098,20.87793],[104.33076,20.88132],[104.32817,20.88634],[104.32196,20.89348],[104.31245,20.90157],[104.30604,20.90696],[104.30017,20.9082],[104.2944,20.90992],[104.28815,20.92441],[104.28248,20.92739],[104.27918,20.92824],[104.27517,20.92571],[104.27189,20.92337],[104.26675,20.9217],[104.26439,20.92005],[104.26059,20.91752],[104.25856,20.91238],[104.25786,20.90724],[104.25526,20.90249],[104.25136,20.90073],[104.2462,20.90303],[104.24103,20.90765],[104.23771,20.91229],[104.23828,20.92197],[104.2399,20.92836],[104.24008,20.93223],[104.23966,20.93494],[104.23635,20.93686],[104.19264,20.94789],[104.18932,20.95291],[104.18661,20.95754],[104.15284,20.95622],[104.14052,20.95112],[104.13476,20.94881],[104.12733,20.95163],[104.1242,20.95878],[104.12084,20.9696],[104.11794,20.97288],[104.11175,20.97478],[104.10226,20.97764],[104.09855,20.97742],[104.09345,20.96965],[104.0871,20.96478],[104.08093,20.96184],[104.07682,20.96143],[104.06941,20.96062],[104.06325,20.95691],[104.05565,20.95435],[104.05236,20.95239],[104.05114,20.95084],[104.0549,20.94254],[104.05307,20.93827],[104.04755,20.93282],[104.04654,20.92913],[104.04658,20.92255],[104.04579,20.91713],[104.04253,20.91266],[104.03616,20.90933],[104.03084,20.90504],[103.99357,20.90638],[103.99027,20.90752],[103.98736,20.9106],[103.97891,20.91229],[103.97272,20.91399],[103.96799,20.913],[103.95963,20.9025],[103.9541,20.89743],[103.95122,20.89683],[103.94628,20.8968],[103.94175,20.89774],[103.93512,20.90331],[103.93038,20.90464],[103.91947,20.90418],[103.91207,20.90297],[103.90382,20.90486],[103.89721,20.90733],[103.89412,20.90731],[103.87979,20.89676],[103.84649,20.86325],[103.84423,20.86323],[103.83658,20.86802],[103.83016,20.8732],[103.82479,20.87452],[103.81986,20.87372],[103.81517,20.86865],[103.81128,20.86591],[103.80883,20.86357],[103.80867,20.85719],[103.80601,20.85484],[103.8013,20.85288],[103.79824,20.84918],[103.80123,20.83565],[103.80106,20.83081],[103.79801,20.82614],[103.77369,20.80603],[103.7737,20.80429],[103.77642,20.79908],[103.77645,20.79502],[103.77854,20.79078],[103.78009,20.78864],[103.785,20.78076],[103.78564,20.77747],[103.78528,20.77166],[103.78326,20.76623],[103.78435,20.75946],[103.78561,20.7556],[103.78914,20.75117],[103.78773,20.74806],[103.77974,20.74433],[103.77176,20.73866],[103.76745,20.73747],[103.76209,20.73975],[103.75656,20.737],[103.75184,20.73542],[103.7467,20.73558],[103.73519,20.73569],[103.72923,20.73467],[103.72658,20.73136],[103.72808,20.72402],[103.73165,20.71611],[103.73293,20.70973],[103.73239,20.70102],[103.74325,20.68],[103.74142,20.67786],[103.73488,20.67278],[103.7308,20.67023],[103.69324,20.66375],[103.68523,20.66311],[103.68008,20.66404],[103.67512,20.66729],[103.66808,20.69685],[103.66476,20.69993],[103.6627,20.70068],[103.65574,20.69773],[103.65142,20.69808],[103.64667,20.69998],[103.63622,20.71964],[103.63105,20.72269],[103.61886,20.72898],[103.61082,20.73182],[103.60708,20.73508],[103.60208,20.74298],[103.59815,20.74546],[103.5932,20.74716],[103.58599,20.74807],[103.5796,20.74976],[103.57322,20.74971],[103.56768,20.74889],[103.56151,20.74942],[103.55555,20.7484],[103.55187,20.74643],[103.53519,20.75527],[103.52529,20.75221],[103.51933,20.75177],[103.51459,20.7525],[103.5086,20.75535],[103.50508,20.75822],[103.50174,20.76245],[103.49817,20.77075],[103.4973,20.77461],[103.48774,20.78498],[103.48506,20.78611],[103.48092,20.78782],[103.47862,20.79206],[103.47692,20.79707],[103.47705,20.80462],[103.47783,20.80908],[103.47781,20.8116],[103.46036,20.82809],[103.44134,20.81727],[103.43619,20.79767],[103.41213,20.79726],[103.40519,20.79236],[103.40072,20.7869],[103.39731,20.78391],[103.39002,20.78718],[103.38239,20.78866],[103.36286,20.80764],[103.34581,20.80534],[103.32304,20.81789],[103.29583,20.82266],[103.29189,20.82533],[103.29023,20.82744],[103.2914,20.83287],[103.29137,20.83519],[103.28805,20.83768],[103.28557,20.83901],[103.25712,20.82614],[103.22731,20.84248],[103.22562,20.84555],[103.22429,20.85425],[103.23011,20.86669],[103.23171,20.87039],[103.23188,20.8731],[103.21375,20.89284],[103.21332,20.89439],[103.21369,20.89715],[103.22579,20.89682],[103.24226,20.8857],[103.25686,20.88782],[103.26769,20.89267],[103.2558,20.89722],[103.26205,20.90182],[103.26598,20.90336],[103.27014,20.9034],[103.27381,20.90083],[103.27585,20.89965],[103.27788,20.89967],[103.28717,20.9097],[103.28553,20.9124],[103.27666,20.92256],[103.27446,20.92746],[103.274,20.93067],[103.2738,20.9383],[103.2759,20.94234],[103.28087,20.9465],[103.28438,20.94815],[103.2878,20.94768],[103.29336,20.94733],[103.29506,20.94795],[103.296,20.95007],[103.29507,20.95679],[103.29608,20.97177],[103.29508,20.97975],[103.28992,20.99413],[103.2817,20.99853],[103.28103,21.00117],[103.2812,21.00438],[103.28305,21.01123],[103.28637,21.0197],[103.28675,21.02432],[103.28583,21.02954],[103.28146,21.03793],[103.27642,21.04853],[103.27573,21.05294],[103.27525,21.05775],[103.27563,21.06137],[103.28301,21.0638],[103.28407,21.06591],[103.28603,21.06764],[103.28749,21.07237],[103.28862,21.0759],[103.286,21.09705],[103.29077,21.099],[103.32143,21.09454],[103.33645,21.08801],[103.3439,21.08386],[103.34756,21.0809],[103.35313,21.07591],[103.37882,21.06185],[103.3823,21.06148],[103.38505,21.06232],[103.39806,21.06653],[103.40183,21.06643],[103.40765,21.06526],[103.41301,21.06544],[103.41895,21.067],[103.42154,21.06825],[103.42225,21.07057],[103.42043,21.07737],[103.41966,21.08159],[103.40396,21.11169],[103.40348,21.11632],[103.40437,21.12737],[103.40388,21.13295],[103.4006,21.14096],[103.39572,21.14909],[103.3957,21.151],[103.40876,21.16515],[103.42419,21.16121],[103.42794,21.1637],[103.43121,21.16986],[103.43399,21.18147],[103.43528,21.19729],[103.43363,21.20273],[103.43095,21.20829],[103.43089,21.22818],[103.43171,21.23269],[103.43439,21.23993],[103.42858,21.25378],[103.43158,21.25831],[103.435,21.26556],[103.43753,21.27322],[103.43845,21.28222],[103.43812,21.28576],[103.43243,21.30233],[103.42928,21.3117],[103.42634,21.31467],[103.41699,21.31867],[103.41263,21.31918],[103.40638,21.31912],[103.3968,21.31794],[103.36741,21.33401],[103.36737,21.33755],[103.36978,21.3437],[103.37524,21.3488],[103.38114,21.35472],[103.38543,21.3613],[103.3864,21.36485],[103.38622,21.36853],[103.3827,21.37136],[103.37324,21.37222],[103.36218,21.37334],[103.35984,21.3744],[103.35369,21.39151],[103.34884,21.39569],[103.33918,21.402],[103.329,21.41457],[103.32926,21.41757],[103.3357,21.42608],[103.34018,21.42912],[103.3441,21.42944],[103.35053,21.42718],[103.35402,21.42681],[103.35836,21.42862],[103.36198,21.43016],[103.36605,21.4302],[103.37058,21.42901],[103.37436,21.42905],[103.37594,21.43043],[103.37692,21.43357],[103.3785,21.4355],[103.38199,21.43539],[103.3849,21.43556],[103.39163,21.43866],[103.39377,21.43713],[103.39838,21.43438],[103.40498,21.43931],[103.40948,21.45057],[103.41313,21.43819],[103.41673,21.42979],[103.42178,21.43065],[103.43291,21.4319],[103.43558,21.43238],[103.44562,21.43724],[103.44776,21.4395],[103.44603,21.44513],[103.44616,21.44718],[103.45032,21.45266],[103.45404,21.45842],[103.45414,21.46224],[103.45157,21.47148],[103.4512,21.47884],[103.45103,21.4817],[103.44867,21.48494],[103.44675,21.48765],[103.44672,21.48997],[103.44814,21.49298],[103.44853,21.49734],[103.45079,21.50391],[103.45351,21.50816],[103.45726,21.51146],[103.45971,21.51366],[103.45896,21.51584],[103.45762,21.51896],[103.4595,21.5202],[103.46431,21.51929],[103.46766,21.51864],[103.48334,21.52287],[103.49879,21.53446],[103.51536,21.53624],[103.51692,21.54048],[103.51876,21.54595],[103.51857,21.55017],[103.5167,21.56228],[103.51724,21.5661],[103.53019,21.56731],[103.52956,21.58652],[103.53302,21.58941],[103.53605,21.59203],[103.53631,21.59584],[103.53757,21.60076],[103.54074,21.60351],[103.54666,21.60902],[103.55286,21.61534],[103.55384,21.61943],[103.55294,21.62161],[103.55351,21.62298],[103.55743,21.62451],[103.54087,21.6493],[103.5439,21.65192],[103.55276,21.65472],[103.5555,21.6572],[103.55664,21.6598],[103.55746,21.66512],[103.55989,21.66964],[103.56896,21.68075],[103.57563,21.68422],[103.58042,21.68589],[103.58378,21.68497],[103.58806,21.67955],[103.59114,21.67713],[103.59348,21.67647],[103.59477,21.67879],[103.57073,21.73746],[103.55891,21.75316],[103.55709,21.76037],[103.55502,21.76403],[103.53942,21.77834],[103.54672,21.77997],[103.55194,21.7832],[103.55315,21.79278],[103.54414,21.80182],[103.53851,21.81021],[103.53819,21.82779],[103.5263,21.83545],[103.52771,21.83955],[103.52738,21.84309],[103.52077,21.86211],[103.51739,21.86453],[103.51124,21.8672],[103.50813,21.87113],[103.50606,21.87411],[103.49173,21.87738],[103.48322,21.89515],[103.48261,21.89787],[103.4849,21.90226],[103.48545,21.90539],[103.48412,21.90729],[103.47897,21.91119],[103.47747,21.915],[103.47774,21.91718],[103.48185,21.91646],[103.48823,21.91226],[103.49502,21.91141],[103.5022,21.90527],[103.50723,21.9071],[103.50869,21.91063],[103.51309,21.91272],[103.5218,21.91365],[103.5052,21.94404],[103.49908,21.94961],[103.50452,21.9571],[103.50213,21.96487],[103.50033,21.96767],[103.49782,21.96996],[103.49487,21.97199],[103.49678,21.97735],[103.49839,21.98109],[103.51123,21.99175],[103.51166,22.01527],[103.51587,22.02023],[103.52406,22.02576],[103.53967,22.03082],[103.60316,22.01166],[103.60596,22.00927],[103.60896,22.00514],[103.61233,22.00214],[103.62829,21.99304]]]],"type":"MultiPolygon"},"id":"tinh34.9","properties":{"matinh":"15","name":"Sơn La","atlasId":7},"type":"Feature"},{"geometry":{"coordinates":[[[[106.09983,21.93695],[106.11995,21.92542],[106.12203,21.92533],[106.12695,21.92544],[106.12916,21.92363],[106.13022,21.92112],[106.12585,21.91297],[106.12731,21.90314],[106.11203,21.89146],[106.1137,21.8724],[106.11299,21.86975],[106.11128,21.86689],[106.10957,21.86433],[106.10917,21.86182],[106.10912,21.85623],[106.1094,21.8525],[106.11601,21.84334],[106.10754,21.84025],[106.10645,21.83817],[106.10619,21.83452],[106.10564,21.83294],[106.09932,21.83062],[106.09684,21.8272],[106.09412,21.82284],[106.09372,21.82105],[106.10511,21.80434],[106.10586,21.792],[106.1134,21.78349],[106.13307,21.78622],[106.14877,21.76202],[106.17109,21.75068],[106.17353,21.74815],[106.17627,21.74491],[106.17833,21.7436],[106.19168,21.74358],[106.19553,21.73609],[106.21428,21.72879],[106.22443,21.73237],[106.22796,21.73134],[106.23178,21.72945],[106.23368,21.72778],[106.23585,21.72124],[106.23598,21.71787],[106.22518,21.6935],[106.22323,21.68032],[106.22183,21.6784],[106.21788,21.67326],[106.21587,21.67177],[106.21187,21.67065],[106.20732,21.66832],[106.20107,21.65438],[106.19523,21.65177],[106.19052,21.64877],[106.18949,21.64613],[106.18946,21.64253],[106.19437,21.63278],[106.19574,21.62108],[106.18424,21.60614],[106.17415,21.60957],[106.17125,21.61083],[106.15864,21.6268],[106.12383,21.6175],[106.11608,21.61756],[106.1095,21.61968],[106.09743,21.62528],[106.09528,21.62537],[106.09144,21.62439],[106.08429,21.62178],[106.08075,21.61973],[106.05562,21.60218],[106.0543,21.6001],[106.05204,21.59531],[106.04635,21.58201],[106.04381,21.58024],[106.03387,21.57349],[106.03124,21.56977],[106.0286,21.56297],[106.04433,21.55965],[106.04896,21.55396],[106.0544,21.5528],[106.04156,21.51894],[106.04334,21.50885],[106.04002,21.4885],[106.04467,21.48044],[106.03899,21.47264],[106.04151,21.46718],[106.04648,21.46322],[106.0482,21.46035],[106.0496,21.45594],[106.04947,21.45192],[106.04831,21.44772],[106.04594,21.44382],[106.04296,21.44145],[106.0405,21.44041],[106.0355,21.44082],[106.03121,21.44133],[106.02774,21.44049],[106.02547,21.43783],[106.02453,21.43458],[106.03357,21.41368],[106.02396,21.39739],[106.02206,21.39651],[106.0214,21.39653],[106.01943,21.3972],[106.00755,21.40576],[105.99085,21.40864],[105.98786,21.41028],[105.98371,21.41224],[105.97427,21.41769],[105.96988,21.42215],[105.96965,21.42238],[105.96807,21.42399],[105.96511,21.43113],[105.96306,21.43589],[105.9596,21.43634],[105.95635,21.43442],[105.95533,21.43199],[105.95444,21.40807],[105.94197,21.39656],[105.94136,21.37785],[105.93892,21.37476],[105.93713,21.37369],[105.9083,21.37564],[105.89553,21.3514],[105.89985,21.34982],[105.90751,21.35226],[105.90603,21.3469],[105.90332,21.3448],[105.89611,21.34404],[105.88516,21.3466],[105.88388,21.34541],[105.88014,21.33958],[105.88847,21.32668],[105.86518,21.33188],[105.85875,21.33866],[105.85483,21.34451],[105.85213,21.34975],[105.84862,21.37744],[105.84319,21.37775],[105.8378,21.37702],[105.8324,21.37629],[105.81007,21.3842],[105.79713,21.38401],[105.79335,21.38177],[105.78901,21.37725],[105.78437,21.36746],[105.7833,21.36321],[105.78289,21.3616],[105.77754,21.36109],[105.77553,21.36179],[105.77425,21.3635],[105.77336,21.36813],[105.77063,21.37209],[105.75839,21.38105],[105.75987,21.38379],[105.76192,21.39063],[105.76341,21.39525],[105.75979,21.40383],[105.75378,21.41277],[105.74701,21.41657],[105.72992,21.41167],[105.7257,21.41186],[105.72168,21.41342],[105.71949,21.41652],[105.71969,21.41943],[105.72172,21.42353],[105.7236,21.43072],[105.72195,21.43313],[105.70966,21.43249],[105.70857,21.4349],[105.70656,21.43782],[105.70474,21.44057],[105.68549,21.44356],[105.67051,21.45989],[105.66519,21.4606],[105.65726,21.46036],[105.6435,21.46759],[105.6338,21.47809],[105.62594,21.49483],[105.60024,21.52658],[105.55496,21.56774],[105.52603,21.58667],[105.51046,21.60323],[105.49921,21.62318],[105.48386,21.67151],[105.48469,21.69086],[105.48047,21.69519],[105.47915,21.69788],[105.47871,21.69912],[105.47983,21.70097],[105.48227,21.70303],[105.48781,21.70528],[105.49037,21.70985],[105.49406,21.71412],[105.49776,21.71925],[105.49851,21.72353],[105.49981,21.72764],[105.50332,21.73123],[105.50994,21.73344],[105.51474,21.73873],[105.51383,21.74113],[105.50762,21.74783],[105.52201,21.76869],[105.52102,21.77121],[105.51716,21.77296],[105.5114,21.77394],[105.50407,21.77237],[105.50025,21.77173],[105.49436,21.77397],[105.49244,21.7782],[105.4919,21.78095],[105.49488,21.79225],[105.49261,21.82806],[105.4941,21.83165],[105.49778,21.83318],[105.50257,21.83437],[105.50809,21.83435],[105.51232,21.83194],[105.51544,21.83073],[105.52041,21.83123],[105.52392,21.83396],[105.52577,21.83858],[105.52691,21.84629],[105.51802,21.88263],[105.52006,21.88708],[105.52541,21.88963],[105.53683,21.89131],[105.54144,21.89352],[105.54347,21.89626],[105.5444,21.89882],[105.54424,21.90414],[105.54462,21.90602],[105.5496,21.90994],[105.55164,21.91388],[105.55147,21.91645],[105.55038,21.92107],[105.54873,21.92607],[105.54866,21.93726],[105.54913,21.94835],[105.55126,21.95403],[105.55452,21.95916],[105.55306,21.95928],[105.54223,21.96504],[105.53339,21.96994],[105.52871,21.975],[105.52421,21.98175],[105.50689,21.99324],[105.50361,22.00564],[105.50244,22.0071],[105.49763,22.01223],[105.49372,22.01624],[105.49018,22.02558],[105.48773,22.03991],[105.48608,22.04805],[105.47956,22.0554],[105.47839,22.05649],[105.4664,22.06995],[105.46464,22.07595],[105.465,22.07895],[105.46681,22.08627],[105.46941,22.09456],[105.47133,22.09811],[105.47037,22.10212],[105.46492,22.10504],[105.4622,22.10813],[105.46106,22.1154],[105.46576,22.12302],[105.47026,22.12737],[105.47221,22.12936],[105.4728,22.13099],[105.47283,22.1379],[105.4787,22.14442],[105.48632,22.15021],[105.49061,22.15256],[105.49083,22.15747],[105.48908,22.15984],[105.47584,22.16405],[105.46862,22.16298],[105.46551,22.16499],[105.45949,22.17282],[105.45901,22.18598],[105.45598,22.18832],[105.45045,22.19117],[105.44207,22.19952],[105.4337,22.20854],[105.4296,22.21371],[105.43717,22.23285],[105.4348,22.25901],[105.43716,22.26227],[105.44297,22.26417],[105.44881,22.26655],[105.45596,22.26653],[105.45918,22.26652],[105.46312,22.26717],[105.46563,22.2705],[105.46815,22.27382],[105.46744,22.27649],[105.46244,22.2785],[105.46066,22.28017],[105.4603,22.28184],[105.46067,22.28417],[105.48681,22.2941],[105.47829,22.31177],[105.48009,22.31442],[105.48511,22.31807],[105.48669,22.31846],[105.49442,22.32038],[105.49772,22.34269],[105.50131,22.34501],[105.50812,22.34799],[105.51135,22.35131],[105.51342,22.35805],[105.51399,22.36269],[105.51396,22.36395],[105.51217,22.37928],[105.51688,22.39526],[105.51977,22.40258],[105.52161,22.40363],[105.52659,22.40689],[105.53603,22.40804],[105.54485,22.40583],[105.55307,22.4028],[105.55701,22.40279],[105.55917,22.40511],[105.55953,22.40744],[105.55954,22.40944],[105.55455,22.41379],[105.55062,22.41813],[105.54992,22.4218],[105.54995,22.42913],[105.55143,22.43978],[105.55613,22.45176],[105.56406,22.46572],[105.5709,22.47436],[105.58599,22.48496],[105.59174,22.48894],[105.59391,22.49359],[105.59395,22.50226],[105.59403,22.52124],[105.59302,22.53557],[105.58501,22.54992],[105.58198,22.55517],[105.58049,22.55723],[105.57814,22.55903],[105.56661,22.56298],[105.56268,22.56499],[105.55911,22.57],[105.55483,22.57435],[105.54774,22.5852],[105.54688,22.58695],[105.54689,22.58903],[105.54488,22.59736],[105.54275,22.60337],[105.53522,22.61262],[105.53253,22.61589],[105.52746,22.62136],[105.52746,22.62149],[105.52749,22.62789],[105.52894,22.63407],[105.53671,22.63495],[105.53926,22.63767],[105.5387,22.64403],[105.53931,22.64947],[105.54167,22.65292],[105.54775,22.6578],[105.58008,22.66986],[105.59102,22.66746],[105.59728,22.66762],[105.59906,22.66979],[105.59907,22.67306],[105.59792,22.67906],[105.60206,22.6854],[105.60915,22.69537],[105.61347,22.69971],[105.64518,22.70177],[105.64951,22.70647],[105.65798,22.71861],[105.66309,22.72386],[105.66799,22.72547],[105.68783,22.72223],[105.69316,22.7233],[105.69912,22.72643],[105.709,22.72735],[105.71872,22.72266],[105.72412,22.72536],[105.72988,22.72532],[105.73546,22.73088],[105.74103,22.73798],[105.75067,22.72894],[105.75639,22.72491],[105.75198,22.70728],[105.77162,22.6902],[105.77125,22.68787],[105.76663,22.68114],[105.75596,22.67076],[105.7481,22.66481],[105.74375,22.65629],[105.74,22.64995],[105.73723,22.64378],[105.72682,22.63751],[105.75081,22.60907],[105.74614,22.59587],[105.74645,22.59436],[105.7476,22.59257],[105.74898,22.59077],[105.76525,22.58811],[105.77523,22.5763],[105.77082,22.56241],[105.77308,22.55222],[105.78624,22.54764],[105.80225,22.52609],[105.81333,22.52328],[105.83373,22.51951],[105.84556,22.51945],[105.85659,22.52201],[105.85811,22.52238],[105.89028,22.51038],[105.90061,22.50067],[105.90596,22.49731],[105.90919,22.49729],[105.92813,22.52744],[105.95597,22.52799],[106.01707,22.5599],[106.03087,22.56043],[106.03438,22.56203],[106.03764,22.56436],[106.0394,22.56621],[106.04583,22.57874],[106.0646,22.57039],[106.06594,22.57062],[106.06812,22.57219],[106.07044,22.57351],[106.07976,22.57369],[106.08026,22.57239],[106.08046,22.5711],[106.0804,22.56986],[106.07366,22.56316],[106.07256,22.56088],[106.07217,22.55806],[106.07247,22.55634],[106.08536,22.55329],[106.09179,22.54588],[106.09232,22.53512],[106.09932,22.5225],[106.09931,22.52145],[106.09868,22.5194],[106.09867,22.51797],[106.11582,22.51372],[106.11635,22.51241],[106.11687,22.51006],[106.11724,22.5085],[106.11363,22.48523],[106.11698,22.47349],[106.09308,22.44615],[106.09282,22.44449],[106.09281,22.44306],[106.09923,22.43573],[106.10014,22.4238],[106.09723,22.41475],[106.10336,22.40921],[106.10736,22.40017],[106.11829,22.40239],[106.13724,22.39532],[106.13897,22.39577],[106.1425,22.39815],[106.14916,22.40039],[106.14996,22.39977],[106.15151,22.39866],[106.15348,22.39753],[106.15345,22.3899],[106.15444,22.38959],[106.15784,22.38583],[106.16116,22.3815],[106.17541,22.38761],[106.17818,22.38647],[106.17987,22.38605],[106.18352,22.38715],[106.1892,22.3772],[106.19807,22.37564],[106.20034,22.37431],[106.20399,22.37158],[106.20628,22.36983],[106.20698,22.36851],[106.20785,22.36581],[106.20854,22.36372],[106.21626,22.35744],[106.21701,22.35475],[106.21794,22.35116],[106.2181,22.35029],[106.20554,22.33542],[106.19769,22.31164],[106.21151,22.2902],[106.22005,22.29074],[106.22318,22.28199],[106.23445,22.27856],[106.23623,22.27616],[106.23979,22.27278],[106.2424,22.27013],[106.24485,22.25637],[106.23524,22.22257],[106.22421,22.21512],[106.2201,22.20787],[106.21931,22.20518],[106.21939,22.2001],[106.21993,22.1952],[106.2213,22.19113],[106.22364,22.18687],[106.22695,22.1835],[106.2307,22.18],[106.23108,22.17892],[106.23107,22.17779],[106.23002,22.17594],[106.22589,22.17275],[106.2197,22.16861],[106.21667,22.16702],[106.19666,22.14488],[106.18863,22.14333],[106.1796,22.12995],[106.18368,22.11941],[106.16779,22.11247],[106.16045,22.10129],[106.1553,22.08316],[106.1209,22.08627],[106.11245,22.07223],[106.10542,22.07425],[106.09639,22.06725],[106.10025,22.04458],[106.09421,22.03357],[106.09502,22.031],[106.09603,22.02943],[106.10694,22.02249],[106.10757,22.00038],[106.11283,21.99339],[106.11075,21.96422],[106.10929,21.96365],[106.10706,21.96374],[106.10267,21.96305],[106.09781,21.96051],[106.09648,21.95786],[106.09654,21.95542],[106.09768,21.95405],[106.10871,21.95164],[106.10851,21.94826],[106.10624,21.94586],[106.09591,21.93914],[106.09983,21.93695]]]],"type":"MultiPolygon"},"id":"tinh34.30","properties":{"matinh":"10","name":"Thái Nguyên","atlasId":8},"type":"Feature"},{"geometry":{"coordinates":[[[[106.25644,22.45303],[106.26531,22.45282],[106.26916,22.45179],[106.27606,22.44779],[106.28675,22.42784],[106.28898,22.42696],[106.29638,22.42626],[106.29815,22.42589],[106.31196,22.41051],[106.3165,22.40896],[106.32649,22.41361],[106.32818,22.41345],[106.33048,22.41222],[106.33118,22.40397],[106.34176,22.39033],[106.3413,22.37442],[106.35987,22.35887],[106.37815,22.36135],[106.39486,22.37337],[106.41043,22.37065],[106.42476,22.36037],[106.43559,22.36464],[106.43756,22.36387],[106.44332,22.36021],[106.4467,22.35898],[106.46416,22.36054],[106.48707,22.37148],[106.48788,22.37566],[106.48099,22.38008],[106.48793,22.38569],[106.48285,22.39159],[106.49203,22.39677],[106.49197,22.40316],[106.50295,22.4048],[106.51714,22.39973],[106.52896,22.40925],[106.53451,22.41987],[106.56248,22.42422],[106.56997,22.40497],[106.57156,22.40304],[106.57435,22.40032],[106.57565,22.39887],[106.58307,22.39596],[106.58392,22.39419],[106.58426,22.39066],[106.58359,22.38804],[106.58254,22.3862],[106.58168,22.38436],[106.58329,22.37872],[106.58137,22.37638],[106.57934,22.37422],[106.57812,22.37292],[106.55982,22.36527],[106.55887,22.34826],[106.56619,22.3441],[106.56784,22.34322],[106.57462,22.34638],[106.57987,22.3407],[106.58727,22.34382],[106.5997,22.33893],[106.61243,22.3401],[106.61713,22.33406],[106.63362,22.34021],[106.64592,22.34087],[106.65686,22.3347],[106.65726,22.31932],[106.66554,22.30934],[106.66482,22.28738],[106.66561,22.28604],[106.66672,22.28528],[106.66845,22.28497],[106.67027,22.28549],[106.67366,22.28639],[106.67524,22.28627],[106.68039,22.28155],[106.68861,22.28007],[106.68898,22.27845],[106.68896,22.27412],[106.68306,22.26615],[106.68811,22.25807],[106.68776,22.2513],[106.69975,22.22059],[106.69842,22.22033],[106.69732,22.2198],[106.69667,22.21897],[106.6964,22.2176],[106.69674,22.21365],[106.69677,22.2112],[106.69585,22.209],[106.69351,22.20688],[106.68996,22.20512],[106.6861,22.20433],[106.68315,22.20465],[106.67881,22.20583],[106.67666,22.19374],[106.6689,22.18533],[106.67381,22.18083],[106.67728,22.17137],[106.68448,22.16577],[106.69142,22.16334],[106.7009,22.16456],[106.70186,22.16412],[106.7028,22.16265],[106.70413,22.16091],[106.70461,22.15926],[106.70447,22.15743],[106.70408,22.15639],[106.69524,22.15477],[106.6943,22.14979],[106.69355,22.14511],[106.68812,22.13853],[106.69207,22.13412],[106.69069,22.12137],[106.69373,22.11148],[106.70713,22.10313],[106.71074,22.09657],[106.70382,22.08399],[106.70427,22.06718],[106.69536,22.05501],[106.69542,22.04422],[106.70298,22.03923],[106.70578,22.02583],[106.6811,22.00318],[106.68237,21.98421],[106.69286,21.9738],[106.69,21.96517],[106.69726,21.96169],[106.70623,21.975],[106.71727,21.97499],[106.72549,21.98358],[106.72624,21.9854],[106.72674,21.98902],[106.72738,21.99381],[106.73494,22.00237],[106.73628,22.00841],[106.76325,22.01365],[106.78338,22.00336],[106.78646,21.99117],[106.7941,21.99381],[106.79696,21.98278],[106.80096,21.98288],[106.80782,21.97527],[106.83076,21.97595],[106.83129,21.98342],[106.83213,21.98422],[106.83238,21.98464],[106.83376,21.98492],[106.84485,21.98187],[106.84678,21.98238],[106.84955,21.98343],[106.85237,21.98387],[106.87759,21.98269],[106.90129,21.97299],[106.916,21.97621],[106.92173,21.96456],[106.92032,21.95448],[106.92676,21.94288],[106.92891,21.93161],[106.94945,21.93234],[106.95341,21.92506],[106.9593,21.92104],[106.97629,21.92735],[106.98892,21.95163],[106.99936,21.94685],[107.01843,21.94643],[107.02485,21.93865],[107.03252,21.93772],[107.03379,21.93663],[107.03586,21.93385],[107.03735,21.9326],[107.04304,21.93104],[107.04561,21.93032],[107.04694,21.92909],[107.05483,21.91781],[107.06137,21.8959],[107.05102,21.88355],[107.0388,21.87982],[107.02887,21.86997],[107.01501,21.86267],[107.00405,21.84915],[107.00268,21.83565],[107.00314,21.83312],[107.0058,21.83039],[107.0078,21.82831],[107.01674,21.82682],[107.02738,21.81878],[107.04031,21.81378],[107.08167,21.80983],[107.08855,21.80111],[107.09918,21.79551],[107.10995,21.79463],[107.12064,21.78089],[107.13215,21.77633],[107.13804,21.76401],[107.15775,21.75847],[107.16347,21.75155],[107.1703,21.75329],[107.17351,21.74987],[107.18455,21.7472],[107.19087,21.73615],[107.19366,21.73525],[107.19529,21.73454],[107.19582,21.73379],[107.19654,21.7219],[107.22038,21.70898],[107.24575,21.70699],[107.24689,21.70933],[107.24828,21.71539],[107.24968,21.71904],[107.25499,21.72447],[107.25977,21.72802],[107.26553,21.73155],[107.26849,21.73277],[107.27379,21.73419],[107.28557,21.7338],[107.2956,21.74335],[107.29843,21.74348],[107.30062,21.74271],[107.31018,21.72836],[107.31947,21.72573],[107.31792,21.71685],[107.32281,21.70686],[107.32427,21.70589],[107.33089,21.7014],[107.33281,21.69851],[107.33371,21.69385],[107.3358,21.69032],[107.34577,21.68451],[107.3443,21.67707],[107.3463,21.6755],[107.35087,21.67348],[107.3536,21.67155],[107.35516,21.66975],[107.3561,21.66739],[107.35729,21.66502],[107.36281,21.64201],[107.36254,21.64064],[107.36145,21.6379],[107.35976,21.6358],[107.35463,21.63295],[107.35313,21.63131],[107.35288,21.62958],[107.35285,21.62936],[107.35291,21.62558],[107.35829,21.62051],[107.3557,21.60712],[107.35587,21.60581],[107.35837,21.60272],[107.36058,21.6017],[107.35885,21.59871],[107.33424,21.5892],[107.32174,21.59481],[107.31046,21.59216],[107.30658,21.59688],[107.29338,21.59425],[107.28842,21.58333],[107.28699,21.58186],[107.28372,21.58077],[107.28268,21.57983],[107.282,21.57703],[107.28223,21.57141],[107.28202,21.57016],[107.28116,21.56844],[107.27896,21.56638],[107.274,21.56406],[107.27119,21.56368],[107.25657,21.56417],[107.2471,21.55863],[107.24416,21.54977],[107.23089,21.55496],[107.22923,21.55487],[107.22646,21.55335],[107.22467,21.5529],[107.21927,21.55458],[107.20326,21.54309],[107.20905,21.53315],[107.21923,21.52734],[107.22028,21.525],[107.22068,21.52177],[107.2213,21.52057],[107.23101,21.52109],[107.23641,21.50681],[107.2356,21.50377],[107.2351,21.50014],[107.23537,21.49691],[107.24409,21.48317],[107.23912,21.47547],[107.23767,21.46245],[107.24341,21.44364],[107.24303,21.43915],[107.24249,21.43658],[107.24681,21.42601],[107.24934,21.42425],[107.25279,21.42268],[107.25438,21.42036],[107.25513,21.41596],[107.25557,21.41146],[107.25734,21.40685],[107.25934,21.40405],[107.26176,21.4023],[107.26265,21.40056],[107.25084,21.36842],[107.23847,21.36624],[107.23334,21.37439],[107.21505,21.38959],[107.21372,21.38961],[107.20973,21.38875],[107.20772,21.38768],[107.20522,21.38437],[107.20246,21.38077],[107.20066,21.3795],[107.18388,21.37624],[107.16789,21.3644],[107.15566,21.36895],[107.14289,21.36644],[107.14117,21.36752],[107.13916,21.37012],[107.13704,21.37129],[107.13337,21.37182],[107.12898,21.37121],[107.1252,21.37087],[107.12062,21.37217],[107.11423,21.37483],[107.10926,21.37643],[107.10202,21.37728],[107.09701,21.37648],[107.09546,21.37488],[107.09375,21.36257],[107.09331,21.3599],[107.09011,21.35774],[107.08335,21.35534],[107.08088,21.35375],[107.07858,21.34995],[107.07661,21.34787],[107.05823,21.34676],[107.04883,21.33139],[107.02989,21.3243],[107.02223,21.33084],[107.01324,21.3449],[106.98752,21.35964],[106.99028,21.38226],[106.98879,21.38563],[106.9849,21.39227],[106.98413,21.39562],[106.98398,21.39916],[106.98411,21.40183],[106.9866,21.40458],[106.98961,21.40827],[106.99005,21.41084],[106.98999,21.41352],[106.99033,21.4161],[107.00164,21.42227],[106.98933,21.43312],[106.98885,21.43513],[106.98747,21.4384],[106.98586,21.44014],[106.96662,21.43664],[106.95277,21.42438],[106.94159,21.43569],[106.9305,21.43094],[106.92562,21.44017],[106.91337,21.432],[106.91122,21.43174],[106.90847,21.43253],[106.88966,21.45387],[106.8894,21.45722],[106.89046,21.46027],[106.89641,21.46447],[106.89922,21.46831],[106.89957,21.47174],[106.89823,21.47463],[106.89412,21.47668],[106.89047,21.47902],[106.88468,21.49328],[106.87218,21.49772],[106.84109,21.49582],[106.83787,21.51312],[106.84817,21.51777],[106.84843,21.51937],[106.84811,21.52258],[106.84931,21.52532],[106.85823,21.52368],[106.86078,21.52651],[106.86316,21.52981],[106.8635,21.53273],[106.86304,21.53526],[106.86031,21.53736],[106.85635,21.5397],[106.85312,21.54048],[106.85052,21.54092],[106.84206,21.55917],[106.82107,21.56399],[106.8002,21.56183],[106.7821,21.57731],[106.75935,21.5723],[106.7545,21.56786],[106.75395,21.5649],[106.75454,21.56279],[106.75633,21.55905],[106.75771,21.55473],[106.75652,21.54958],[106.75534,21.54453],[106.75409,21.54263],[106.75061,21.5418],[106.7459,21.54147],[106.74182,21.54209],[106.7247,21.55575],[106.71946,21.55826],[106.71373,21.56006],[106.70895,21.56183],[106.69825,21.57284],[106.70043,21.59365],[106.66778,21.60784],[106.65326,21.6044],[106.64393,21.60672],[106.64193,21.60588],[106.63514,21.60258],[106.63223,21.60246],[106.6129,21.60831],[106.59065,21.6],[106.56906,21.60242],[106.5675,21.60065],[106.56402,21.59717],[106.55409,21.59403],[106.54992,21.5836],[106.54797,21.5809],[106.54373,21.57814],[106.54203,21.57672],[106.54116,21.57436],[106.54021,21.57186],[106.53694,21.56709],[106.52614,21.56052],[106.52022,21.5367],[106.50663,21.52643],[106.50592,21.52428],[106.50589,21.52192],[106.50716,21.51811],[106.51761,21.49923],[106.51636,21.49623],[106.51332,21.49195],[106.49255,21.48303],[106.48081,21.45066],[106.47198,21.4488],[106.46322,21.43769],[106.45985,21.43815],[106.45459,21.4402],[106.45229,21.44051],[106.44376,21.43736],[106.43593,21.44316],[106.43023,21.43948],[106.41704,21.43838],[106.40346,21.42759],[106.40412,21.4245],[106.40547,21.42155],[106.40737,21.4201],[106.41165,21.41863],[106.41308,21.41697],[106.41374,21.4136],[106.41394,21.40994],[106.41316,21.40829],[106.41084,21.40702],[106.40601,21.40556],[106.40309,21.40501],[106.40011,21.40575],[106.39729,21.40635],[106.3943,21.40623],[106.39168,21.40439],[106.38913,21.40161],[106.38504,21.39878],[106.38212,21.3978],[106.37874,21.39646],[106.37551,21.39534],[106.36575,21.39944],[106.36399,21.39945],[106.35976,21.39741],[106.35716,21.397],[106.34449,21.40169],[106.33759,21.4006],[106.3229,21.41061],[106.32953,21.44052],[106.32596,21.44796],[106.31392,21.44851],[106.30844,21.45276],[106.30757,21.45257],[106.30439,21.45053],[106.30295,21.44936],[106.30265,21.44444],[106.30208,21.44367],[106.30075,21.44321],[106.29978,21.44307],[106.29468,21.44396],[106.29273,21.44433],[106.29076,21.44519],[106.28228,21.4526],[106.28423,21.49183],[106.28213,21.49244],[106.27308,21.49448],[106.27148,21.49437],[106.2601,21.49189],[106.25901,21.49112],[106.25784,21.48904],[106.25605,21.48833],[106.24065,21.48731],[106.23542,21.4953],[106.20722,21.49844],[106.16902,21.51215],[106.16706,21.51575],[106.16618,21.52092],[106.16809,21.53651],[106.16739,21.53804],[106.16618,21.53977],[106.16548,21.54207],[106.16571,21.54494],[106.16767,21.54741],[106.16871,21.54979],[106.16536,21.57793],[106.16765,21.5956],[106.18254,21.60467],[106.19487,21.61901],[106.19437,21.63278],[106.18946,21.64253],[106.18949,21.64613],[106.19052,21.64877],[106.19523,21.65177],[106.20107,21.65438],[106.20732,21.66832],[106.21187,21.67065],[106.21587,21.67177],[106.21788,21.67326],[106.22183,21.6784],[106.22323,21.68032],[106.22518,21.6935],[106.2347,21.7125],[106.23598,21.71787],[106.23585,21.72124],[106.23368,21.72778],[106.23178,21.72945],[106.22796,21.73134],[106.22443,21.73237],[106.22175,21.73225],[106.21874,21.72997],[106.21604,21.72856],[106.21428,21.72879],[106.19553,21.73609],[106.19168,21.74358],[106.17833,21.7436],[106.17627,21.74491],[106.17353,21.74815],[106.17109,21.75068],[106.14877,21.76202],[106.13307,21.78622],[106.13161,21.78616],[106.12146,21.78372],[106.116,21.78304],[106.1134,21.78349],[106.11133,21.78479],[106.10518,21.79351],[106.10428,21.80621],[106.09751,21.814],[106.0947,21.81882],[106.09372,21.82105],[106.09412,21.82284],[106.09684,21.8272],[106.09932,21.83062],[106.10564,21.83294],[106.10619,21.83452],[106.10645,21.83817],[106.10754,21.84025],[106.11601,21.84334],[106.1094,21.8525],[106.10912,21.85623],[106.10917,21.86182],[106.10957,21.86433],[106.11128,21.86689],[106.11299,21.86975],[106.1137,21.8724],[106.11203,21.89146],[106.12568,21.90064],[106.12731,21.90314],[106.12779,21.9055],[106.12585,21.91297],[106.1271,21.91497],[106.12941,21.91653],[106.1302,21.91832],[106.13022,21.92112],[106.12916,21.92363],[106.12695,21.92544],[106.12203,21.92533],[106.11995,21.92542],[106.09591,21.93914],[106.10624,21.94586],[106.10851,21.94826],[106.10871,21.95164],[106.10707,21.95334],[106.10575,21.95364],[106.10198,21.95338],[106.09929,21.95325],[106.09768,21.95405],[106.09654,21.95542],[106.09648,21.95786],[106.09781,21.96051],[106.10267,21.96305],[106.10706,21.96374],[106.10929,21.96365],[106.11075,21.96422],[106.11283,21.99339],[106.10757,22.00038],[106.10694,22.02249],[106.09603,22.02943],[106.09502,22.031],[106.09421,22.03357],[106.10025,22.04458],[106.09606,22.06546],[106.10375,22.07366],[106.11245,22.07223],[106.1209,22.08627],[106.1553,22.08316],[106.16045,22.10129],[106.16779,22.11247],[106.18368,22.11941],[106.1796,22.12995],[106.18863,22.14333],[106.19666,22.14488],[106.21376,22.1643],[106.23107,22.17779],[106.2213,22.19113],[106.21993,22.1952],[106.21939,22.2001],[106.21931,22.20518],[106.2201,22.20787],[106.22421,22.21512],[106.23524,22.22257],[106.24485,22.25637],[106.24329,22.26863],[106.23445,22.27856],[106.22318,22.28199],[106.22005,22.29074],[106.21151,22.2902],[106.20627,22.30064],[106.20429,22.30209],[106.20154,22.30408],[106.19989,22.30642],[106.19857,22.30918],[106.19769,22.31164],[106.19765,22.31415],[106.19819,22.31791],[106.19945,22.32244],[106.20234,22.32923],[106.20554,22.33542],[106.20801,22.33928],[106.21794,22.35116],[106.21701,22.35475],[106.21626,22.35744],[106.20854,22.36372],[106.20785,22.36581],[106.20698,22.36851],[106.20628,22.36983],[106.20399,22.37158],[106.20034,22.37431],[106.19807,22.37564],[106.1892,22.3772],[106.18352,22.38715],[106.19181,22.4176],[106.21712,22.45491],[106.23738,22.46092],[106.24108,22.46068],[106.24901,22.45825],[106.25208,22.45658],[106.25644,22.45303]]]],"type":"MultiPolygon"},"id":"tinh34.5","properties":{"matinh":"11","name":"Lạng Sơn","atlasId":9},"type":"Feature"}]}